Gene1,Gene2,Score
ENSG00000138029,ENSG00000084754,0.99998
ENSG00000012048,ENSG00000138376,0.999934
ENSG00000196419,ENSG00000079246,0.999997
ENSG00000103197,ENSG00000165699,0.999014
ENSG00000177606,ENSG00000170345,0.999492
ENSG00000141510,ENSG00000135679,1
ENSG00000101266,ENSG00000070770,0.999769
ENSG00000110092,ENSG00000135446,0.999182
ENSG00000166949,ENSG00000141646,0.999702
ENSG00000137312,ENSG00000132589,0.999658
ENSG00000169032,ENSG00000102882,0.999535
ENSG00000198909,ENSG00000161011,0.999308
ENSG00000122705,ENSG00000141367,0.999515
ENSG00000109320,ENSG00000100906,0.999083
ENSG00000175387,ENSG00000141646,0.999954
ENSG00000136997,ENSG00000125952,0.999132
ENSG00000082701,ENSG00000103126,0.999643
ENSG00000156976,ENSG00000161960,0.999931
ENSG00000116478,ENSG00000196591,0.999977
ENSG00000096717,ENSG00000141510,0.999607
ENSG00000137076,ENSG00000035403,0.999146
ENSG00000168040,ENSG00000064012,0.999447
ENSG00000175104,ENSG00000198909,0.999109
ENSG00000134982,ENSG00000103126,0.999752
ENSG00000039068,ENSG00000168036,0.999914
ENSG00000134982,ENSG00000168036,0.9999
ENSG00000117748,ENSG00000132383,0.999403
ENSG00000096717,ENSG00000100393,0.999151
ENSG00000127616,ENSG00000099956,0.999987
ENSG00000080503,ENSG00000073584,0.999871
ENSG00000124762,ENSG00000123374,0.999554
ENSG00000118260,ENSG00000177606,0.999809
ENSG00000168036,ENSG00000044115,0.999634
ENSG00000173801,ENSG00000039068,0.999873
ENSG00000160691,ENSG00000177885,0.999801
ENSG00000197122,ENSG00000146648,0.999119
ENSG00000146648,ENSG00000141736,0.999422
ENSG00000100030,ENSG00000169032,0.999923
ENSG00000050820,ENSG00000099942,0.999375
ENSG00000169083,ENSG00000204209,0.999056
ENSG00000103275,ENSG00000169083,0.999448
ENSG00000110330,ENSG00000127191,0.99972
ENSG00000173039,ENSG00000116478,0.999203
ENSG00000146648,ENSG00000177885,0.99944
ENSG00000160691,ENSG00000146648,0.999568
ENSG00000102882,ENSG00000105974,0.999101
ENSG00000146648,ENSG00000105974,0.999152
ENSG00000166949,ENSG00000175387,0.999642
ENSG00000168036,ENSG00000103126,0.999542
ENSG00000104365,ENSG00000269335,0.999585
ENSG00000100906,ENSG00000104365,0.999028
ENSG00000269335,ENSG00000213341,0.999592
ENSG00000198909,ENSG00000108953,0.99947
ENSG00000198909,ENSG00000105401,0.999207
ENSG00000113558,ENSG00000166167,0.999864
ENSG00000198909,ENSG00000080824,0.999554
ENSG00000213341,ENSG00000104365,0.999947
ENSG00000121481,ENSG00000178691,0.999983
ENSG00000121481,ENSG00000141570,0.999884
ENSG00000103197,ENSG00000100030,0.999007
ENSG00000139842,ENSG00000111530,0.999794
ENSG00000158290,ENSG00000111530,0.999706
ENSG00000169016,ENSG00000106462,0.999053
ENSG00000100387,ENSG00000055130,0.999917
ENSG00000108055,ENSG00000123374,0.999133
ENSG00000139180,ENSG00000213619,0.999753
ENSG00000161011,ENSG00000150991,0.999003
ENSG00000102054,ENSG00000106462,0.999956
ENSG00000158290,ENSG00000043093,0.999988
ENSG00000121481,ENSG00000183337,0.999491
ENSG00000100393,ENSG00000141510,0.999889
ENSG00000123374,ENSG00000072501,0.99926
ENSG00000043093,ENSG00000055130,0.99999
ENSG00000121022,ENSG00000168090,0.999497
ENSG00000178691,ENSG00000113648,0.999797
ENSG00000141570,ENSG00000168283,0.999582
ENSG00000134686,ENSG00000168283,0.999302
ENSG00000073584,ENSG00000127616,0.999974
ENSG00000141646,ENSG00000112742,0.999434
ENSG00000173473,ENSG00000099956,0.999993
ENSG00000108094,ENSG00000134086,0.999999
ENSG00000164754,ENSG00000072501,0.999964
ENSG00000173801,ENSG00000134982,0.99965
ENSG00000121481,ENSG00000115289,0.999606
ENSG00000055130,ENSG00000113558,0.999753
ENSG00000196363,ENSG00000118260,0.999228
ENSG00000074266,ENSG00000106462,0.999889
ENSG00000110330,ENSG00000184047,0.999606
ENSG00000108094,ENSG00000043093,0.99999
ENSG00000177889,ENSG00000103266,0.999934
ENSG00000166266,ENSG00000043093,0.999991
ENSG00000121481,ENSG00000168283,0.999848
ENSG00000168283,ENSG00000143569,0.999129
ENSG00000055130,ENSG00000166167,0.999876
ENSG00000106462,ENSG00000178691,0.999894
ENSG00000177606,ENSG00000100393,0.999611
ENSG00000108094,ENSG00000111530,0.999857
ENSG00000132155,ENSG00000100030,0.999
ENSG00000213341,ENSG00000127191,0.999477
ENSG00000169032,ENSG00000149269,0.999234
ENSG00000149269,ENSG00000166333,0.999665
ENSG00000099284,ENSG00000178691,0.999792
ENSG00000100387,ENSG00000134086,0.999875
ENSG00000121481,ENSG00000134686,0.999467
ENSG00000168283,ENSG00000204227,0.999619
ENSG00000171552,ENSG00000165637,0.999015
ENSG00000043093,ENSG00000036257,0.99999
ENSG00000121481,ENSG00000196591,0.999367
ENSG00000113648,ENSG00000121481,0.999689
ENSG00000074266,ENSG00000121481,0.999985
ENSG00000168036,ENSG00000101665,0.999252
ENSG00000196591,ENSG00000185787,0.999397
ENSG00000118260,ENSG00000100393,0.999351
ENSG00000106462,ENSG00000162521,0.999882
ENSG00000035403,ENSG00000168036,0.999505
ENSG00000107643,ENSG00000177606,0.999725
ENSG00000074266,ENSG00000196591,0.999259
ENSG00000139842,ENSG00000113851,0.999317
ENSG00000104365,ENSG00000127191,0.999389
ENSG00000204227,ENSG00000121481,0.999887
ENSG00000141564,ENSG00000198793,0.999788
ENSG00000171346,ENSG00000185640,0.999646
ENSG00000147274,ENSG00000165119,0.999503
ENSG00000204435,ENSG00000101266,0.999805
ENSG00000067369,ENSG00000141510,0.999505
ENSG00000100519,ENSG00000165916,0.999066
ENSG00000101945,ENSG00000122565,0.999927
ENSG00000142192,ENSG00000080815,0.999639
ENSG00000108468,ENSG00000101945,0.999806
ENSG00000108106,ENSG00000134086,0.999993
ENSG00000141510,ENSG00000004487,0.999084
ENSG00000132604,ENSG00000188486,0.999593
ENSG00000066117,ENSG00000173473,0.999962
ENSG00000111725,ENSG00000162409,0.999427
ENSG00000185359,ENSG00000074319,0.999765
ENSG00000129084,ENSG00000179455,0.999121
ENSG00000162961,ENSG00000129691,0.999123
ENSG00000124762,ENSG00000135446,0.999431
ENSG00000131711,ENSG00000172531,0.999427
ENSG00000117748,ENSG00000106399,0.99965
ENSG00000106588,ENSG00000041357,0.999366
ENSG00000099783,ENSG00000169045,0.999385
ENSG00000156976,ENSG00000114867,0.999471
ENSG00000134371,ENSG00000006712,0.999963
ENSG00000188313,ENSG00000099942,0.999366
ENSG00000165119,ENSG00000104897,0.99956
ENSG00000099995,ENSG00000183431,0.999735
ENSG00000183337,ENSG00000115289,0.999914
ENSG00000254772,ENSG00000114942,0.999979
ENSG00000124762,ENSG00000132646,0.999932
ENSG00000145604,ENSG00000055130,0.999974
ENSG00000108953,ENSG00000164924,0.999602
ENSG00000185627,ENSG00000175166,0.999982
ENSG00000187555,ENSG00000141510,0.999136
ENSG00000169217,ENSG00000174231,0.999931
ENSG00000116062,ENSG00000095002,0.999947
ENSG00000173473,ENSG00000127616,0.999986
ENSG00000101945,ENSG00000116478,0.999806
ENSG00000196591,ENSG00000101945,0.999816
ENSG00000204843,ENSG00000094631,0.99931
ENSG00000096401,ENSG00000099783,0.999127
ENSG00000198909,ENSG00000100030,0.99919
ENSG00000166848,ENSG00000132604,0.999471
ENSG00000145335,ENSG00000142192,0.999138
ENSG00000142192,ENSG00000143801,0.999591
ENSG00000131196,ENSG00000177606,0.999334
ENSG00000175166,ENSG00000100764,0.999795
ENSG00000197079,ENSG00000170454,0.999954
ENSG00000105618,ENSG00000125835,0.999721
ENSG00000100030,ENSG00000099942,0.99924
ENSG00000111057,ENSG00000185640,0.999907
ENSG00000070770,ENSG00000204435,0.99964
ENSG00000118260,ENSG00000141510,0.999249
ENSG00000113368,ENSG00000160789,0.999829
ENSG00000167792,ENSG00000165637,0.99946
ENSG00000162521,ENSG00000116478,0.999983
ENSG00000162231,ENSG00000213024,0.999032
ENSG00000204852,ENSG00000168778,0.999039
ENSG00000161960,ENSG00000114867,0.999749
ENSG00000100603,ENSG00000063244,0.999696
ENSG00000108883,ENSG00000174231,0.999861
ENSG00000143368,ENSG00000087365,0.999561
ENSG00000204209,ENSG00000141510,0.999391
ENSG00000101945,ENSG00000096717,0.999944
ENSG00000198909,ENSG00000075711,0.99948
ENSG00000114107,ENSG00000124074,0.99901
ENSG00000122565,ENSG00000130726,0.9997
ENSG00000144566,ENSG00000122126,0.999226
ENSG00000171346,ENSG00000277586,0.999565
ENSG00000105618,ENSG00000147274,0.999528
ENSG00000180900,ENSG00000168036,0.99919
ENSG00000100387,ENSG00000145604,0.999965
ENSG00000141510,ENSG00000183765,0.999514
ENSG00000176619,ENSG00000113368,0.999988
ENSG00000113558,ENSG00000145604,0.999956
ENSG00000044115,ENSG00000173801,0.999845
ENSG00000087586,ENSG00000104695,0.999057
ENSG00000106588,ENSG00000129084,0.999687
ENSG00000101945,ENSG00000132275,0.999389
ENSG00000275714,ENSG00000122565,0.999678
ENSG00000179455,ENSG00000100109,0.999492
ENSG00000100567,ENSG00000041357,0.99944
ENSG00000136146,ENSG00000141026,0.999105
ENSG00000196504,ENSG00000131051,0.999366
ENSG00000141510,ENSG00000112592,0.999703
ENSG00000087365,ENSG00000144028,0.999276
ENSG00000137309,ENSG00000168148,0.999316
ENSG00000147162,ENSG00000172534,0.999158
ENSG00000105048,ENSG00000140416,0.999375
ENSG00000138100,ENSG00000124074,0.999037
ENSG00000051180,ENSG00000141510,0.999484
ENSG00000100603,ENSG00000100138,0.999702
ENSG00000130520,ENSG00000182004,0.999017
ENSG00000100567,ENSG00000159377,0.999594
ENSG00000029725,ENSG00000144566,0.999638
ENSG00000100567,ENSG00000129084,0.999831
ENSG00000131469,ENSG00000114391,0.999324
ENSG00000110107,ENSG00000174231,0.999348
ENSG00000174231,ENSG00000144028,0.999968
ENSG00000088986,ENSG00000146425,0.999099
ENSG00000141367,ENSG00000122126,0.999612
ENSG00000129245,ENSG00000102081,0.999047
ENSG00000065978,ENSG00000135829,0.999444
ENSG00000108094,ENSG00000100387,0.999991
ENSG00000181222,ENSG00000101413,0.999946
ENSG00000103275,ENSG00000141510,0.999528
ENSG00000147140,ENSG00000116560,0.999963
ENSG00000174231,ENSG00000143368,0.999362
ENSG00000123416,ENSG00000258947,0.999158
ENSG00000141510,ENSG00000082898,0.999489
ENSG00000087365,ENSG00000174231,0.999206
ENSG00000118058,ENSG00000129691,0.999989
ENSG00000108883,ENSG00000125835,0.999222
ENSG00000105618,ENSG00000179455,0.999499
ENSG00000072501,ENSG00000108055,0.999584
ENSG00000149480,ENSG00000116478,0.999973
ENSG00000130726,ENSG00000094916,0.999133
ENSG00000167987,ENSG00000185359,0.99949
ENSG00000102081,ENSG00000114416,0.999627
ENSG00000171346,ENSG00000170454,0.999668
ENSG00000131462,ENSG00000082701,0.999153
ENSG00000104722,ENSG00000277586,0.99998
ENSG00000066117,ENSG00000099956,0.99969
ENSG00000074266,ENSG00000178691,0.999986
ENSG00000203852,ENSG00000168148,0.999475
ENSG00000116478,ENSG00000102054,0.99994
ENSG00000275713,ENSG00000113648,0.999337
ENSG00000100028,ENSG00000125835,0.999931
ENSG00000185069,ENSG00000094796,0.999891
ENSG00000104897,ENSG00000135486,0.999509
ENSG00000168036,ENSG00000089159,0.999485
ENSG00000164754,ENSG00000101972,0.999749
ENSG00000186298,ENSG00000141510,0.999558
ENSG00000196363,ENSG00000172534,0.999814
ENSG00000044115,ENSG00000035403,0.999607
ENSG00000096717,ENSG00000141027,0.999381
ENSG00000140575,ENSG00000168036,0.999342
ENSG00000138668,ENSG00000165119,0.999644
ENSG00000102054,ENSG00000149480,0.999677
ENSG00000132155,ENSG00000099942,0.999215
ENSG00000118058,ENSG00000196363,0.999956
ENSG00000185640,ENSG00000131737,0.999783
ENSG00000168283,ENSG00000106462,0.999861
ENSG00000135486,ENSG00000170144,0.999867
ENSG00000094796,ENSG00000131095,0.999251
ENSG00000111057,ENSG00000171346,0.999924
ENSG00000176619,ENSG00000160789,0.999879
ENSG00000104529,ENSG00000254772,0.999976
ENSG00000165527,ENSG00000206450,0.99937
ENSG00000104897,ENSG00000125835,0.999835
ENSG00000169564,ENSG00000165119,0.999265
ENSG00000134982,ENSG00000101367,0.999311
ENSG00000170454,ENSG00000094796,0.99997
ENSG00000108055,ENSG00000164754,0.999891
ENSG00000141510,ENSG00000116478,0.999529
ENSG00000043093,ENSG00000123091,0.999978
ENSG00000131095,ENSG00000171346,0.999943
ENSG00000204889,ENSG00000185069,0.999693
ENSG00000100804,ENSG00000100567,0.999844
ENSG00000167986,ENSG00000158290,0.999878
ENSG00000185640,ENSG00000197079,0.999696
ENSG00000100902,ENSG00000100567,0.99972
ENSG00000139842,ENSG00000167986,0.99995
ENSG00000170454,ENSG00000131737,0.999726
ENSG00000185627,ENSG00000100567,0.999837
ENSG00000097007,ENSG00000099942,0.999131
ENSG00000161057,ENSG00000175166,0.999695
ENSG00000131828,ENSG00000152256,0.999638
ENSG00000104897,ENSG00000077312,0.999436
ENSG00000145425,ENSG00000164587,0.999769
ENSG00000092199,ENSG00000087365,0.999877
ENSG00000124074,ENSG00000080561,0.999073
ENSG00000145335,ENSG00000148798,0.999896
ENSG00000143549,ENSG00000105048,0.999733
ENSG00000132604,ENSG00000196419,0.999165
ENSG00000189091,ENSG00000108883,0.999766
ENSG00000184678,ENSG00000203852,0.999212
ENSG00000171345,ENSG00000185640,0.999622
ENSG00000169045,ENSG00000125835,0.999445
ENSG00000080815,ENSG00000143801,0.999086
ENSG00000167987,ENSG00000074319,0.999559
ENSG00000101210,ENSG00000104529,0.999694
ENSG00000170454,ENSG00000204889,0.999783
ENSG00000204889,ENSG00000166579,0.999702
ENSG00000197102,ENSG00000146425,0.999707
ENSG00000104897,ENSG00000189091,0.999876
ENSG00000165637,ENSG00000213585,0.999828
ENSG00000167768,ENSG00000197079,0.999891
ENSG00000122566,ENSG00000165119,0.999926
ENSG00000196498,ENSG00000141027,0.999564
ENSG00000183431,ENSG00000189091,0.999815
ENSG00000104897,ENSG00000122566,0.999151
ENSG00000020922,ENSG00000188486,0.999592
ENSG00000135486,ENSG00000122566,0.999948
ENSG00000156482,ENSG00000142534,0.999451
ENSG00000108654,ENSG00000104897,0.999604
ENSG00000149480,ENSG00000170004,0.999717
ENSG00000067369,ENSG00000188486,0.999637
ENSG00000111642,ENSG00000116478,0.999882
ENSG00000143569,ENSG00000129245,0.999078
ENSG00000110700,ENSG00000171863,0.999311
ENSG00000185640,ENSG00000094796,0.999947
ENSG00000142192,ENSG00000132535,0.999206
ENSG00000104852,ENSG00000104897,0.999488
ENSG00000114353,ENSG00000094796,0.999626
ENSG00000139613,ENSG00000099956,0.999653
ENSG00000101361,ENSG00000100138,0.999957
ENSG00000094796,ENSG00000167768,0.999687
ENSG00000143368,ENSG00000104897,0.999588
ENSG00000125835,ENSG00000144028,0.999341
ENSG00000122566,ENSG00000138668,0.999702
ENSG00000141510,ENSG00000101266,0.999711
ENSG00000170144,ENSG00000122566,0.999125
ENSG00000146047,ENSG00000184678,0.999463
ENSG00000149480,ENSG00000111642,0.999665
ENSG00000213619,ENSG00000158864,0.999634
ENSG00000184634,ENSG00000136146,0.999821
ENSG00000101972,ENSG00000108055,0.999418
ENSG00000182004,ENSG00000104897,0.99987
ENSG00000115091,ENSG00000106299,0.999182
ENSG00000108953,ENSG00000166913,0.999274
ENSG00000178209,ENSG00000148798,0.999612
ENSG00000079246,ENSG00000253729,0.999303
ENSG00000114416,ENSG00000129245,0.99904
ENSG00000073111,ENSG00000166851,0.999012
ENSG00000108883,ENSG00000143368,0.99934
ENSG00000140416,ENSG00000159251,0.99941
ENSG00000110107,ENSG00000096401,0.999435
ENSG00000123374,ENSG00000100393,0.999456
ENSG00000096401,ENSG00000104897,0.99936
ENSG00000143375,ENSG00000104067,0.999622
ENSG00000100028,ENSG00000105618,0.999456
ENSG00000150753,ENSG00000166226,0.999736
ENSG00000122566,ENSG00000092199,0.999185
ENSG00000104897,ENSG00000100028,0.999704
ENSG00000166851,ENSG00000100393,0.999015
ENSG00000186868,ENSG00000164885,0.999214
ENSG00000102974,ENSG00000164754,0.999574
ENSG00000144554,ENSG00000188486,0.999209
ENSG00000078668,ENSG00000213585,0.999525
ENSG00000198909,ENSG00000269335,0.999223
ENSG00000198909,ENSG00000109971,0.999526
ENSG00000170004,ENSG00000102054,0.999528
ENSG00000111642,ENSG00000102054,0.999563
ENSG00000104897,ENSG00000124562,0.999483
ENSG00000153187,ENSG00000138668,0.999331
ENSG00000172531,ENSG00000186298,0.999627
ENSG00000171345,ENSG00000171346,0.999925
ENSG00000185627,ENSG00000087191,0.999723
ENSG00000072501,ENSG00000101972,0.999679
ENSG00000066117,ENSG00000139613,0.999934
ENSG00000102882,ENSG00000198909,0.999208
ENSG00000092199,ENSG00000096401,0.99957
ENSG00000134982,ENSG00000089159,0.999033
ENSG00000080503,ENSG00000139613,0.999618
ENSG00000066117,ENSG00000127616,0.999997
ENSG00000186468,ENSG00000122406,0.999496
ENSG00000168036,ENSG00000173801,0.999939
ENSG00000169217,ENSG00000108883,0.999562
ENSG00000100151,ENSG00000132535,0.999819
ENSG00000166598,ENSG00000044574,0.99944
ENSG00000186298,ENSG00000123374,0.999119
ENSG00000196419,ENSG00000253729,0.999914
ENSG00000185627,ENSG00000165916,0.999716
ENSG00000269335,ENSG00000125691,0.99905
ENSG00000101945,ENSG00000275714,0.999474
ENSG00000115233,ENSG00000185627,0.99983
ENSG00000174231,ENSG00000104897,0.999771
ENSG00000204843,ENSG00000144021,0.999929
ENSG00000170004,ENSG00000111642,0.999553
ENSG00000196591,ENSG00000101266,0.999686
ENSG00000026025,ENSG00000277586,0.999183
ENSG00000108883,ENSG00000104897,0.999434
ENSG00000087191,ENSG00000175166,0.999781
ENSG00000142192,ENSG00000148798,0.999832
ENSG00000165637,ENSG00000078668,0.999849
ENSG00000175387,ENSG00000177606,0.999137
ENSG00000109332,ENSG00000150991,0.999227
ENSG00000072803,ENSG00000166167,0.999653
ENSG00000101266,ENSG00000116478,0.999445
ENSG00000166851,ENSG00000072501,0.999538
ENSG00000073111,ENSG00000108055,0.999476
ENSG00000100387,ENSG00000158290,0.999989
ENSG00000166266,ENSG00000100387,0.999888
ENSG00000144021,ENSG00000106211,0.999915
ENSG00000099783,ENSG00000122566,0.99971
ENSG00000124614,ENSG00000149273,0.999171
ENSG00000100387,ENSG00000036257,0.999974
ENSG00000072501,ENSG00000073111,0.999643
ENSG00000144061,ENSG00000103494,0.999723
ENSG00000108883,ENSG00000144028,0.999658
ENSG00000100138,ENSG00000055044,0.999891
ENSG00000141510,ENSG00000123374,0.999742
ENSG00000100297,ENSG00000073111,0.999945
ENSG00000198909,ENSG00000196924,0.999472
ENSG00000072062,ENSG00000198909,0.999307
ENSG00000163466,ENSG00000035403,0.99933
ENSG00000011304,ENSG00000138668,0.999469
ENSG00000156587,ENSG00000095015,0.999085
ENSG00000152234,ENSG00000154723,0.999818
ENSG00000099942,ENSG00000107643,0.999168
ENSG00000063244,ENSG00000104897,0.999563
ENSG00000165119,ENSG00000108654,0.999729
ENSG00000152944,ENSG00000136146,0.999298
ENSG00000104897,ENSG00000147274,0.999559
ENSG00000135624,ENSG00000166226,0.999354
ENSG00000135486,ENSG00000092199,0.999878
ENSG00000135870,ENSG00000110367,0.999726
ENSG00000079785,ENSG00000065978,0.99913
ENSG00000132383,ENSG00000051180,0.999272
ENSG00000184047,ENSG00000175104,0.999265
ENSG00000152234,ENSG00000110955,0.999606
ENSG00000106588,ENSG00000100567,0.999928
ENSG00000213639,ENSG00000172531,0.999964
ENSG00000092820,ENSG00000141736,0.999217
ENSG00000125691,ENSG00000122406,0.999785
ENSG00000101336,ENSG00000099942,0.999413
ENSG00000070950,ENSG00000077721,0.999829
ENSG00000131876,ENSG00000104897,0.999789
ENSG00000132604,ENSG00000020922,0.999045
ENSG00000139842,ENSG00000043093,0.999986
ENSG00000253729,ENSG00000117748,0.999134
ENSG00000099284,ENSG00000196591,0.999206
ENSG00000104852,ENSG00000182004,0.999752
ENSG00000141543,ENSG00000136450,0.999474
ENSG00000004487,ENSG00000116478,0.999606
ENSG00000074266,ENSG00000162521,0.999792
ENSG00000104852,ENSG00000125835,0.999559
ENSG00000196591,ENSG00000084093,0.999166
ENSG00000112592,ENSG00000170345,0.999144
ENSG00000073584,ENSG00000139613,0.999845
ENSG00000141543,ENSG00000005007,0.999583
ENSG00000055044,ENSG00000105202,0.999973
ENSG00000115091,ENSG00000163466,0.999312
ENSG00000123374,ENSG00000132646,0.999478
ENSG00000132964,ENSG00000125686,0.9993
ENSG00000102054,ENSG00000178691,0.999804
ENSG00000100028,ENSG00000104852,0.999526
ENSG00000162521,ENSG00000178691,0.999883
ENSG00000122565,ENSG00000122779,0.999076
ENSG00000112592,ENSG00000177606,0.999883
ENSG00000167986,ENSG00000100387,0.999976
ENSG00000196419,ENSG00000117748,0.999154
ENSG00000073584,ENSG00000099956,0.999917
ENSG00000174444,ENSG00000122406,0.999799
ENSG00000073584,ENSG00000066117,0.999846
ENSG00000129084,ENSG00000100902,0.999624
ENSG00000196591,ENSG00000149480,0.999945
ENSG00000162521,ENSG00000170004,0.999833
ENSG00000196591,ENSG00000162521,0.999994
ENSG00000162521,ENSG00000111642,0.999783
ENSG00000162521,ENSG00000149480,0.99971
ENSG00000196591,ENSG00000102054,0.999978
ENSG00000102054,ENSG00000162521,0.999904
ENSG00000204227,ENSG00000113558,0.999828
ENSG00000101413,ENSG00000108469,0.999949
ENSG00000101413,ENSG00000047315,0.99969
ENSG00000136518,ENSG00000173473,0.999904
ENSG00000139613,ENSG00000173473,0.999962
ENSG00000080503,ENSG00000099956,0.999962
ENSG00000136518,ENSG00000099956,0.999469
ENSG00000136518,ENSG00000073584,0.999577
ENSG00000173473,ENSG00000073584,0.999989
ENSG00000129691,ENSG00000196363,0.999919
ENSG00000108468,ENSG00000162521,0.999043
ENSG00000108468,ENSG00000122565,0.999835
ENSG00000094916,ENSG00000162521,0.999957
ENSG00000108468,ENSG00000094916,0.999161
ENSG00000122565,ENSG00000094916,0.999863
ENSG00000144021,ENSG00000141551,0.999909
ENSG00000164091,ENSG00000213639,0.999874
ENSG00000196363,ENSG00000169016,0.999363
ENSG00000196591,ENSG00000170004,0.999858
ENSG00000111642,ENSG00000196591,0.999878
ENSG00000004487,ENSG00000196591,0.999647
ENSG00000131462,ENSG00000126216,0.999131
ENSG00000148798,ENSG00000115415,0.999015
ENSG00000189091,ENSG00000109606,0.999957
ENSG00000109606,ENSG00000143368,0.999099
ENSG00000109606,ENSG00000087365,0.999538
ENSG00000115524,ENSG00000109606,0.99943
ENSG00000109606,ENSG00000099995,0.999005
ENSG00000136146,ENSG00000125686,0.999896
ENSG00000136146,ENSG00000143569,0.999327
ENSG00000124641,ENSG00000136146,0.999207
ENSG00000136146,ENSG00000063322,0.99934
ENSG00000136146,ENSG00000108510,0.999811
ENSG00000136146,ENSG00000156603,0.999049
ENSG00000136146,ENSG00000132964,0.999273
ENSG00000100393,ENSG00000100297,0.999375
ENSG00000100393,ENSG00000073111,0.999636
ENSG00000100393,ENSG00000112118,0.99969
ENSG00000096401,ENSG00000183431,0.999641
ENSG00000182004,ENSG00000096401,0.999503
ENSG00000096401,ENSG00000189091,0.999522
ENSG00000108654,ENSG00000100603,0.999627
ENSG00000100603,ENSG00000115524,0.999837
ENSG00000136450,ENSG00000100603,0.999402
ENSG00000104852,ENSG00000100603,0.999744
ENSG00000165119,ENSG00000100603,0.999819
ENSG00000100028,ENSG00000100603,0.999678
ENSG00000143368,ENSG00000100603,0.99965
ENSG00000174231,ENSG00000096401,0.99987
ENSG00000147274,ENSG00000096401,0.999053
ENSG00000096401,ENSG00000131876,0.999697
ENSG00000104852,ENSG00000096401,0.999308
ENSG00000096401,ENSG00000144028,0.999263
ENSG00000096401,ENSG00000100603,0.999531
ENSG00000096401,ENSG00000153187,0.999012
ENSG00000165119,ENSG00000096401,0.999094
ENSG00000063244,ENSG00000096401,0.999306
ENSG00000096401,ENSG00000141543,0.999618
ENSG00000096401,ENSG00000099995,0.999207
ENSG00000096401,ENSG00000115524,0.999787
ENSG00000096401,ENSG00000136450,0.999242
ENSG00000096401,ENSG00000108883,0.999913
ENSG00000108654,ENSG00000096401,0.999522
ENSG00000100603,ENSG00000174231,0.999842
ENSG00000100603,ENSG00000141543,0.999275
ENSG00000100603,ENSG00000153187,0.999429
ENSG00000100603,ENSG00000092199,0.999844
ENSG00000170144,ENSG00000100603,0.999693
ENSG00000144028,ENSG00000100603,0.999848
ENSG00000196591,ENSG00000100603,0.999133
ENSG00000100603,ENSG00000189091,0.999875
ENSG00000100603,ENSG00000147274,0.999828
ENSG00000100603,ENSG00000099995,0.999889
ENSG00000100603,ENSG00000109606,0.999701
ENSG00000100603,ENSG00000135486,0.99981
ENSG00000100603,ENSG00000108883,0.999851
ENSG00000100603,ENSG00000183431,0.999635
ENSG00000167862,ENSG00000147586,0.999183
ENSG00000174547,ENSG00000167862,0.999882
ENSG00000106028,ENSG00000167862,0.999078
ENSG00000164924,ENSG00000166913,0.999019
ENSG00000213619,ENSG00000140990,0.999205
ENSG00000167792,ENSG00000213619,0.999599
ENSG00000115286,ENSG00000213619,0.999741
ENSG00000115286,ENSG00000139180,0.999794
ENSG00000115286,ENSG00000158864,0.999673
ENSG00000139180,ENSG00000167792,0.999603
ENSG00000158864,ENSG00000139180,0.999617
ENSG00000140990,ENSG00000139180,0.999328
ENSG00000158864,ENSG00000167792,0.999347
ENSG00000096717,ENSG00000177606,0.999692
ENSG00000143569,ENSG00000177606,0.999665
ENSG00000080503,ENSG00000173473,0.999954
ENSG00000152234,ENSG00000005022,0.999678
ENSG00000005022,ENSG00000110955,0.99973
ENSG00000177606,ENSG00000132341,0.999053
ENSG00000177606,ENSG00000140988,0.999193
ENSG00000177606,ENSG00000116478,0.999854
ENSG00000177606,ENSG00000111642,0.999777
ENSG00000177606,ENSG00000168148,0.999645
ENSG00000082898,ENSG00000177606,0.999445
ENSG00000177606,ENSG00000101266,0.9999
ENSG00000177606,ENSG00000186298,0.999409
ENSG00000131051,ENSG00000177606,0.999208
ENSG00000253729,ENSG00000177606,0.999058
ENSG00000099942,ENSG00000177606,0.999057
ENSG00000177606,ENSG00000115233,0.999053
ENSG00000177606,ENSG00000165119,0.999334
ENSG00000177606,ENSG00000130726,0.999229
ENSG00000143799,ENSG00000177606,0.999015
ENSG00000177606,ENSG00000100603,0.999565
ENSG00000132646,ENSG00000177606,0.999081
ENSG00000073111,ENSG00000177606,0.999309
ENSG00000072501,ENSG00000177606,0.999358
ENSG00000099284,ENSG00000177606,0.999605
ENSG00000177606,ENSG00000004487,0.999761
ENSG00000122565,ENSG00000177606,0.999716
ENSG00000168148,ENSG00000118260,0.999585
ENSG00000141510,ENSG00000117748,0.99959
ENSG00000080503,ENSG00000177606,0.99913
ENSG00000079134,ENSG00000183684,0.999751
ENSG00000189091,ENSG00000179950,0.999102
ENSG00000165119,ENSG00000189091,0.999861
ENSG00000100387,ENSG00000139842,0.999995
ENSG00000115524,ENSG00000087365,0.999966
ENSG00000115524,ENSG00000189091,0.99997
ENSG00000110330,ENSG00000092098,0.999576
ENSG00000213024,ENSG00000108424,0.999175
ENSG00000117748,ENSG00000073111,0.99968
ENSG00000168036,ENSG00000186575,0.999103
ENSG00000113558,ENSG00000100387,0.99938
ENSG00000133026,ENSG00000100345,0.99973
ENSG00000140575,ENSG00000039068,0.999019
ENSG00000073111,ENSG00000106399,0.999303
ENSG00000132646,ENSG00000079246,0.999002
ENSG00000085276,ENSG00000116478,0.999567
ENSG00000143632,ENSG00000155657,0.999764
ENSG00000167986,ENSG00000145604,0.999829
ENSG00000139842,ENSG00000145604,0.999787
ENSG00000172534,ENSG00000186298,0.999554
ENSG00000101945,ENSG00000162521,0.999878
ENSG00000104824,ENSG00000165119,0.999617
ENSG00000100028,ENSG00000182004,0.999764
ENSG00000159692,ENSG00000196591,0.999584
ENSG00000092820,ENSG00000001626,0.999387
ENSG00000132341,ENSG00000108424,0.999301
ENSG00000100906,ENSG00000198909,0.999458
ENSG00000177606,ENSG00000103275,0.999085
ENSG00000159692,ENSG00000116478,0.999301
ENSG00000152234,ENSG00000165629,0.999929
ENSG00000165629,ENSG00000110955,0.999945
ENSG00000127616,ENSG00000136518,0.999891
ENSG00000196419,ENSG00000166896,0.999999
ENSG00000092820,ENSG00000186575,0.999621
ENSG00000153201,ENSG00000108424,0.999029
ENSG00000079785,ENSG00000101811,0.999648
ENSG00000136807,ENSG00000141510,0.999434
ENSG00000108840,ENSG00000141027,0.999179
ENSG00000122565,ENSG00000168148,0.999703
ENSG00000160691,ENSG00000198400,0.999009
ENSG00000075711,ENSG00000070808,0.999524
ENSG00000101945,ENSG00000130816,0.999761
ENSG00000115317,ENSG00000184047,0.999829
ENSG00000099942,ENSG00000177885,0.999174
ENSG00000169032,ENSG00000164885,0.999008
ENSG00000127616,ENSG00000111642,0.999741
ENSG00000254087,ENSG00000099942,0.999356
ENSG00000153071,ENSG00000161203,0.999233
ENSG00000165637,ENSG00000172115,0.999458
ENSG00000127022,ENSG00000167004,0.99961
ENSG00000089159,ENSG00000166333,0.999117
ENSG00000253729,ENSG00000143799,0.999293
ENSG00000172977,ENSG00000100393,0.999123
ENSG00000039068,ENSG00000035403,0.999534
ENSG00000133119,ENSG00000132646,0.999066
ENSG00000173039,ENSG00000112592,0.999079
ENSG00000065978,ENSG00000165119,0.999317
ENSG00000137309,ENSG00000177606,0.999336
ENSG00000140575,ENSG00000134982,0.999362
ENSG00000073111,ENSG00000132383,0.999115
ENSG00000141480,ENSG00000141367,0.999029
ENSG00000100393,ENSG00000111642,0.999399
ENSG00000143632,ENSG00000143549,0.999954
ENSG00000104852,ENSG00000122566,0.999616
ENSG00000012048,ENSG00000123374,0.999049
ENSG00000136518,ENSG00000080503,0.999929
ENSG00000072110,ENSG00000035403,0.999553
ENSG00000092820,ENSG00000168036,0.999794
ENSG00000196419,ENSG00000020922,0.999075
ENSG00000174231,ENSG00000133226,0.999684
ENSG00000092820,ENSG00000067560,0.999096
ENSG00000020922,ENSG00000116062,0.99941
ENSG00000181222,ENSG00000112592,0.999304
ENSG00000132604,ENSG00000079246,0.999522
ENSG00000197102,ENSG00000204843,0.999731
ENSG00000111581,ENSG00000047410,0.999105
ENSG00000162521,ENSG00000099956,0.999834
ENSG00000196591,ENSG00000127616,0.999058
ENSG00000127616,ENSG00000162521,0.99987
ENSG00000116478,ENSG00000080503,0.999773
ENSG00000162521,ENSG00000080503,0.999836
ENSG00000139613,ENSG00000127616,0.999943
ENSG00000127616,ENSG00000141027,0.999708
ENSG00000196591,ENSG00000196498,0.999653
ENSG00000106462,ENSG00000196591,0.999897
ENSG00000135446,ENSG00000132646,0.999021
ENSG00000189091,ENSG00000087365,0.999978
ENSG00000011304,ENSG00000165119,0.999746
ENSG00000150093,ENSG00000072110,0.999221
ENSG00000102003,ENSG00000106089,0.999392
ENSG00000172531,ENSG00000172534,0.999395
ENSG00000197265,ENSG00000177606,0.99922
ENSG00000177606,ENSG00000196498,0.999599
ENSG00000067369,ENSG00000183765,0.999229
ENSG00000092820,ENSG00000140575,0.999179
ENSG00000143368,ENSG00000115524,0.999945
ENSG00000134058,ENSG00000141510,0.999049
ENSG00000168148,ENSG00000100393,0.999778
ENSG00000111530,ENSG00000043093,0.999988
ENSG00000100387,ENSG00000043093,0.999985
ENSG00000158290,ENSG00000139842,0.99998
ENSG00000101945,ENSG00000169057,0.999304
ENSG00000100567,ENSG00000115233,0.999806
ENSG00000113648,ENSG00000116478,0.99928
ENSG00000084093,ENSG00000116478,0.999268
ENSG00000100764,ENSG00000115233,0.999497
ENSG00000135486,ENSG00000108654,0.99959
ENSG00000135486,ENSG00000169045,0.999877
ENSG00000165119,ENSG00000135486,0.999913
ENSG00000135486,ENSG00000125944,0.999806
ENSG00000169045,ENSG00000122566,0.999855
ENSG00000169045,ENSG00000165119,0.999849
ENSG00000099783,ENSG00000135486,0.999756
ENSG00000135486,ENSG00000147274,0.999902
ENSG00000169045,ENSG00000126945,0.999647
ENSG00000197451,ENSG00000135486,0.999018
ENSG00000135486,ENSG00000104824,0.999782
ENSG00000087088,ENSG00000130204,0.999117
ENSG00000080503,ENSG00000127616,0.999991
ENSG00000136485,ENSG00000167986,0.999191
ENSG00000127191,ENSG00000184047,0.99967
ENSG00000118260,ENSG00000275714,0.999072
ENSG00000181222,ENSG00000047315,0.999749
ENSG00000275714,ENSG00000074266,0.999274
ENSG00000127616,ENSG00000116478,0.999872
ENSG00000136997,ENSG00000100603,0.999076
ENSG00000141027,ENSG00000141510,0.999182
ENSG00000141027,ENSG00000100393,0.999511
ENSG00000169016,ENSG00000118058,0.999776
ENSG00000116478,ENSG00000100393,0.999228
ENSG00000142676,ENSG00000125691,0.999856
ENSG00000142676,ENSG00000122406,0.99973
ENSG00000188486,ENSG00000180596,0.999791
ENSG00000066117,ENSG00000080503,0.999981
ENSG00000111581,ENSG00000108424,0.999622
ENSG00000133226,ENSG00000125835,0.999634
ENSG00000099783,ENSG00000133226,0.999855
ENSG00000133226,ENSG00000100028,0.999542
ENSG00000133226,ENSG00000087365,0.999547
ENSG00000133226,ENSG00000189091,0.999362
ENSG00000143368,ENSG00000133226,0.999207
ENSG00000108883,ENSG00000133226,0.999765
ENSG00000108883,ENSG00000167978,0.999636
ENSG00000133226,ENSG00000147140,0.999606
ENSG00000133226,ENSG00000116560,0.999419
ENSG00000133226,ENSG00000196504,0.999769
ENSG00000141543,ENSG00000133226,0.999568
ENSG00000118260,ENSG00000196591,0.999299
ENSG00000080503,ENSG00000102054,0.999582
ENSG00000196591,ENSG00000275714,0.999017
ENSG00000094916,ENSG00000111642,0.999581
ENSG00000096717,ENSG00000106462,0.999378
ENSG00000188486,ENSG00000196419,0.99932
ENSG00000079246,ENSG00000188486,0.999739
ENSG00000196419,ENSG00000174405,0.999057
ENSG00000116478,ENSG00000112592,0.999236
ENSG00000116478,ENSG00000061273,0.999707
ENSG00000196591,ENSG00000061273,0.999676
ENSG00000184678,ENSG00000100393,0.999474
ENSG00000078043,ENSG00000177606,0.999006
ENSG00000163041,ENSG00000122565,0.999678
ENSG00000105202,ENSG00000101361,0.999974
ENSG00000100393,ENSG00000004487,0.999378
ENSG00000186298,ENSG00000164091,0.999223
ENSG00000043093,ENSG00000069869,0.999979
ENSG00000129084,ENSG00000175166,0.999446
ENSG00000129084,ENSG00000115233,0.99941
ENSG00000108840,ENSG00000116478,0.999595
ENSG00000069869,ENSG00000198909,0.999333
ENSG00000101361,ENSG00000055044,0.999937
ENSG00000116478,ENSG00000168148,0.999313
ENSG00000168148,ENSG00000196591,0.999551
ENSG00000196591,ENSG00000096717,0.999842
ENSG00000171862,ENSG00000099942,0.999322
ENSG00000113851,ENSG00000100387,0.99915
ENSG00000204390,ENSG00000100567,0.999139
ENSG00000100393,ENSG00000112592,0.999588
ENSG00000117748,ENSG00000132646,0.99935
ENSG00000132646,ENSG00000106399,0.999143
ENSG00000073111,ENSG00000164754,0.99982
ENSG00000132646,ENSG00000164754,0.999093
ENSG00000143632,ENSG00000198467,0.999908
ENSG00000136518,ENSG00000139613,0.999671
ENSG00000136518,ENSG00000066117,0.999761
ENSG00000165119,ENSG00000096717,0.999413
ENSG00000079246,ENSG00000116062,0.999344
ENSG00000108055,ENSG00000102974,0.999391
ENSG00000131462,ENSG00000123374,0.999425
ENSG00000160803,ENSG00000175166,0.999165
ENSG00000092199,ENSG00000104897,0.999421
ENSG00000108055,ENSG00000169057,0.999289
ENSG00000187531,ENSG00000105202,0.999379
ENSG00000100567,ENSG00000143106,0.999822
ENSG00000129084,ENSG00000143106,0.9994
ENSG00000130726,ENSG00000183765,0.999136
ENSG00000100567,ENSG00000100764,0.999139
ENSG00000165916,ENSG00000100804,0.999307
ENSG00000087191,ENSG00000100804,0.999317
ENSG00000011304,ENSG00000135486,0.999765
ENSG00000144028,ENSG00000135486,0.999691
ENSG00000136450,ENSG00000135486,0.999458
ENSG00000096401,ENSG00000135486,0.999814
ENSG00000135486,ENSG00000110107,0.999233
ENSG00000135486,ENSG00000100028,0.999351
ENSG00000165916,ENSG00000175166,0.999778
ENSG00000135486,ENSG00000138668,0.999778
ENSG00000126945,ENSG00000135486,0.999519
ENSG00000079785,ENSG00000135486,0.999386
ENSG00000135486,ENSG00000109606,0.999305
ENSG00000135829,ENSG00000135486,0.999164
ENSG00000108094,ENSG00000145604,0.999997
ENSG00000115053,ENSG00000070756,0.999213
ENSG00000188486,ENSG00000203852,0.999621
ENSG00000162521,ENSG00000177463,0.999094
ENSG00000100387,ENSG00000166167,0.999917
ENSG00000132646,ENSG00000141510,0.999399
ENSG00000012048,ENSG00000092820,0.999514
ENSG00000172531,ENSG00000075624,0.999448
ENSG00000172531,ENSG00000148798,0.99901
ENSG00000139842,ENSG00000055130,0.999837
ENSG00000167986,ENSG00000166167,0.999417
ENSG00000166167,ENSG00000139842,0.999525
ENSG00000165916,ENSG00000106588,0.999516
ENSG00000106588,ENSG00000087191,0.999541
ENSG00000175166,ENSG00000106588,0.999861
ENSG00000106588,ENSG00000115233,0.999759
ENSG00000147364,ENSG00000100387,0.999208
ENSG00000055130,ENSG00000036257,0.999621
ENSG00000036257,ENSG00000158290,0.999908
ENSG00000036257,ENSG00000167986,0.999559
ENSG00000139842,ENSG00000036257,0.999814
ENSG00000139842,ENSG00000136485,0.999773
ENSG00000139842,ENSG00000113558,0.999732
ENSG00000055130,ENSG00000166266,0.999378
ENSG00000166266,ENSG00000108094,0.999999
ENSG00000108094,ENSG00000158290,0.999999
ENSG00000055130,ENSG00000167986,0.999828
ENSG00000055130,ENSG00000173110,0.999069
ENSG00000121022,ENSG00000204390,0.999996
ENSG00000173110,ENSG00000121022,0.999995
ENSG00000168090,ENSG00000204390,0.999998
ENSG00000167986,ENSG00000043093,0.99998
ENSG00000109079,ENSG00000043093,0.99996
ENSG00000105202,ENSG00000130826,0.999811
ENSG00000010072,ENSG00000132383,0.999559
ENSG00000067715,ENSG00000220205,0.999417
ENSG00000088986,ENSG00000204843,0.999355
ENSG00000162231,ENSG00000108424,0.99908
ENSG00000198909,ENSG00000113575,0.999228
ENSG00000183684,ENSG00000133226,0.999532
ENSG00000183684,ENSG00000108883,0.999732
ENSG00000136450,ENSG00000183684,0.999374
ENSG00000101146,ENSG00000108424,0.999331
ENSG00000156374,ENSG00000168283,0.99976
ENSG00000105618,ENSG00000100138,0.999453
ENSG00000205937,ENSG00000005007,0.999308
ENSG00000159692,ENSG00000196498,0.999414
ENSG00000161203,ENSG00000141367,0.9999
ENSG00000196586,ENSG00000141367,0.999561
ENSG00000149269,ENSG00000196586,0.999304
ENSG00000101665,ENSG00000039068,0.999149
ENSG00000123374,ENSG00000112742,0.999619
ENSG00000168036,ENSG00000012048,0.99923
ENSG00000198034,ENSG00000171863,0.999745
ENSG00000198034,ENSG00000142937,0.999094
ENSG00000198034,ENSG00000105193,0.999764
ENSG00000198034,ENSG00000182774,0.999838
ENSG00000198034,ENSG00000105372,0.999798
ENSG00000008988,ENSG00000198034,0.99983
ENSG00000198034,ENSG00000083845,0.999888
ENSG00000137154,ENSG00000198034,0.999454
ENSG00000170889,ENSG00000198034,0.999806
ENSG00000198034,ENSG00000142534,0.999896
ENSG00000198034,ENSG00000110700,0.999417
ENSG00000096150,ENSG00000198034,0.999893
ENSG00000198034,ENSG00000140988,0.999114
ENSG00000198034,ENSG00000149273,0.999132
ENSG00000198034,ENSG00000124614,0.999806
ENSG00000145604,ENSG00000166167,0.999677
ENSG00000112742,ENSG00000142192,0.999376
ENSG00000144021,ENSG00000142192,0.999912
ENSG00000175166,ENSG00000100519,0.99976
ENSG00000189091,ENSG00000099995,0.999935
ENSG00000182004,ENSG00000125835,0.999761
ENSG00000165916,ENSG00000115233,0.999523
ENSG00000197958,ENSG00000167526,0.999904
ENSG00000174444,ENSG00000156482,0.99928
ENSG00000156482,ENSG00000089009,0.999655
ENSG00000122406,ENSG00000147604,0.999625
ENSG00000105193,ENSG00000197958,0.999394
ENSG00000105193,ENSG00000167526,0.9999
ENSG00000197958,ENSG00000118181,0.999066
ENSG00000118181,ENSG00000105193,0.999276
ENSG00000145425,ENSG00000122026,0.999136
ENSG00000122406,ENSG00000145425,0.999401
ENSG00000089009,ENSG00000145425,0.999163
ENSG00000145425,ENSG00000148303,0.999538
ENSG00000145425,ENSG00000147604,0.999477
ENSG00000149273,ENSG00000198755,0.999195
ENSG00000149273,ENSG00000122026,0.999265
ENSG00000148303,ENSG00000149273,0.999199
ENSG00000122406,ENSG00000198034,0.999687
ENSG00000198034,ENSG00000147604,0.999072
ENSG00000137154,ENSG00000125691,0.999787
ENSG00000145425,ENSG00000137154,0.999637
ENSG00000145425,ENSG00000168028,0.999027
ENSG00000166226,ENSG00000146731,0.999648
ENSG00000135624,ENSG00000146731,0.999538
ENSG00000175166,ENSG00000115233,0.99967
ENSG00000145425,ENSG00000174444,0.999696
ENSG00000147604,ENSG00000149273,0.99951
ENSG00000087191,ENSG00000115233,0.999426
ENSG00000167526,ENSG00000118181,0.999792
ENSG00000099995,ENSG00000131876,0.999215
ENSG00000099995,ENSG00000115524,0.999894
ENSG00000150753,ENSG00000135624,0.999374
ENSG00000122406,ENSG00000089157,0.999441
ENSG00000198034,ENSG00000089157,0.999723
ENSG00000089157,ENSG00000149273,0.999205
ENSG00000125944,ENSG00000092199,0.999683
ENSG00000149273,ENSG00000170889,0.999479
ENSG00000143368,ENSG00000099995,0.99916
ENSG00000089157,ENSG00000145425,0.999158
ENSG00000165119,ENSG00000153187,0.999846
ENSG00000145425,ENSG00000170889,0.999414
ENSG00000100567,ENSG00000175166,0.999854
ENSG00000100902,ENSG00000175166,0.9993
ENSG00000198755,ENSG00000167526,0.999803
ENSG00000142676,ENSG00000167526,0.999721
ENSG00000174748,ENSG00000197958,0.999245
ENSG00000174748,ENSG00000167526,0.999791
ENSG00000197958,ENSG00000105640,0.999733
ENSG00000197958,ENSG00000108298,0.999226
ENSG00000167526,ENSG00000108298,0.999863
ENSG00000105640,ENSG00000108298,0.999179
ENSG00000197958,ENSG00000122026,0.9993
ENSG00000167526,ENSG00000122026,0.999876
ENSG00000105640,ENSG00000122026,0.999217
ENSG00000198755,ENSG00000125691,0.99971
ENSG00000125691,ENSG00000197958,0.999895
ENSG00000125691,ENSG00000167526,0.99984
ENSG00000174748,ENSG00000125691,0.999803
ENSG00000125691,ENSG00000105640,0.999892
ENSG00000063177,ENSG00000125691,0.999675
ENSG00000108298,ENSG00000125691,0.999786
ENSG00000198242,ENSG00000125691,0.999676
ENSG00000114391,ENSG00000197958,0.999811
ENSG00000167526,ENSG00000114391,0.999933
ENSG00000174748,ENSG00000114391,0.999395
ENSG00000114391,ENSG00000105640,0.999786
ENSG00000114391,ENSG00000108298,0.999349
ENSG00000114391,ENSG00000122026,0.999453
ENSG00000114391,ENSG00000125691,0.999922
ENSG00000166441,ENSG00000167526,0.999819
ENSG00000197958,ENSG00000131469,0.99925
ENSG00000131469,ENSG00000125691,0.999758
ENSG00000198755,ENSG00000156482,0.999465
ENSG00000156482,ENSG00000197958,0.999837
ENSG00000174748,ENSG00000156482,0.999465
ENSG00000156482,ENSG00000105640,0.999859
ENSG00000108298,ENSG00000156482,0.9993
ENSG00000071082,ENSG00000197958,0.999295
ENSG00000071082,ENSG00000105640,0.999226
ENSG00000125691,ENSG00000071082,0.999797
ENSG00000114391,ENSG00000071082,0.999425
ENSG00000197756,ENSG00000125691,0.999679
ENSG00000197756,ENSG00000114391,0.999179
ENSG00000197756,ENSG00000156482,0.999684
ENSG00000174444,ENSG00000167526,0.999487
ENSG00000198755,ENSG00000122406,0.999577
ENSG00000122406,ENSG00000197958,0.999661
ENSG00000122406,ENSG00000167526,0.999648
ENSG00000122406,ENSG00000174748,0.999596
ENSG00000122406,ENSG00000108298,0.999575
ENSG00000122406,ENSG00000122026,0.999579
ENSG00000122406,ENSG00000198242,0.999541
ENSG00000114391,ENSG00000122406,0.999714
ENSG00000166441,ENSG00000122406,0.999504
ENSG00000156482,ENSG00000122406,0.999342
ENSG00000122406,ENSG00000071082,0.999554
ENSG00000100316,ENSG00000122406,0.99963
ENSG00000089009,ENSG00000147403,0.999506
ENSG00000197958,ENSG00000089009,0.999262
ENSG00000167526,ENSG00000089009,0.999342
ENSG00000089009,ENSG00000105640,0.999231
ENSG00000089009,ENSG00000125691,0.999769
ENSG00000114391,ENSG00000089009,0.999359
ENSG00000197958,ENSG00000148303,0.999351
ENSG00000148303,ENSG00000167526,0.999854
ENSG00000105640,ENSG00000148303,0.999286
ENSG00000148303,ENSG00000125691,0.99983
ENSG00000148303,ENSG00000156482,0.999703
ENSG00000122406,ENSG00000148303,0.999665
ENSG00000147604,ENSG00000197958,0.999288
ENSG00000147604,ENSG00000105640,0.999251
ENSG00000147604,ENSG00000125691,0.999832
ENSG00000114391,ENSG00000147604,0.999279
ENSG00000156482,ENSG00000147604,0.999711
ENSG00000163682,ENSG00000197958,0.999783
ENSG00000108298,ENSG00000163682,0.999645
ENSG00000163682,ENSG00000122026,0.999652
ENSG00000114391,ENSG00000163682,0.999837
ENSG00000163682,ENSG00000131469,0.999568
ENSG00000163682,ENSG00000122406,0.999656
ENSG00000163682,ENSG00000124614,0.999585
ENSG00000142534,ENSG00000114391,0.999186
ENSG00000142534,ENSG00000122406,0.999461
ENSG00000110700,ENSG00000122406,0.999635
ENSG00000142676,ENSG00000164587,0.999598
ENSG00000164587,ENSG00000174748,0.999576
ENSG00000063177,ENSG00000164587,0.999652
ENSG00000164587,ENSG00000108298,0.999458
ENSG00000197756,ENSG00000164587,0.999588
ENSG00000164587,ENSG00000174444,0.99974
ENSG00000089009,ENSG00000164587,0.999668
ENSG00000164587,ENSG00000147604,0.999732
ENSG00000163682,ENSG00000164587,0.999603
ENSG00000142534,ENSG00000164587,0.999788
ENSG00000110700,ENSG00000164587,0.999694
ENSG00000134419,ENSG00000125691,0.999709
ENSG00000134419,ENSG00000156482,0.999295
ENSG00000122406,ENSG00000134419,0.999349
ENSG00000164587,ENSG00000134419,0.9997
ENSG00000105640,ENSG00000105193,0.999262
ENSG00000125691,ENSG00000105193,0.999855
ENSG00000114391,ENSG00000105193,0.99944
ENSG00000105193,ENSG00000122406,0.99959
ENSG00000122406,ENSG00000105372,0.999461
ENSG00000163682,ENSG00000008988,0.999131
ENSG00000186468,ENSG00000167526,0.999823
ENSG00000125691,ENSG00000186468,0.999758
ENSG00000114391,ENSG00000186468,0.999153
ENSG00000163682,ENSG00000186468,0.999541
ENSG00000164587,ENSG00000186468,0.999776
ENSG00000186468,ENSG00000105193,0.999228
ENSG00000138326,ENSG00000164587,0.999472
ENSG00000118181,ENSG00000114391,0.999136
ENSG00000197728,ENSG00000105640,0.999049
ENSG00000163682,ENSG00000197728,0.999636
ENSG00000197728,ENSG00000105193,0.999353
ENSG00000233927,ENSG00000125691,0.999556
ENSG00000114391,ENSG00000233927,0.999092
ENSG00000163682,ENSG00000233927,0.999258
ENSG00000105193,ENSG00000233927,0.999061
ENSG00000140988,ENSG00000147403,0.999256
ENSG00000140988,ENSG00000156482,0.99935
ENSG00000140988,ENSG00000164587,0.999796
ENSG00000145425,ENSG00000167526,0.999461
ENSG00000145425,ENSG00000265681,0.999139
ENSG00000145425,ENSG00000105640,0.9994
ENSG00000114391,ENSG00000145425,0.999491
ENSG00000145425,ENSG00000100316,0.999326
ENSG00000110700,ENSG00000145425,0.999595
ENSG00000138326,ENSG00000145425,0.999395
ENSG00000145425,ENSG00000118181,0.999693
ENSG00000145425,ENSG00000197728,0.999497
ENSG00000142676,ENSG00000149273,0.999342
ENSG00000197958,ENSG00000149273,0.999203
ENSG00000265681,ENSG00000149273,0.999249
ENSG00000105640,ENSG00000149273,0.999179
ENSG00000149273,ENSG00000108298,0.999269
ENSG00000198242,ENSG00000149273,0.99918
ENSG00000114391,ENSG00000149273,0.999348
ENSG00000149273,ENSG00000122406,0.999241
ENSG00000149273,ENSG00000142534,0.999552
ENSG00000134419,ENSG00000149273,0.999472
ENSG00000149273,ENSG00000105193,0.99921
ENSG00000186468,ENSG00000149273,0.999541
ENSG00000138326,ENSG00000149273,0.999505
ENSG00000149273,ENSG00000197728,0.999514
ENSG00000149273,ENSG00000233927,0.999475
ENSG00000140988,ENSG00000149273,0.999391
ENSG00000198034,ENSG00000198755,0.999772
ENSG00000198034,ENSG00000142676,0.999166
ENSG00000198034,ENSG00000197958,0.999828
ENSG00000198034,ENSG00000167526,0.999858
ENSG00000174748,ENSG00000198034,0.999835
ENSG00000105640,ENSG00000198034,0.999255
ENSG00000198034,ENSG00000108298,0.999816
ENSG00000198034,ENSG00000122026,0.999819
ENSG00000114391,ENSG00000198034,0.999911
ENSG00000166441,ENSG00000198034,0.999718
ENSG00000198034,ENSG00000100316,0.9996
ENSG00000148303,ENSG00000198034,0.999943
ENSG00000198034,ENSG00000163682,0.999712
ENSG00000134419,ENSG00000198034,0.999851
ENSG00000198034,ENSG00000186468,0.999808
ENSG00000138326,ENSG00000198034,0.999813
ENSG00000198034,ENSG00000197728,0.99988
ENSG00000233927,ENSG00000198034,0.999883
ENSG00000122406,ENSG00000083845,0.99909
ENSG00000083845,ENSG00000163682,0.999564
ENSG00000105193,ENSG00000083845,0.999069
ENSG00000149273,ENSG00000083845,0.999562
ENSG00000137154,ENSG00000164587,0.999778
ENSG00000149273,ENSG00000137154,0.999379
ENSG00000174748,ENSG00000171863,0.999149
ENSG00000122406,ENSG00000171863,0.999453
ENSG00000186468,ENSG00000171863,0.999403
ENSG00000149273,ENSG00000171863,0.999425
ENSG00000142937,ENSG00000125691,0.999567
ENSG00000142937,ENSG00000156482,0.99947
ENSG00000142937,ENSG00000164587,0.999676
ENSG00000149273,ENSG00000142937,0.999288
ENSG00000168028,ENSG00000125691,0.999187
ENSG00000115524,ENSG00000183431,0.999887
ENSG00000174231,ENSG00000100028,0.999728
ENSG00000142676,ENSG00000145425,0.999018
ENSG00000115524,ENSG00000131876,0.999179
ENSG00000110700,ENSG00000125691,0.999812
ENSG00000142534,ENSG00000105193,0.999215
ENSG00000063177,ENSG00000156482,0.999592
ENSG00000138326,ENSG00000171863,0.999068
ENSG00000125691,ENSG00000174444,0.999856
ENSG00000198242,ENSG00000167526,0.999675
ENSG00000122406,ENSG00000138326,0.999586
ENSG00000198034,ENSG00000118181,0.999908
ENSG00000122026,ENSG00000147403,0.999063
ENSG00000105372,ENSG00000145425,0.999446
ENSG00000233927,ENSG00000167526,0.999799
ENSG00000164587,ENSG00000125691,0.999875
ENSG00000140988,ENSG00000125691,0.999716
ENSG00000156482,ENSG00000137154,0.999592
ENSG00000143106,ENSG00000175166,0.999725
ENSG00000147604,ENSG00000147403,0.999444
ENSG00000149273,ENSG00000110700,0.999295
ENSG00000198034,ENSG00000131469,0.999813
ENSG00000189091,ENSG00000131876,0.999978
ENSG00000149273,ENSG00000118181,0.999611
ENSG00000122406,ENSG00000182774,0.999119
ENSG00000125691,ENSG00000122026,0.999813
ENSG00000144028,ENSG00000131876,0.999696
ENSG00000114391,ENSG00000166441,0.999414
ENSG00000143368,ENSG00000189091,0.999925
ENSG00000008988,ENSG00000122406,0.999075
ENSG00000138326,ENSG00000125691,0.999772
ENSG00000105640,ENSG00000174748,0.999247
ENSG00000198034,ENSG00000125691,0.999806
ENSG00000164587,ENSG00000149273,0.999567
ENSG00000167526,ENSG00000147604,0.999321
ENSG00000164587,ENSG00000122406,0.999713
ENSG00000071082,ENSG00000145425,0.999018
ENSG00000156482,ENSG00000170889,0.999038
ENSG00000197728,ENSG00000186468,0.999002
ENSG00000163682,ENSG00000105372,0.999588
ENSG00000188846,ENSG00000125691,0.999603
ENSG00000149273,ENSG00000125691,0.999511
ENSG00000197728,ENSG00000197958,0.999125
ENSG00000186468,ENSG00000156482,0.999388
ENSG00000166441,ENSG00000197958,0.999244
ENSG00000148303,ENSG00000114391,0.9994
ENSG00000125691,ENSG00000105372,0.999756
ENSG00000197728,ENSG00000122406,0.999496
ENSG00000125691,ENSG00000197728,0.99979
ENSG00000145425,ENSG00000198242,0.999124
ENSG00000182774,ENSG00000163682,0.999465
ENSG00000125691,ENSG00000008988,0.999501
ENSG00000125691,ENSG00000156482,0.999606
ENSG00000100316,ENSG00000125691,0.999724
ENSG00000105640,ENSG00000197756,0.999215
ENSG00000124614,ENSG00000164587,0.99969
ENSG00000174231,ENSG00000182004,0.999943
ENSG00000114391,ENSG00000197728,0.999338
ENSG00000147403,ENSG00000174444,0.99927
ENSG00000182774,ENSG00000125691,0.999704
ENSG00000118181,ENSG00000122406,0.999748
ENSG00000164587,ENSG00000105640,0.99988
ENSG00000125691,ENSG00000171863,0.999674
ENSG00000125691,ENSG00000083845,0.999749
ENSG00000198242,ENSG00000156482,0.999313
ENSG00000125691,ENSG00000089157,0.99963
ENSG00000188846,ENSG00000147403,0.999381
ENSG00000131469,ENSG00000156482,0.999637
ENSG00000163682,ENSG00000071082,0.999626
ENSG00000125691,ENSG00000142534,0.999755
ENSG00000144028,ENSG00000189091,0.999817
ENSG00000147403,ENSG00000197728,0.999214
ENSG00000125944,ENSG00000136450,0.999046
ENSG00000008988,ENSG00000167526,0.999223
ENSG00000125691,ENSG00000147403,0.999364
ENSG00000164587,ENSG00000198242,0.999575
ENSG00000144028,ENSG00000115524,0.999404
ENSG00000135486,ENSG00000153187,0.999896
ENSG00000145425,ENSG00000125691,0.999747
ENSG00000100567,ENSG00000100519,0.999344
ENSG00000189091,ENSG00000174231,0.999943
ENSG00000105193,ENSG00000089157,0.99929
ENSG00000125691,ENSG00000118181,0.999894
ENSG00000254772,ENSG00000156508,0.999802
ENSG00000147274,ENSG00000099995,0.999813
ENSG00000115524,ENSG00000136450,0.99988
ENSG00000115524,ENSG00000165119,0.999774
ENSG00000138326,ENSG00000163682,0.99966
ENSG00000153187,ENSG00000065978,0.999641
ENSG00000125944,ENSG00000165119,0.999923
ENSG00000165119,ENSG00000170144,0.999724
ENSG00000044574,ENSG00000109971,0.999298
ENSG00000100028,ENSG00000115524,0.999895
ENSG00000189091,ENSG00000136450,0.999738
ENSG00000169045,ENSG00000147274,0.999548
ENSG00000099995,ENSG00000077312,0.999231
ENSG00000168028,ENSG00000164587,0.999251
ENSG00000125944,ENSG00000108883,0.999002
ENSG00000156482,ENSG00000122026,0.999279
ENSG00000115524,ENSG00000108883,0.999856
ENSG00000167526,ENSG00000156482,0.999747
ENSG00000089157,ENSG00000167526,0.999649
ENSG00000153187,ENSG00000108883,0.999592
ENSG00000136450,ENSG00000131876,0.999528
ENSG00000131876,ENSG00000108883,0.999684
ENSG00000174231,ENSG00000115524,0.999946
ENSG00000100316,ENSG00000089157,0.99913
ENSG00000142534,ENSG00000089157,0.999455
ENSG00000171863,ENSG00000124614,0.999299
ENSG00000171863,ENSG00000167526,0.999473
ENSG00000125944,ENSG00000189091,0.999642
ENSG00000142676,ENSG00000089157,0.999234
ENSG00000153187,ENSG00000131876,0.99943
ENSG00000092199,ENSG00000108883,0.999661
ENSG00000169813,ENSG00000165119,0.999089
ENSG00000156482,ENSG00000188846,0.99956
ENSG00000164587,ENSG00000105372,0.999827
ENSG00000171863,ENSG00000170889,0.999504
ENSG00000125944,ENSG00000147274,0.999653
ENSG00000147403,ENSG00000148303,0.9995
ENSG00000174231,ENSG00000131876,0.999961
ENSG00000063244,ENSG00000144028,0.999811
ENSG00000147403,ENSG00000156482,0.999114
ENSG00000147274,ENSG00000087365,0.999756
ENSG00000156482,ENSG00000089157,0.999103
ENSG00000156482,ENSG00000166441,0.999364
ENSG00000099995,ENSG00000136450,0.999731
ENSG00000164587,ENSG00000089157,0.999278
ENSG00000062822,ENSG00000117748,0.999607
ENSG00000083845,ENSG00000089157,0.999367
ENSG00000156482,ENSG00000105193,0.999704
ENSG00000167526,ENSG00000110700,0.99955
ENSG00000164587,ENSG00000105193,0.999888
ENSG00000118181,ENSG00000164587,0.999752
ENSG00000122406,ENSG00000170889,0.999656
ENSG00000063177,ENSG00000147403,0.999333
ENSG00000153187,ENSG00000174231,0.999458
ENSG00000092199,ENSG00000144028,0.999843
ENSG00000171863,ENSG00000105372,0.999655
ENSG00000149273,ENSG00000182774,0.999323
ENSG00000108883,ENSG00000165119,0.999687
ENSG00000087365,ENSG00000131876,0.999144
ENSG00000136450,ENSG00000108883,0.999599
ENSG00000164587,ENSG00000148303,0.999738
ENSG00000124614,ENSG00000122406,0.999538
ENSG00000125944,ENSG00000115524,0.999803
ENSG00000164587,ENSG00000170889,0.999778
ENSG00000144028,ENSG00000153187,0.999455
ENSG00000118181,ENSG00000171863,0.999173
ENSG00000131469,ENSG00000145425,0.999253
ENSG00000164587,ENSG00000197728,0.999801
ENSG00000089157,ENSG00000118181,0.999118
ENSG00000197728,ENSG00000156482,0.999522
ENSG00000134419,ENSG00000167526,0.999717
ENSG00000197728,ENSG00000118181,0.999046
ENSG00000144028,ENSG00000136450,0.999466
ENSG00000172809,ENSG00000122406,0.999396
ENSG00000138071,ENSG00000111229,0.999254
ENSG00000041357,ENSG00000175166,0.999844
ENSG00000159377,ENSG00000175166,0.999773
ENSG00000100804,ENSG00000175166,0.999656
ENSG00000265681,ENSG00000197958,0.999205
ENSG00000265681,ENSG00000167526,0.99986
ENSG00000105640,ENSG00000265681,0.999112
ENSG00000265681,ENSG00000114391,0.999389
ENSG00000265681,ENSG00000122406,0.999547
ENSG00000163682,ENSG00000265681,0.999567
ENSG00000143947,ENSG00000198755,0.999019
ENSG00000143947,ENSG00000105640,0.999357
ENSG00000143947,ENSG00000108298,0.999135
ENSG00000143947,ENSG00000122406,0.999203
ENSG00000148303,ENSG00000143947,0.999303
ENSG00000163682,ENSG00000143947,0.999152
ENSG00000143947,ENSG00000105193,0.999604
ENSG00000105372,ENSG00000143947,0.999292
ENSG00000186468,ENSG00000143947,0.999356
ENSG00000143947,ENSG00000138326,0.999471
ENSG00000143947,ENSG00000197728,0.999464
ENSG00000143947,ENSG00000140988,0.999347
ENSG00000265681,ENSG00000198034,0.999813
ENSG00000143947,ENSG00000198034,0.999494
ENSG00000115233,ENSG00000143106,0.999489
ENSG00000122026,ENSG00000143947,0.999029
ENSG00000143947,ENSG00000110700,0.999346
ENSG00000142534,ENSG00000143947,0.999382
ENSG00000159377,ENSG00000115233,0.99938
ENSG00000143947,ENSG00000145425,0.99928
ENSG00000144028,ENSG00000100028,0.999284
ENSG00000174748,ENSG00000143947,0.999129
ENSG00000174231,ENSG00000104852,0.999752
ENSG00000143947,ENSG00000168028,0.99937
ENSG00000143947,ENSG00000089157,0.999106
ENSG00000125691,ENSG00000265681,0.999758
ENSG00000152234,ENSG00000099624,0.999505
ENSG00000143947,ENSG00000174444,0.999356
ENSG00000174231,ENSG00000099995,0.999617
ENSG00000143947,ENSG00000265681,0.999151
ENSG00000105202,ENSG00000100138,0.999672
ENSG00000143947,ENSG00000149273,0.999116
ENSG00000125691,ENSG00000143947,0.999413
ENSG00000198242,ENSG00000143947,0.9991
ENSG00000114391,ENSG00000143947,0.999108
ENSG00000118705,ENSG00000163902,0.99921
ENSG00000099995,ENSG00000144028,0.999897
ENSG00000115286,ENSG00000167792,0.999645
ENSG00000147274,ENSG00000189091,0.999758
ENSG00000131467,ENSG00000143106,0.999337
ENSG00000063244,ENSG00000099783,0.999586
ENSG00000077312,ENSG00000115524,0.999747
ENSG00000063244,ENSG00000153187,0.999051
ENSG00000144028,ENSG00000104852,0.999779
ENSG00000164587,ENSG00000213741,0.999357
ENSG00000143947,ENSG00000083845,0.999338
ENSG00000183431,ENSG00000104852,0.999385
ENSG00000115053,ENSG00000147604,0.999267
ENSG00000110955,ENSG00000099624,0.999527
ENSG00000065978,ENSG00000189091,0.999284
ENSG00000142676,ENSG00000143947,0.999229
ENSG00000143368,ENSG00000183684,0.999232
ENSG00000077312,ENSG00000189091,0.999795
ENSG00000099783,ENSG00000108883,0.999801
ENSG00000071082,ENSG00000143947,0.999184
ENSG00000041357,ENSG00000115233,0.99961
ENSG00000100138,ENSG00000099783,0.999563
ENSG00000115524,ENSG00000147274,0.999789
ENSG00000099783,ENSG00000147274,0.999635
ENSG00000189091,ENSG00000099783,0.999795
ENSG00000189091,ENSG00000063244,0.999887
ENSG00000125944,ENSG00000099995,0.999751
ENSG00000153187,ENSG00000099995,0.9995
ENSG00000099995,ENSG00000099783,0.999742
ENSG00000063244,ENSG00000115524,0.999813
ENSG00000099783,ENSG00000131876,0.999673
ENSG00000092199,ENSG00000147274,0.999724
ENSG00000115524,ENSG00000099783,0.999849
ENSG00000099995,ENSG00000092199,0.999845
ENSG00000099783,ENSG00000092199,0.999769
ENSG00000143368,ENSG00000147274,0.999605
ENSG00000041357,ENSG00000131467,0.999354
ENSG00000124614,ENSG00000143947,0.999417
ENSG00000100028,ENSG00000099783,0.99962
ENSG00000131876,ENSG00000063244,0.999715
ENSG00000123416,ENSG00000167553,0.999593
ENSG00000099783,ENSG00000136450,0.999646
ENSG00000099995,ENSG00000165119,0.999828
ENSG00000183684,ENSG00000099783,0.999602
ENSG00000125944,ENSG00000099783,0.999589
ENSG00000213741,ENSG00000182774,0.999101
ENSG00000115286,ENSG00000140990,0.999256
ENSG00000087365,ENSG00000065978,0.999563
ENSG00000165119,ENSG00000099783,0.999757
ENSG00000174231,ENSG00000099783,0.999795
ENSG00000100138,ENSG00000092199,0.999578
ENSG00000131467,ENSG00000087191,0.999112
ENSG00000175166,ENSG00000131467,0.999868
ENSG00000122566,ENSG00000065978,0.999391
ENSG00000063244,ENSG00000092199,0.999808
ENSG00000125944,ENSG00000063244,0.999529
ENSG00000100138,ENSG00000165119,0.999573
ENSG00000125944,ENSG00000104852,0.999497
ENSG00000104852,ENSG00000153187,0.999335
ENSG00000156508,ENSG00000114942,0.999815
ENSG00000125944,ENSG00000138668,0.999622
ENSG00000138668,ENSG00000147274,0.999422
ENSG00000115053,ENSG00000122406,0.99964
ENSG00000115053,ENSG00000137154,0.999323
ENSG00000115053,ENSG00000105640,0.999314
ENSG00000108654,ENSG00000109606,0.999793
ENSG00000136450,ENSG00000108654,0.999124
ENSG00000105618,ENSG00000115524,0.999898
ENSG00000141543,ENSG00000205937,0.999776
ENSG00000108654,ENSG00000189091,0.999776
ENSG00000105618,ENSG00000189091,0.999906
ENSG00000108654,ENSG00000063244,0.999688
ENSG00000131876,ENSG00000108654,0.999892
ENSG00000099783,ENSG00000116560,0.999714
ENSG00000147140,ENSG00000099783,0.99982
ENSG00000204390,ENSG00000044574,1
ENSG00000185624,ENSG00000044574,0.999661
ENSG00000161960,ENSG00000063046,0.999922
ENSG00000167552,ENSG00000258947,0.999022
ENSG00000063046,ENSG00000114867,0.999698
ENSG00000147684,ENSG00000110955,0.999555
ENSG00000047410,ENSG00000132341,0.999069
ENSG00000110955,ENSG00000140740,0.999733
ENSG00000105618,ENSG00000099995,0.999904
ENSG00000105618,ENSG00000183431,0.999115
ENSG00000110107,ENSG00000189091,0.999502
ENSG00000131876,ENSG00000105618,0.99976
ENSG00000099995,ENSG00000108654,0.999902
ENSG00000108654,ENSG00000099783,0.999751
ENSG00000167978,ENSG00000115524,0.999538
ENSG00000099783,ENSG00000079785,0.99914
ENSG00000108654,ENSG00000147274,0.999249
ENSG00000147274,ENSG00000141543,0.999015
ENSG00000099783,ENSG00000110107,0.999219
ENSG00000110107,ENSG00000108883,0.999384
ENSG00000104897,ENSG00000105618,0.999843
ENSG00000116752,ENSG00000100138,0.999767
ENSG00000242372,ENSG00000163938,0.999317
ENSG00000174547,ENSG00000262814,0.999898
ENSG00000196504,ENSG00000099783,0.999537
ENSG00000143436,ENSG00000174547,0.9999
ENSG00000165119,ENSG00000109606,0.999524
ENSG00000147274,ENSG00000109606,0.999603
ENSG00000171453,ENSG00000148606,0.999821
ENSG00000167004,ENSG00000044574,0.999117
ENSG00000197958,ENSG00000262814,0.999694
ENSG00000165629,ENSG00000132305,0.999209
ENSG00000148290,ENSG00000014919,0.999485
ENSG00000089597,ENSG00000127022,0.999598
ENSG00000107796,ENSG00000159251,0.999689
ENSG00000044574,ENSG00000173110,1
ENSG00000173110,ENSG00000204390,0.999997
ENSG00000262814,ENSG00000142676,0.999029
ENSG00000075239,ENSG00000167315,0.999855
ENSG00000072110,ENSG00000092820,0.999639
ENSG00000166598,ENSG00000185624,0.999254
ENSG00000177733,ENSG00000125970,0.99928
ENSG00000143549,ENSG00000198467,0.999578
ENSG00000143549,ENSG00000140416,0.99969
ENSG00000141027,ENSG00000080503,0.999694
ENSG00000162521,ENSG00000101266,0.999745
ENSG00000130204,ENSG00000030110,0.999558
ENSG00000197879,ENSG00000133026,0.99941
ENSG00000099917,ENSG00000143569,0.999321
ENSG00000213639,ENSG00000172534,0.999486
ENSG00000104356,ENSG00000105202,0.999487
ENSG00000141027,ENSG00000073584,0.999417
ENSG00000073578,ENSG00000213619,0.999775
ENSG00000137312,ENSG00000220205,0.99933
ENSG00000262814,ENSG00000140988,0.999172
ENSG00000104356,ENSG00000101361,0.999501
ENSG00000152234,ENSG00000204390,1
ENSG00000220205,ENSG00000132589,0.999766
ENSG00000233927,ENSG00000147586,0.999097
ENSG00000138071,ENSG00000110880,0.999809
ENSG00000135972,ENSG00000096150,0.999281
ENSG00000262814,ENSG00000188846,0.999056
ENSG00000262814,ENSG00000108298,0.999286
ENSG00000262814,ENSG00000125691,0.999083
ENSG00000063177,ENSG00000262814,0.999117
ENSG00000073578,ENSG00000131828,0.999148
ENSG00000148303,ENSG00000262814,0.999512
ENSG00000275714,ENSG00000113648,0.999519
ENSG00000094916,ENSG00000102054,0.999748
ENSG00000178691,ENSG00000094916,0.999165
ENSG00000141543,ENSG00000183684,0.999143
ENSG00000092199,ENSG00000141543,0.999466
ENSG00000104852,ENSG00000141543,0.999013
ENSG00000141543,ENSG00000115524,0.999824
ENSG00000141543,ENSG00000189091,0.999502
ENSG00000141543,ENSG00000144028,0.999005
ENSG00000108883,ENSG00000141543,0.999825
ENSG00000165119,ENSG00000141543,0.999188
ENSG00000099783,ENSG00000141543,0.999533
ENSG00000141543,ENSG00000100028,0.999012
ENSG00000043093,ENSG00000134086,0.999981
ENSG00000163631,ENSG00000115414,0.999819
ENSG00000162692,ENSG00000110880,0.999809
ENSG00000096717,ENSG00000074266,0.999092
ENSG00000141027,ENSG00000177606,0.999797
ENSG00000147140,ENSG00000196504,0.999912
ENSG00000196504,ENSG00000115524,0.999521
ENSG00000116560,ENSG00000196504,0.999747
ENSG00000215301,ENSG00000127445,0.999229
ENSG00000104529,ENSG00000114942,0.999997
ENSG00000089159,ENSG00000159840,0.999259
ENSG00000089157,ENSG00000114391,0.999331
ENSG00000037241,ENSG00000131469,0.999505
ENSG00000164587,ENSG00000096150,0.999707
ENSG00000008988,ENSG00000164587,0.999658
ENSG00000164587,ENSG00000233927,0.99966
ENSG00000096150,ENSG00000105193,0.999022
ENSG00000171863,ENSG00000008988,0.999274
ENSG00000177954,ENSG00000197728,0.999705
ENSG00000171863,ENSG00000197728,0.999414
ENSG00000124614,ENSG00000177954,0.999078
ENSG00000177954,ENSG00000096150,0.999527
ENSG00000177954,ENSG00000008988,0.99949
ENSG00000186468,ENSG00000177954,0.9996
ENSG00000177954,ENSG00000138326,0.999018
ENSG00000177954,ENSG00000233927,0.999574
ENSG00000177954,ENSG00000170889,0.99936
ENSG00000233927,ENSG00000197728,0.999008
ENSG00000213741,ENSG00000233927,0.999006
ENSG00000233927,ENSG00000145425,0.999485
ENSG00000213741,ENSG00000198034,0.99975
ENSG00000171863,ENSG00000096150,0.999209
ENSG00000145425,ENSG00000171863,0.999222
ENSG00000183431,ENSG00000125835,0.999322
ENSG00000261456,ENSG00000167553,0.999043
ENSG00000141027,ENSG00000118260,0.999188
ENSG00000079246,ENSG00000117748,0.999414
ENSG00000117748,ENSG00000108055,0.99902
ENSG00000072501,ENSG00000117748,0.99946
ENSG00000132383,ENSG00000072501,0.999522
ENSG00000133119,ENSG00000117748,0.999038
ENSG00000132604,ENSG00000132383,0.999322
ENSG00000092098,ENSG00000127191,0.999775
ENSG00000100804,ENSG00000115233,0.999032
ENSG00000115233,ENSG00000131467,0.999548
ENSG00000203852,ENSG00000101945,0.999454
ENSG00000163041,ENSG00000113648,0.999277
ENSG00000136450,ENSG00000010072,0.999958
ENSG00000010072,ENSG00000131051,0.999771
ENSG00000141510,ENSG00000162521,0.99968
ENSG00000198909,ENSG00000101966,0.999239
ENSG00000110330,ENSG00000198909,0.999161
ENSG00000160789,ENSG00000141510,0.999094
ENSG00000140983,ENSG00000158828,0.999238
ENSG00000132604,ENSG00000100393,0.9991
ENSG00000160789,ENSG00000212935,0.999966
ENSG00000143799,ENSG00000096717,0.999198
ENSG00000044090,ENSG00000167986,0.999484
ENSG00000183337,ENSG00000074266,0.999003
ENSG00000163041,ENSG00000121481,0.999332
ENSG00000110330,ENSG00000156587,0.999135
ENSG00000101966,ENSG00000156587,0.99932
ENSG00000077463,ENSG00000130726,0.999203
ENSG00000166333,ENSG00000168036,0.999448
ENSG00000101945,ENSG00000163041,0.999691
ENSG00000167526,ENSG00000135972,0.999422
ENSG00000167526,ENSG00000037241,0.999369
ENSG00000100603,ENSG00000131876,0.99985
ENSG00000100028,ENSG00000131876,0.999456
ENSG00000125835,ENSG00000131876,0.999491
ENSG00000084072,ENSG00000100603,0.999789
ENSG00000135972,ENSG00000142937,0.999008
ENSG00000105364,ENSG00000174547,0.999881
ENSG00000152256,ENSG00000168291,0.999909
ENSG00000091140,ENSG00000119689,0.999044
ENSG00000102054,ENSG00000074266,0.999718
ENSG00000254772,ENSG00000101210,0.999257
ENSG00000146047,ENSG00000099284,0.999629
ENSG00000146047,ENSG00000113648,0.999727
ENSG00000178999,ENSG00000112742,0.999794
ENSG00000075624,ENSG00000135486,0.999079
ENSG00000135486,ENSG00000105618,0.999012
ENSG00000184678,ENSG00000113648,0.999741
ENSG00000113648,ENSG00000168148,0.999584
ENSG00000096717,ENSG00000183765,0.999448
ENSG00000110880,ENSG00000184009,0.999545
ENSG00000110880,ENSG00000115091,0.999169
ENSG00000140740,ENSG00000152234,0.999703
ENSG00000152234,ENSG00000165637,0.999741
ENSG00000078668,ENSG00000152234,0.999447
ENSG00000165637,ENSG00000110955,0.999871
ENSG00000078668,ENSG00000110955,0.999473
ENSG00000099624,ENSG00000165629,0.999467
ENSG00000165629,ENSG00000078668,0.999618
ENSG00000099624,ENSG00000165637,0.999508
ENSG00000078668,ENSG00000099624,0.999333
ENSG00000154723,ENSG00000099624,0.999889
ENSG00000116752,ENSG00000189091,0.999787
ENSG00000127022,ENSG00000106803,0.999318
ENSG00000078668,ENSG00000178741,0.99905
ENSG00000101811,ENSG00000147140,0.999351
ENSG00000108094,ENSG00000036257,0.999999
ENSG00000100138,ENSG00000130826,0.999263
ENSG00000104529,ENSG00000156508,0.999898
ENSG00000108883,ENSG00000105618,0.9999
ENSG00000122566,ENSG00000169813,0.999137
ENSG00000125944,ENSG00000109606,0.999295
ENSG00000100028,ENSG00000125944,0.999599
ENSG00000127022,ENSG00000166598,0.999173
ENSG00000092621,ENSG00000111716,0.999042
ENSG00000015479,ENSG00000152234,0.999427
ENSG00000147684,ENSG00000139180,0.999229
ENSG00000140740,ENSG00000139180,0.999937
ENSG00000139180,ENSG00000165637,0.999815
ENSG00000139180,ENSG00000078668,0.99969
ENSG00000213619,ENSG00000140740,0.999642
ENSG00000130204,ENSG00000167792,0.999587
ENSG00000070756,ENSG00000183684,0.999213
ENSG00000148606,ENSG00000181222,0.99975
ENSG00000047315,ENSG00000148606,0.999544
ENSG00000213639,ENSG00000186298,0.999708
ENSG00000174231,ENSG00000105618,0.999914
ENSG00000174231,ENSG00000167978,0.999071
ENSG00000131467,ENSG00000100567,0.999636
ENSG00000110880,ENSG00000132383,0.999525
ENSG00000147403,ENSG00000167526,0.999448
ENSG00000147403,ENSG00000105640,0.999717
ENSG00000114391,ENSG00000147403,0.999539
ENSG00000147403,ENSG00000131469,0.999248
ENSG00000147403,ENSG00000137154,0.999605
ENSG00000164587,ENSG00000198755,0.999523
ENSG00000197958,ENSG00000182899,0.999044
ENSG00000197958,ENSG00000089157,0.999405
ENSG00000164587,ENSG00000197958,0.999855
ENSG00000197958,ENSG00000171863,0.99953
ENSG00000105640,ENSG00000167526,0.999647
ENSG00000100316,ENSG00000167526,0.999179
ENSG00000167526,ENSG00000071082,0.999759
ENSG00000172809,ENSG00000167526,0.999815
ENSG00000167526,ENSG00000124614,0.999351
ENSG00000142534,ENSG00000167526,0.999821
ENSG00000105372,ENSG00000167526,0.999294
ENSG00000174748,ENSG00000037241,0.999325
ENSG00000037241,ENSG00000265681,0.999396
ENSG00000182899,ENSG00000265681,0.999517
ENSG00000164587,ENSG00000265681,0.999366
ENSG00000125691,ENSG00000124614,0.999752
ENSG00000122026,ENSG00000037241,0.999307
ENSG00000125691,ENSG00000037241,0.999581
ENSG00000174444,ENSG00000037241,0.999297
ENSG00000131469,ENSG00000167526,0.999845
ENSG00000105640,ENSG00000131469,0.999132
ENSG00000122406,ENSG00000131469,0.99958
ENSG00000089157,ENSG00000131469,0.999216
ENSG00000131469,ENSG00000177954,0.999476
ENSG00000149273,ENSG00000131469,0.9992
ENSG00000166441,ENSG00000105640,0.999096
ENSG00000125691,ENSG00000166441,0.999776
ENSG00000163682,ENSG00000166441,0.999607
ENSG00000166441,ENSG00000164587,0.999485
ENSG00000177954,ENSG00000166441,0.999194
ENSG00000156482,ENSG00000114391,0.999845
ENSG00000156482,ENSG00000037241,0.999412
ENSG00000105372,ENSG00000156482,0.999274
ENSG00000008988,ENSG00000156482,0.999105
ENSG00000167526,ENSG00000182899,0.999443
ENSG00000125691,ENSG00000182899,0.999724
ENSG00000182899,ENSG00000114391,0.999073
ENSG00000166441,ENSG00000182899,0.999625
ENSG00000182899,ENSG00000163682,0.999525
ENSG00000182899,ENSG00000089157,0.999235
ENSG00000182899,ENSG00000008988,0.999432
ENSG00000198034,ENSG00000182899,0.999758
ENSG00000197756,ENSG00000147403,0.999419
ENSG00000125691,ENSG00000172809,0.999605
ENSG00000114391,ENSG00000172809,0.999191
ENSG00000172809,ENSG00000163682,0.999199
ENSG00000149273,ENSG00000172809,0.999032
ENSG00000174444,ENSG00000221983,0.999035
ENSG00000037241,ENSG00000122406,0.99919
ENSG00000182899,ENSG00000122406,0.999268
ENSG00000167526,ENSG00000163682,0.999608
ENSG00000163682,ENSG00000118181,0.999801
ENSG00000163682,ENSG00000177954,0.999072
ENSG00000163682,ENSG00000213741,0.999184
ENSG00000172809,ENSG00000089157,0.999472
ENSG00000244038,ENSG00000163902,0.99977
ENSG00000164587,ENSG00000147403,0.999322
ENSG00000164587,ENSG00000167526,0.999783
ENSG00000164587,ENSG00000188846,0.999462
ENSG00000164587,ENSG00000122026,0.999409
ENSG00000114391,ENSG00000164587,0.999865
ENSG00000164587,ENSG00000131469,0.999682
ENSG00000164587,ENSG00000100316,0.999576
ENSG00000096150,ENSG00000167526,0.999827
ENSG00000096150,ENSG00000125691,0.999503
ENSG00000096150,ENSG00000156482,0.999151
ENSG00000096150,ENSG00000182899,0.999376
ENSG00000096150,ENSG00000122406,0.999326
ENSG00000096150,ENSG00000163682,0.999087
ENSG00000197728,ENSG00000167526,0.999813
ENSG00000037241,ENSG00000197728,0.99944
ENSG00000177954,ENSG00000122026,0.999092
ENSG00000125691,ENSG00000177954,0.999479
ENSG00000177954,ENSG00000114391,0.999753
ENSG00000177954,ENSG00000122406,0.999254
ENSG00000089157,ENSG00000177954,0.99928
ENSG00000172809,ENSG00000198034,0.999596
ENSG00000167526,ENSG00000083845,0.999791
ENSG00000171863,ENSG00000114391,0.999569
ENSG00000171863,ENSG00000131469,0.999275
ENSG00000171863,ENSG00000089157,0.999057
ENSG00000147403,ENSG00000142937,0.999271
ENSG00000170889,ENSG00000167526,0.999667
ENSG00000125691,ENSG00000170889,0.99974
ENSG00000170889,ENSG00000163682,0.999567
ENSG00000170889,ENSG00000089157,0.999451
ENSG00000130520,ENSG00000189091,0.999266
ENSG00000165637,ENSG00000005022,0.999426
ENSG00000108055,ENSG00000080503,0.999208
ENSG00000166851,ENSG00000108055,0.999735
ENSG00000144028,ENSG00000105618,0.999734
ENSG00000100028,ENSG00000189091,0.999917
ENSG00000182004,ENSG00000144028,0.999473
ENSG00000130204,ENSG00000213585,0.99943
ENSG00000130204,ENSG00000165637,0.999895
ENSG00000084072,ENSG00000063244,0.999618
ENSG00000221983,ENSG00000118181,0.999201
ENSG00000100567,ENSG00000165280,0.999311
ENSG00000213585,ENSG00000165629,0.999247
ENSG00000165637,ENSG00000165629,0.9998
ENSG00000165637,ENSG00000147684,0.999059
ENSG00000140740,ENSG00000165637,0.99964
ENSG00000118058,ENSG00000196591,0.999703
ENSG00000099284,ENSG00000275714,0.999556
ENSG00000143702,ENSG00000112742,0.999391
ENSG00000100629,ENSG00000112742,0.999392
ENSG00000146425,ENSG00000204843,0.999691
ENSG00000082898,ENSG00000172062,0.999278
ENSG00000198909,ENSG00000082898,0.999425
ENSG00000082898,ENSG00000105202,0.999497
ENSG00000197879,ENSG00000184009,0.999259
ENSG00000100345,ENSG00000130402,0.999058
ENSG00000100345,ENSG00000072110,0.999715
ENSG00000140575,ENSG00000072110,0.999149
ENSG00000172757,ENSG00000197879,0.999477
ENSG00000116478,ENSG00000163041,0.999018
ENSG00000092199,ENSG00000153187,0.999486
ENSG00000126945,ENSG00000138668,0.999272
ENSG00000165119,ENSG00000126945,0.999467
ENSG00000100345,ENSG00000011426,0.999608
ENSG00000100345,ENSG00000197879,0.999635
ENSG00000197879,ENSG00000140575,0.999308
ENSG00000196586,ENSG00000100345,0.999472
ENSG00000147403,ENSG00000265681,0.999053
ENSG00000074319,ENSG00000101421,0.999584
ENSG00000100764,ENSG00000114062,0.999077
ENSG00000140575,ENSG00000100345,0.999607
ENSG00000100345,ENSG00000115091,0.999477
ENSG00000140575,ENSG00000115091,0.999205
ENSG00000100345,ENSG00000163466,0.999409
ENSG00000153187,ENSG00000183684,0.999116
ENSG00000171992,ENSG00000100345,0.999679
ENSG00000198898,ENSG00000110880,0.99916
ENSG00000110880,ENSG00000113758,0.999669
ENSG00000110880,ENSG00000196924,0.999453
ENSG00000110880,ENSG00000100345,0.999737
ENSG00000110880,ENSG00000197879,0.999742
ENSG00000140575,ENSG00000110880,0.999767
ENSG00000171992,ENSG00000110880,0.99938
ENSG00000050405,ENSG00000110880,0.999543
ENSG00000011426,ENSG00000110880,0.999103
ENSG00000196535,ENSG00000110880,0.9996
ENSG00000126945,ENSG00000147274,0.999147
ENSG00000171992,ENSG00000143375,0.999216
ENSG00000148498,ENSG00000168036,0.999189
ENSG00000278463,ENSG00000113648,0.999482
ENSG00000100393,ENSG00000072501,0.999375
ENSG00000104722,ENSG00000261609,0.999297
ENSG00000148798,ENSG00000261609,1
ENSG00000261609,ENSG00000277586,0.999677
ENSG00000130726,ENSG00000067369,0.999014
ENSG00000198793,ENSG00000198909,0.999191
ENSG00000073111,ENSG00000163041,0.999703
ENSG00000073111,ENSG00000253729,0.999068
ENSG00000100297,ENSG00000163041,0.999504
ENSG00000178691,ENSG00000115289,0.999336
ENSG00000168283,ENSG00000115289,0.999755
ENSG00000106462,ENSG00000115289,0.99988
ENSG00000139180,ENSG00000189043,0.999572
ENSG00000189043,ENSG00000140990,0.999663
ENSG00000115286,ENSG00000189043,0.999939
ENSG00000167792,ENSG00000189043,0.999779
ENSG00000158864,ENSG00000189043,0.99942
ENSG00000189043,ENSG00000169021,0.999814
ENSG00000213619,ENSG00000189043,0.999925
ENSG00000189043,ENSG00000165629,0.999537
ENSG00000130204,ENSG00000189043,0.999569
ENSG00000140740,ENSG00000189043,0.999834
ENSG00000189043,ENSG00000147684,0.999437
ENSG00000063244,ENSG00000109606,0.999593
ENSG00000108883,ENSG00000063244,0.999698
ENSG00000135486,ENSG00000063244,0.999463
ENSG00000122566,ENSG00000063244,0.999548
ENSG00000063244,ENSG00000174231,0.999643
ENSG00000063244,ENSG00000099995,0.999859
ENSG00000063244,ENSG00000087365,0.999778
ENSG00000135870,ENSG00000124214,0.999419
ENSG00000110955,ENSG00000154723,0.999796
ENSG00000079999,ENSG00000039068,0.999133
ENSG00000196591,ENSG00000168283,0.999633
ENSG00000141736,ENSG00000150093,0.999095
ENSG00000144566,ENSG00000074319,0.999215
ENSG00000136986,ENSG00000127022,0.999515
ENSG00000131828,ENSG00000075239,0.999516
ENSG00000206450,ENSG00000146648,0.999271
ENSG00000148798,ENSG00000104722,1
ENSG00000113648,ENSG00000099284,0.9999
ENSG00000026025,ENSG00000148798,0.999655
ENSG00000131095,ENSG00000148798,0.999841
ENSG00000087365,ENSG00000182004,0.999241
ENSG00000182004,ENSG00000115524,0.999219
ENSG00000131876,ENSG00000182004,0.999679
ENSG00000182004,ENSG00000084072,0.999348
ENSG00000136897,ENSG00000174547,0.999733
ENSG00000147684,ENSG00000115286,0.999292
ENSG00000189091,ENSG00000182004,0.999972
ENSG00000100603,ENSG00000182004,0.99978
ENSG00000164587,ENSG00000037241,0.99945
ENSG00000182004,ENSG00000108883,0.999595
ENSG00000117461,ENSG00000145675,0.999722
ENSG00000113648,ENSG00000188486,0.999826
ENSG00000105618,ENSG00000182004,0.999785
ENSG00000104852,ENSG00000131876,0.99969
ENSG00000084072,ENSG00000131876,0.999374
ENSG00000132383,ENSG00000144554,0.999123
ENSG00000115053,ENSG00000131469,0.999157
ENSG00000131051,ENSG00000115053,0.999021
ENSG00000169217,ENSG00000189091,0.999547
ENSG00000014919,ENSG00000189043,0.999763
ENSG00000014919,ENSG00000169100,0.999099
ENSG00000182199,ENSG00000131828,0.999204
ENSG00000131828,ENSG00000165637,0.999578
ENSG00000140740,ENSG00000073578,0.99981
ENSG00000213585,ENSG00000005022,0.99911
ENSG00000138029,ENSG00000213585,0.999593
ENSG00000131828,ENSG00000213585,0.999464
ENSG00000278463,ENSG00000276410,0.999837
ENSG00000100393,ENSG00000079246,0.999435
ENSG00000096717,ENSG00000187531,0.999621
ENSG00000012048,ENSG00000108094,0.999997
ENSG00000177606,ENSG00000137693,0.999403
ENSG00000108468,ENSG00000196591,0.999199
ENSG00000196591,ENSG00000122565,0.999266
ENSG00000162521,ENSG00000122565,0.999556
ENSG00000196591,ENSG00000094916,0.999919
ENSG00000113558,ENSG00000141570,0.999003
ENSG00000196591,ENSG00000125952,0.999186
ENSG00000077782,ENSG00000099942,0.999269
ENSG00000185896,ENSG00000005893,0.999901
ENSG00000168036,ENSG00000100345,0.999581
ENSG00000141367,ENSG00000109971,0.999545
ENSG00000169564,ENSG00000135486,0.999385
ENSG00000084072,ENSG00000135486,0.999096
ENSG00000084072,ENSG00000087365,0.999178
ENSG00000084072,ENSG00000099783,0.999494
ENSG00000084072,ENSG00000108654,0.99972
ENSG00000092199,ENSG00000084072,0.99973
ENSG00000174231,ENSG00000084072,0.999033
ENSG00000165119,ENSG00000084072,0.999547
ENSG00000108883,ENSG00000084072,0.999596
ENSG00000156587,ENSG00000109971,0.999106
ENSG00000197879,ENSG00000168036,0.999405
ENSG00000168036,ENSG00000156587,0.999167
ENSG00000108654,ENSG00000174231,0.999197
ENSG00000122566,ENSG00000174231,0.999703
ENSG00000174231,ENSG00000092199,0.99981
ENSG00000174231,ENSG00000165119,0.999723
ENSG00000174231,ENSG00000136450,0.999806
ENSG00000174231,ENSG00000183684,0.999356
ENSG00000183431,ENSG00000174231,0.99945
ENSG00000104872,ENSG00000174231,0.999607
ENSG00000108654,ENSG00000108883,0.999599
ENSG00000108883,ENSG00000135486,0.999847
ENSG00000169045,ENSG00000108883,0.999014
ENSG00000100297,ENSG00000108883,0.999307
ENSG00000108883,ENSG00000161547,0.999051
ENSG00000108883,ENSG00000099995,0.999788
ENSG00000104872,ENSG00000135486,0.999145
ENSG00000104872,ENSG00000153187,0.999222
ENSG00000109971,ENSG00000104872,0.99911
ENSG00000115053,ENSG00000104872,0.999126
ENSG00000104872,ENSG00000108883,0.999394
ENSG00000108883,ENSG00000073111,0.99964
ENSG00000100138,ENSG00000108883,0.999605
ENSG00000108883,ENSG00000104852,0.999319
ENSG00000108883,ENSG00000143569,0.999295
ENSG00000108883,ENSG00000183431,0.999796
ENSG00000108883,ENSG00000147274,0.999307
ENSG00000115053,ENSG00000174720,0.999288
ENSG00000174007,ENSG00000143702,0.999422
ENSG00000138029,ENSG00000140009,0.999142
ENSG00000106462,ENSG00000118058,0.99976
ENSG00000106462,ENSG00000143569,0.999352
ENSG00000129691,ENSG00000106462,0.999704
ENSG00000181449,ENSG00000177606,0.999361
ENSG00000135446,ENSG00000141510,0.999308
ENSG00000136997,ENSG00000073111,0.999343
ENSG00000144021,ENSG00000136997,0.999895
ENSG00000136997,ENSG00000137807,0.999665
ENSG00000160803,ENSG00000185627,0.999119
ENSG00000188486,ENSG00000276410,0.999532
ENSG00000105202,ENSG00000171453,0.999436
ENSG00000105202,ENSG00000109534,0.999965
ENSG00000163041,ENSG00000275714,0.99947
ENSG00000167552,ENSG00000167553,0.999386
ENSG00000080345,ENSG00000178999,0.999299
ENSG00000092820,ENSG00000196586,0.999574
ENSG00000185359,ENSG00000185896,0.999501
ENSG00000135972,ENSG00000137154,0.999205
ENSG00000144381,ENSG00000084754,0.999112
ENSG00000138029,ENSG00000144381,0.999253
ENSG00000152256,ENSG00000106028,0.999147
ENSG00000147140,ENSG00000165819,0.999177
ENSG00000135870,ENSG00000155363,0.999644
ENSG00000159251,ENSG00000143632,0.999912
ENSG00000159251,ENSG00000110880,0.9997
ENSG00000188486,ENSG00000196591,0.999542
ENSG00000178691,ENSG00000188486,0.999526
ENSG00000163041,ENSG00000188486,0.99931
ENSG00000116062,ENSG00000164032,0.999296
ENSG00000099284,ENSG00000164032,0.999575
ENSG00000178952,ENSG00000106028,0.999723
ENSG00000168040,ENSG00000181852,0.999148
ENSG00000100297,ENSG00000183765,0.999362
ENSG00000186868,ENSG00000101367,0.999328
ENSG00000141027,ENSG00000116478,0.999819
ENSG00000186298,ENSG00000196591,0.999086
ENSG00000072501,ENSG00000188486,0.999314
ENSG00000196591,ENSG00000100393,0.999271
ENSG00000196591,ENSG00000100297,0.999593
ENSG00000215301,ENSG00000196591,0.999359
ENSG00000085276,ENSG00000149480,0.999171
ENSG00000196591,ENSG00000085276,0.999633
ENSG00000186868,ENSG00000100030,0.999159
ENSG00000066427,ENSG00000204390,0.999031
ENSG00000138029,ENSG00000152234,0.999278
ENSG00000139180,ENSG00000138095,0.99961
ENSG00000115286,ENSG00000140740,0.999704
ENSG00000110955,ENSG00000168291,0.999744
ENSG00000084754,ENSG00000110955,0.999282
ENSG00000110955,ENSG00000131828,0.999753
ENSG00000138029,ENSG00000110955,0.999602
ENSG00000167792,ENSG00000140740,0.999881
ENSG00000138029,ENSG00000113013,0.999313
ENSG00000131828,ENSG00000115286,0.999386
ENSG00000152234,ENSG00000178741,0.999569
ENSG00000213619,ENSG00000110955,0.9998
ENSG00000138029,ENSG00000184117,0.999524
ENSG00000084754,ENSG00000165637,0.999523
ENSG00000131828,ENSG00000213619,0.999216
ENSG00000115286,ENSG00000110955,0.999809
ENSG00000152234,ENSG00000168291,0.999607
ENSG00000140990,ENSG00000152234,0.999573
ENSG00000110955,ENSG00000140990,0.999462
ENSG00000110955,ENSG00000167792,0.999737
ENSG00000110955,ENSG00000113013,0.999286
ENSG00000152234,ENSG00000131828,0.999307
ENSG00000140990,ENSG00000140740,0.99979
ENSG00000110955,ENSG00000178741,0.999591
ENSG00000110955,ENSG00000139180,0.999891
ENSG00000138029,ENSG00000165629,0.999419
ENSG00000138029,ENSG00000139180,0.999298
ENSG00000108064,ENSG00000138029,0.999621
ENSG00000166598,ENSG00000143198,0.999055
ENSG00000189043,ENSG00000165637,0.999399
ENSG00000189043,ENSG00000078668,0.999341
ENSG00000213585,ENSG00000140990,0.999167
ENSG00000110955,ENSG00000158864,0.999736
ENSG00000158864,ENSG00000130204,0.999495
ENSG00000140740,ENSG00000158864,0.999863
ENSG00000158864,ENSG00000165637,0.999504
ENSG00000078668,ENSG00000158864,0.999264
ENSG00000213619,ENSG00000130204,0.999676
ENSG00000165637,ENSG00000213619,0.999637
ENSG00000213619,ENSG00000078668,0.999557
ENSG00000130204,ENSG00000115286,0.999581
ENSG00000165637,ENSG00000115286,0.999627
ENSG00000115286,ENSG00000078668,0.999558
ENSG00000167792,ENSG00000078668,0.99932
ENSG00000165629,ENSG00000131828,0.999704
ENSG00000131828,ENSG00000138029,0.999345
ENSG00000131828,ENSG00000139180,0.999767
ENSG00000130204,ENSG00000110955,0.999632
ENSG00000130204,ENSG00000165629,0.999722
ENSG00000130204,ENSG00000139180,0.999777
ENSG00000147684,ENSG00000140740,0.999851
ENSG00000138029,ENSG00000165637,0.999795
ENSG00000165637,ENSG00000108064,0.999618
ENSG00000108654,ENSG00000104852,0.999681
ENSG00000104852,ENSG00000109606,0.999477
ENSG00000104852,ENSG00000135486,0.999828
ENSG00000104852,ENSG00000092199,0.999746
ENSG00000099783,ENSG00000104852,0.99955
ENSG00000104852,ENSG00000100138,0.999699
ENSG00000065978,ENSG00000104852,0.999055
ENSG00000183684,ENSG00000104852,0.999191
ENSG00000104852,ENSG00000143368,0.999639
ENSG00000104852,ENSG00000087365,0.999748
ENSG00000072803,ENSG00000139842,0.999522
ENSG00000158290,ENSG00000072803,0.999551
ENSG00000108654,ENSG00000124562,0.999385
ENSG00000124562,ENSG00000100028,0.999294
ENSG00000158290,ENSG00000136485,0.999274
ENSG00000181852,ENSG00000083799,0.999233
ENSG00000143368,ENSG00000063244,0.999688
ENSG00000020922,ENSG00000130726,0.999527
ENSG00000112118,ENSG00000101945,0.999253
ENSG00000212938,ENSG00000186930,0.999724
ENSG00000144554,ENSG00000117748,0.999234
ENSG00000072501,ENSG00000144554,0.999754
ENSG00000116478,ENSG00000173110,0.999074
ENSG00000072501,ENSG00000080345,0.999232
ENSG00000156976,ENSG00000063046,0.999913
ENSG00000129245,ENSG00000005007,0.999277
ENSG00000257103,ENSG00000135870,0.999556
ENSG00000092847,ENSG00000135870,0.999121
ENSG00000135870,ENSG00000090905,0.999478
ENSG00000122966,ENSG00000110880,0.99961
ENSG00000099942,ENSG00000137807,0.999346
ENSG00000067066,ENSG00000141510,0.99901
ENSG00000163564,ENSG00000167978,0.999075
ENSG00000177646,ENSG00000156469,0.999018
ENSG00000075239,ENSG00000062485,0.999127
ENSG00000062485,ENSG00000167862,0.999775
ENSG00000167862,ENSG00000131828,0.999277
ENSG00000182199,ENSG00000146701,0.999115
ENSG00000132676,ENSG00000174547,0.9997
ENSG00000055950,ENSG00000174547,0.999667
ENSG00000147586,ENSG00000174547,0.999918
ENSG00000144029,ENSG00000174547,0.999564
ENSG00000174547,ENSG00000135972,0.999893
ENSG00000131828,ENSG00000036473,0.999554
ENSG00000108829,ENSG00000196396,0.999117
ENSG00000137824,ENSG00000112742,0.999263
ENSG00000062485,ENSG00000106028,0.999144
ENSG00000062485,ENSG00000178952,0.999088
ENSG00000178952,ENSG00000084754,0.999238
ENSG00000198909,ENSG00000050820,0.999365
ENSG00000143569,ENSG00000108829,0.999396
ENSG00000070831,ENSG00000101367,0.999125
ENSG00000141867,ENSG00000116478,0.999059
ENSG00000141867,ENSG00000131051,0.999182
ENSG00000074319,ENSG00000141458,0.999398
ENSG00000141458,ENSG00000005893,0.999502
ENSG00000139842,ENSG00000108094,0.999997
ENSG00000174231,ENSG00000131051,0.999463
ENSG00000131051,ENSG00000143569,0.999195
ENSG00000131051,ENSG00000116478,0.99912
ENSG00000140740,ENSG00000169021,0.999907
ENSG00000147133,ENSG00000118260,0.999194
