ID,trait_PathoAD,trait_ClinAD,trait_B.amyloid,trait_Tau.tangles,trait_Cognitive.decline,direction_CBE,direction_TCX
ENSG00000170759,2.26,7.13,4.6,1.86,10.26,NONE,UP
ENSG00000116661,3.56,5.59,2.65,2.55,9.01,NONE,UP
ENSG00000112851,1.87,4.78,6.42,1.79,7.96,NONE,UP
ENSG00000071054,2.09,6.22,6.41,1.04,7.51,NONE,NONE
ENSG00000140564,3,5.18,2.72,3.44,7.46,NONE,NONE
ENSG00000177807,2.63,3.25,4.31,0.93,7.32,UP,UP
ENSG00000170276,3.38,5.76,2.5,4.83,7.31,NA,NA
ENSG00000165458,2.14,3.43,4.04,1.24,7.26,NONE,UP
ENSG00000105655,3.22,5.82,3.3,3.91,7.13,NONE,UP
ENSG00000136848,3.1,4.2,4.4,4.31,7.04,NONE,NONE
ENSG00000155368,2,4,3.04,1.57,6.69,NONE,UP
ENSG00000116786,1,4.87,1.04,0.54,6.58,NONE,UP
ENSG00000140931,2.81,4.07,4.33,3.76,6.57,NONE,UP
ENSG00000171206,2.16,2.75,4.15,1.36,6.43,NONE,UP
ENSG00000079841,-1.48,-3.27,-3.24,-2.34,-6.41,NONE,DOWN
ENSG00000165092,-1.03,-5.29,-0.03,-2.45,-6.39,NONE,NONE
ENSG00000155980,0.93,6.37,1.91,0.3,6.35,NONE,UP
ENSG00000196154,3.42,7.2,3.31,2.89,6.34,UP,UP
ENSG00000141433,-1.68,-3.41,-2.45,-2.48,-6.31,NONE,DOWN
ENSG00000143321,1.88,2.58,6.23,2.48,6.11,NONE,NONE
ENSG00000181555,1.4,3.07,1.36,2.69,6.02,NONE,NONE
ENSG00000124785,-1.74,-3.09,-2.43,-1.85,-6.01,NONE,DOWN
ENSG00000110492,-3.53,-4.16,-3.85,-3.73,-5.79,DOWN,NONE
ENSG00000102547,1.89,4.39,3.04,2.01,5.73,NONE,UP
ENSG00000164949,0.97,3.31,2.62,0.5,5.66,UP,UP
ENSG00000108691,1.06,2.14,1.52,0.74,5.61,UP,UP
ENSG00000149269,-1.44,-2.8,-3.21,-1.38,-5.59,DOWN,DOWN
ENSG00000175390,-3.29,-2.01,-1.15,-2.2,-5.5,NONE,NONE
ENSG00000118515,3.86,2.72,7.12,2.1,5.44,NONE,UP
ENSG00000145907,1.34,4.05,2.98,0.64,5.41,NONE,UP
ENSG00000160097,-0.38,-3.19,-2.85,-0.75,-5.39,NONE,DOWN
ENSG00000121966,1.28,3.12,2.27,1.87,5.33,UP,UP
ENSG00000168209,1.87,1.84,3.99,2.08,5.33,UP,UP
ENSG00000142208,1.92,2.4,1.82,1.3,5.29,NONE,NONE
ENSG00000179094,1.13,2.4,2.37,0.89,5.27,NONE,NONE
ENSG00000128271,2.35,3.24,5.36,3.06,5.23,UP,UP
ENSG00000048052,-1.87,-2.01,-2.72,-1.37,-5.19,NONE,DOWN
ENSG00000166333,1.3,3.49,1.75,0.9,5.17,NA,NA
ENSG00000205726,1.49,2.41,1.81,1.56,5.12,NONE,NONE
ENSG00000005339,1.25,2.57,3.06,0.82,5.02,NONE,NONE
ENSG00000084676,1.41,3.95,3.07,2.58,4.97,NONE,NONE
ENSG00000097007,1.75,2.38,3.88,0.39,4.96,NONE,NONE
ENSG00000103319,1.01,2.31,1.54,1.28,4.94,NONE,NONE
ENSG00000115457,-0.68,-2.63,-1.68,-0.74,-4.93,NONE,NONE
ENSG00000081913,2.5,2.56,5.12,0.49,4.92,NONE,UP
ENSG00000157005,-3.07,-2.74,-4.26,-2.9,-4.85,NONE,DOWN
ENSG00000050426,-1.76,-2.57,-2.03,-0.85,-4.84,DOWN,DOWN
ENSG00000065882,1.35,3.67,0.73,1.49,4.78,NONE,UP
ENSG00000135144,3.44,2.27,3.98,2.62,4.76,NONE,NONE
ENSG00000184371,1.19,1.69,3.08,0.23,4.75,NONE,UP
ENSG00000157064,-1.74,-2.3,-3.56,-2.04,-4.73,NONE,DOWN
ENSG00000104687,-1.02,-2.05,-1.35,-1.1,-4.68,NONE,NONE
ENSG00000112561,2.83,1.28,4.35,2.16,4.66,NONE,NONE
ENSG00000096717,1.11,3.08,3.84,1.16,4.64,NONE,NONE
ENSG00000173039,1.35,3.12,3.15,0.3,4.59,UP,UP
ENSG00000117298,2.64,2.47,6.02,1.38,4.55,NONE,UP
ENSG00000089041,1.31,4.16,3.65,0.27,4.53,UP,UP
ENSG00000136205,2.26,2.17,3,0.97,4.46,NONE,UP
ENSG00000068903,2.18,2.65,5.44,0.34,4.4,NONE,NONE
ENSG00000198836,-1.71,-1.73,-4.6,-0.64,-4.35,NONE,NONE
ENSG00000100811,3.52,3.2,3.45,3.96,4.32,NONE,NONE
ENSG00000109436,-1.89,-1.33,-2.68,-1.4,-4.2,UP,DOWN
ENSG00000107643,-1.65,-1.1,-2.72,-1.43,-4.2,NONE,DOWN
ENSG00000072832,-1.14,-1.65,-2.2,-1.7,-4.18,NONE,NONE
ENSG00000089234,-1.85,-2.2,-2.16,-2.67,-4.17,NONE,NONE
ENSG00000133794,0.2,3.29,-0.08,0.58,4.16,NONE,NONE
ENSG00000065978,0.77,2.59,2.79,0.13,4.16,NONE,UP
ENSG00000164010,1.62,2.95,1.77,2.43,4.05,NONE,NONE
ENSG00000130703,1.81,1.77,2.39,2.82,4.04,NONE,NONE
ENSG00000111667,-0.21,-2.7,-1.16,-0.67,-3.95,NONE,NONE
ENSG00000109320,1.81,3.37,3.62,0.72,3.93,NONE,UP
ENSG00000171791,1.08,1.76,2.94,0.62,3.92,NONE,UP
ENSG00000130707,-1.28,-1.85,-3.29,-0.45,-3.92,NONE,NONE
ENSG00000101152,-0.43,-1.86,-1.28,-0.83,-3.91,NONE,NONE
ENSG00000171552,2.31,2.59,3.05,2.01,3.9,NONE,NONE
ENSG00000105376,-1.73,-3.5,-3.27,-2.33,-3.88,NONE,DOWN
ENSG00000100628,-0.68,-2.55,-2.17,-1.25,-3.84,NONE,DOWN
ENSG00000198719,0.69,1.03,2.44,0.14,3.82,NONE,UP
ENSG00000113645,0.94,1.82,1.23,0.86,3.78,NONE,UP
ENSG00000166224,2.02,2.28,3.8,1.37,3.78,NONE,NONE
ENSG00000103126,1.48,1.99,2.01,2.15,3.75,NONE,NONE
ENSG00000266524,-0.55,-3.02,-0.3,-1.84,-3.73,NONE,NONE
ENSG00000148660,2.2,2.1,2.21,4.19,3.69,NONE,NONE
ENSG00000120129,0.26,1.96,2.04,0.41,3.68,UP,UP
ENSG00000156345,-1.09,-2.11,-2.77,-1.57,-3.67,NONE,NONE
ENSG00000105329,1.33,1.51,3.3,0.33,3.67,UP,UP
ENSG00000170525,0.86,1.72,3.11,-0.07,3.6,NONE,UP
ENSG00000164062,-0.24,-1.71,-2.35,-0.99,-3.59,NONE,NONE
ENSG00000008294,1.21,2.46,3.78,0.36,3.57,NONE,NONE
ENSG00000115825,0.66,2.52,4.06,0.27,3.55,NONE,UP
ENSG00000157916,-0.91,-2.44,-0.08,-1.94,-3.54,NONE,NONE
ENSG00000134243,1.52,2.25,3.69,0.76,3.51,UP,UP
ENSG00000112079,0.3,1.97,0.34,0.43,3.51,NONE,UP
ENSG00000116478,1.06,1.44,3.18,0.56,3.5,NONE,UP
ENSG00000147571,-1.6,-1.92,-2.47,-1.21,-3.47,NONE,DOWN
ENSG00000148180,0.91,1.61,3.06,0.13,3.47,UP,UP
ENSG00000137573,-0.48,-2.19,-0.02,-0.62,-3.46,NONE,NONE
ENSG00000110786,-2.04,-1.55,-3.99,-1.74,-3.45,DOWN,DOWN
ENSG00000119922,1.7,3.19,2.34,1.19,3.44,UP,NONE
ENSG00000113721,1.22,2.21,2.85,0.53,3.43,NONE,UP
ENSG00000157933,2.15,1.84,2.98,0.81,3.42,NONE,NONE
ENSG00000005513,2.25,1.18,4.01,1.29,3.42,NONE,NONE
ENSG00000108883,-0.72,-0.76,-1.37,-0.55,-3.4,NONE,NONE
ENSG00000010810,1.09,1.67,3.43,0.81,3.39,NONE,UP
ENSG00000113384,1.35,3.5,3.01,0.89,3.39,NONE,NONE
ENSG00000132906,-0.89,-4.1,-1.23,-1.53,-3.37,NONE,NONE
ENSG00000149260,-0.45,-0.92,-2.05,-0.84,-3.37,NONE,NONE
ENSG00000138794,0.8,3.23,0.84,1.02,3.35,NONE,UP
ENSG00000103449,0.73,1.59,3.29,0.04,3.34,UP,UP
ENSG00000121671,-1.27,-1.9,-0.95,-3.62,-3.34,NONE,NONE
ENSG00000101460,-0.83,-1.24,-2.34,-1.04,-3.33,NONE,DOWN
ENSG00000100393,1.65,2.88,3.3,0.43,3.32,NONE,NONE
ENSG00000118785,2.53,1.86,5.66,0.86,3.32,UP,UP
ENSG00000101665,2.37,2.61,3.55,1.25,3.32,NONE,NONE
ENSG00000150907,0.5,0.39,2.89,0.49,3.31,UP,UP
ENSG00000109111,4.28,2.42,4.74,1.79,3.3,NONE,NONE
ENSG00000152952,1.12,1.36,3.3,0.62,3.28,UP,UP
ENSG00000135525,1.11,2.16,3.58,0.16,3.27,NONE,NONE
ENSG00000056736,0.2,1.3,1.01,0.25,3.27,UP,UP
ENSG00000213722,3.71,1.47,4.5,2.36,3.26,NONE,UP
ENSG00000131095,3.33,1.78,5.95,2.21,3.26,NONE,UP
ENSG00000108854,0.3,1.38,0.9,0.39,3.24,NONE,NONE
ENSG00000000003,0.03,2.3,0.79,0.25,3.24,UP,UP
ENSG00000184702,-0.75,-2.09,-1.02,-0.47,-3.2,NONE,NONE
ENSG00000144366,-1.82,-1.92,-2.38,-1.28,-3.2,NONE,NONE
ENSG00000184216,0.94,2.66,1.68,2.13,3.2,UP,UP
ENSG00000101474,-0.21,-1.63,-1.61,-0.81,-3.18,UP,NONE
ENSG00000145632,-1.01,-2.57,-1.95,-0.97,-3.15,NONE,DOWN
ENSG00000198417,2.16,2.25,2.76,3.35,3.15,NONE,UP
ENSG00000100300,1.18,1.74,1.96,1.04,3.15,UP,UP
ENSG00000065361,2.67,1.47,4.38,1.1,3.11,NONE,NONE
ENSG00000172216,0.48,0.7,0.89,-0.21,3.09,UP,UP
ENSG00000071564,0.74,1,1.21,0.85,3.06,NONE,UP
ENSG00000083799,1.31,1.96,1.87,2.39,3.05,NONE,NONE
ENSG00000129757,1.42,1.86,2.34,0.87,3.05,NONE,NONE
ENSG00000197959,-0.47,-0.77,-1.03,-0.95,-3.04,NONE,DOWN
ENSG00000004534,0.72,1.84,0.72,2.07,3.04,NONE,NONE
ENSG00000182220,-1.88,-0.8,-2.23,-2.92,-3.04,NONE,NONE
ENSG00000127445,-0.76,-1.29,-2.06,-0.79,-3.02,NONE,NONE
ENSG00000105397,1.01,1.6,0.69,2.01,3.01,NONE,NONE
ENSG00000076716,1.68,2.32,2.3,0.72,3,UP,UP
ENSG00000242252,-0.65,-2.82,-0.56,-1.54,-2.99,NA,NA
ENSG00000102119,-2.68,-2.55,-2.85,-2.71,-2.97,NONE,NONE
ENSG00000132510,1.26,0.97,1.67,0.63,2.97,NONE,NONE
ENSG00000120738,-1.33,-1.58,-2.18,-2.5,-2.96,NONE,DOWN
ENSG00000092969,1.5,1.42,2.93,1.04,2.94,UP,UP
ENSG00000173207,0.58,1.35,1.54,0.2,2.92,NONE,UP
ENSG00000117280,1.84,1.86,3.6,0.38,2.91,UP,UP
ENSG00000112139,3.47,1.38,2.96,2.03,2.9,NONE,UP
ENSG00000124523,-1.7,-1.46,-1.75,-1.87,-2.9,NONE,NONE
ENSG00000164733,-1.31,-2.29,-0.42,-1.58,-2.86,NONE,NONE
ENSG00000104067,1.1,1.82,4.03,0.32,2.84,NONE,UP
ENSG00000064687,1.03,1.93,0.43,2.32,2.83,NONE,NONE
ENSG00000148498,1.12,1.01,1.74,2.13,2.83,NONE,UP
ENSG00000088888,0.86,1.13,2.93,0.05,2.82,NONE,NONE
ENSG00000184486,2.2,1.12,3.21,1.34,2.8,NONE,UP
ENSG00000131899,1.98,1.65,4.3,0.16,2.79,NONE,NONE
ENSG00000005893,1.56,2.02,5.71,0.12,2.79,NONE,UP
ENSG00000169715,1.14,1.09,2.02,2.98,2.78,NONE,UP
ENSG00000060656,0.8,1.59,0.48,1.07,2.78,NONE,NONE
ENSG00000170579,-1.73,-1.11,-3.37,-0.92,-2.78,NONE,DOWN
ENSG00000100151,1.7,1.69,0.88,2.78,2.75,NONE,NONE
ENSG00000168610,0.44,1.06,2.73,0.04,2.74,NONE,UP
ENSG00000143258,1.49,2.81,1.64,1.4,2.73,NONE,NONE
ENSG00000137843,-1.48,-1.43,-3.05,-0.31,-2.71,NONE,DOWN
ENSG00000114166,1.74,1.99,4.39,0.2,2.71,NONE,UP
ENSG00000156650,1.41,1.86,1.1,1.46,2.7,NONE,NONE
ENSG00000166592,3.08,1.4,3.46,2.25,2.69,UP,UP
ENSG00000177374,1.17,1.47,2.64,1.13,2.65,NONE,UP
ENSG00000105229,1.62,1.14,1.29,1.07,2.64,NONE,NONE
ENSG00000075415,-1.84,-0.97,-2.02,-2.72,-2.64,NONE,NONE
ENSG00000167701,1.4,1.21,0.99,0.79,2.64,NONE,UP
ENSG00000141646,0.74,1.66,3.52,0.88,2.62,NONE,NONE
ENSG00000167461,1.15,1.63,0.73,0.29,2.61,NONE,NONE
ENSG00000101347,0.88,0.79,1.65,1.19,2.59,UP,UP
ENSG00000102125,0.62,1.81,1.22,1.03,2.59,NONE,NONE
ENSG00000070669,-1.64,-1.8,-2.76,-1.14,-2.58,DOWN,NONE
ENSG00000153944,0.6,1.11,2.13,0.08,2.56,NONE,UP
ENSG00000007372,0.84,0.95,0.92,0.16,2.56,NONE,UP
ENSG00000106211,0.93,0.78,1.17,0.67,2.56,NONE,UP
ENSG00000163069,0.53,1.66,2.93,1.4,2.55,NONE,NONE
ENSG00000107562,-0.09,-0.91,-0.32,-1.29,-2.55,NONE,NONE
ENSG00000162298,0.34,1.17,0.59,-0.17,2.53,NONE,NONE
ENSG00000124299,2.06,2.36,1.14,1.58,2.53,NONE,NONE
ENSG00000102003,-0.35,-1.54,-1.49,-1.44,-2.53,NONE,NONE
ENSG00000167755,2.19,1.55,2.81,0.68,2.52,NONE,NONE
ENSG00000067715,0.06,-0.66,-0.51,-0.13,-2.5,NONE,DOWN
ENSG00000186153,0.41,0.78,0.25,1.45,2.48,NONE,UP
ENSG00000069329,-1.09,-0.99,-1.79,-0.8,-2.47,NONE,NONE
ENSG00000136826,-0.29,1.23,0.68,-0.12,2.47,UP,UP
ENSG00000143507,1.51,2.53,3.89,2.38,2.46,NONE,NONE
ENSG00000135250,-0.19,-0.87,-0.63,-0.14,-2.44,NONE,NONE
ENSG00000128683,-1.44,-1.17,-2.08,-0.87,-2.43,NONE,DOWN
ENSG00000100678,-0.05,-1.01,-0.98,-0.2,-2.41,NONE,DOWN
ENSG00000122862,0.07,1.59,1.31,-0.05,2.41,UP,UP
ENSG00000120549,-2.27,-1.42,-2.97,-0.61,-2.41,NONE,NONE
ENSG00000266173,-0.54,-1.37,-1.48,-2.01,-2.41,NONE,NONE
ENSG00000163629,0.53,2.1,2.68,0.57,2.38,NONE,UP
ENSG00000137880,0.51,1.69,-0.05,0.94,2.37,NA,NA
ENSG00000106397,0.83,1.34,1.03,0.07,2.37,NONE,UP
ENSG00000196923,2.09,1.18,0.48,2.05,2.36,NONE,NONE
ENSG00000166484,1.81,1.55,2.77,0.07,2.36,NONE,NONE
ENSG00000148400,1.57,0.83,4.6,-0.06,2.33,NONE,UP
ENSG00000180921,0.32,-1.19,-0.42,-0.23,-2.32,DOWN,NONE
ENSG00000184144,2.24,1.44,4.21,-0.07,2.32,NONE,NONE
ENSG00000019991,0.23,1.32,0.65,0.03,2.31,UP,UP
ENSG00000141503,0.9,1.46,2.61,-0.15,2.31,NONE,NONE
ENSG00000197386,-0.87,-1.97,-1.45,0.05,-2.3,NONE,NONE
ENSG00000197111,0.71,2.69,2.79,0.25,2.3,NONE,NONE
ENSG00000137693,0.24,0.89,1.94,-0.09,2.29,UP,UP
ENSG00000126368,0.47,1.24,0.05,0.92,2.28,NONE,NONE
ENSG00000060982,-0.48,-0.92,-1.02,-0.56,-2.28,NONE,DOWN
ENSG00000178764,0.67,0.42,2.98,-0.4,2.27,NONE,UP
ENSG00000157036,-0.01,-4.23,-0.12,-0.83,-2.27,NONE,NONE
ENSG00000124795,1.53,1.83,2,3.68,2.27,UP,UP
ENSG00000132005,2.19,1.51,1.08,2.23,2.27,NONE,NONE
ENSG00000134121,-0.4,-0.94,-1.23,-1.1,-2.27,NONE,NONE
ENSG00000033327,1.13,3.19,2.2,0.13,2.26,NONE,NONE
ENSG00000198157,0.61,1.68,0.76,1.83,2.25,NONE,UP
ENSG00000165030,0.07,1.44,0.18,-0.18,2.25,UP,UP
ENSG00000104998,1.09,2.47,1.64,1.14,2.24,UP,NONE
ENSG00000170677,1.18,1.6,4.77,1.4,2.23,NONE,NONE
ENSG00000109787,0.91,2.2,4.72,0.17,2.21,NONE,UP
ENSG00000079332,-0.42,-0.13,0.34,-0.98,-2.19,NONE,NONE
ENSG00000067900,0.74,1.38,1.13,1.67,2.19,NONE,UP
ENSG00000146648,0.42,0.74,1.28,-0.11,2.19,UP,UP
ENSG00000169057,1.08,0.99,0.79,0.77,2.18,NONE,NONE
ENSG00000107874,-0.43,-1.24,-1.19,-1.2,-2.18,NONE,NONE
ENSG00000160075,2.09,2.18,0.5,3.2,2.17,NONE,NONE
ENSG00000213281,-0.25,-0.78,0.2,-0.42,-2.17,NONE,NONE
ENSG00000147601,-0.59,-2.3,-0.24,-0.2,-2.17,NONE,NONE
ENSG00000029993,-1.25,-1.8,-0.77,-0.38,-2.17,NONE,DOWN
ENSG00000137764,-0.23,-0.81,-0.85,-0.61,-2.16,NONE,NONE
ENSG00000131778,1.06,1.74,1.94,0.52,2.16,DOWN,NONE
ENSG00000175387,0.94,1.87,3.59,0.71,2.15,NONE,NONE
ENSG00000068024,1.3,1.76,1.48,0.83,2.13,NONE,NONE
ENSG00000214517,-0.94,-0.75,-3.71,-0.85,-2.13,DOWN,DOWN
ENSG00000026025,1.18,1.64,3.14,0.24,2.13,UP,UP
ENSG00000143384,0.24,0.64,1.52,-0.18,2.12,NONE,UP
ENSG00000221869,0.16,0.57,0.2,0.04,2.12,UP,UP
ENSG00000164985,-0.81,-0.58,-0.93,-0.62,-2.1,NONE,NONE
ENSG00000092445,1,1.16,0,1.21,2.1,NONE,NONE
ENSG00000089157,-1.34,-1.42,0.01,-0.37,-2.1,NONE,NONE
ENSG00000120833,0.51,2.05,0.67,0.52,2.09,NONE,NONE
ENSG00000205364,0.83,0.98,1.92,2.08,2.08,UP,UP
ENSG00000198959,0.03,0.58,1.03,0.11,2.07,UP,UP
ENSG00000141526,0.62,0.46,1.75,0.51,2.07,NONE,NONE
ENSG00000143799,1.16,1.15,3.04,0.15,2.05,UP,NONE
ENSG00000111674,-0.44,-0.82,-1.29,-0.32,-2.05,NONE,DOWN
ENSG00000077782,0.6,1.11,2.22,-0.4,2.04,NONE,UP
ENSG00000130204,-0.34,-2.24,-2.47,-0.41,-2.03,NONE,NONE
ENSG00000163932,-0.5,-1.88,-0.9,-0.48,-2.01,NONE,DOWN
ENSG00000187193,0.56,0.6,1.69,1.72,2.01,NONE,UP
ENSG00000152495,-0.25,-1.16,-1.21,-0.09,-2,NONE,DOWN
ENSG00000168918,0.8,1.76,2.15,0.51,1.99,NONE,UP
ENSG00000077150,0.17,0.61,0.72,-0.09,1.98,UP,UP
ENSG00000117632,-0.8,-1.28,-2.21,-1.83,-1.98,NONE,NONE
ENSG00000121653,2.22,2.09,1.36,1.41,1.98,NONE,NONE
ENSG00000104936,2.32,0.67,2.54,2.5,1.97,NONE,NONE
ENSG00000159200,0.76,1.31,0.79,0.39,1.95,NONE,NONE
ENSG00000185420,-1.36,-0.46,-4.15,0.34,-1.93,NONE,DOWN
ENSG00000204580,0.95,0.72,3.27,0.11,1.92,NONE,UP
ENSG00000170989,0.59,0.97,2.02,-0.12,1.92,NONE,UP
ENSG00000125966,-0.4,-0.95,-2.23,0.11,-1.92,NONE,NONE
ENSG00000071626,0.15,0.53,0.21,0.28,1.91,NONE,NONE
ENSG00000067225,0.03,-0.41,-0.48,-0.89,-1.9,NONE,NONE
ENSG00000111344,-0.13,-1.6,-0.4,-1.12,-1.9,DOWN,DOWN
ENSG00000205358,1.83,1.06,2.05,2.94,1.9,NONE,NONE
ENSG00000188130,-0.94,-2.11,-1.05,-1.18,-1.9,NONE,NONE
ENSG00000124762,0.12,0.33,1.13,0.21,1.89,UP,UP
ENSG00000177889,-1.16,-0.82,-2.43,-0.19,-1.88,NONE,DOWN
ENSG00000147050,0.49,1.25,2.37,0.23,1.88,NONE,NONE
ENSG00000130164,0.21,1.07,0.74,-0.36,1.88,NONE,UP
ENSG00000151422,1.21,1.14,0.92,0.61,1.87,NONE,NONE
ENSG00000120053,-0.86,-0.41,-1.79,-1.3,-1.87,NONE,NONE
ENSG00000104518,0.82,0.53,1.43,0.85,1.87,NONE,UP
ENSG00000118263,0.47,1.07,1.23,0,1.87,NONE,NONE
ENSG00000168283,0.77,2.03,2.32,0.52,1.85,NONE,NONE
ENSG00000242247,0.18,0.63,2.02,0.34,1.85,NONE,NONE
ENSG00000157168,-1.41,-0.71,-2.67,-1.99,-1.85,NONE,DOWN
ENSG00000123143,0.74,1.02,0.94,2.01,1.84,NONE,NONE
ENSG00000163739,0.01,0.33,0.48,0.6,1.84,UP,UP
ENSG00000128487,1.93,1.28,2.78,0.75,1.84,NONE,NONE
ENSG00000132646,0.17,1.97,0.94,0.41,1.84,NONE,NONE
ENSG00000186318,-0.06,-1.04,0.5,-1.27,-1.83,NONE,NONE
ENSG00000111252,0.23,2.07,0.6,0.27,1.83,NONE,NONE
ENSG00000026508,0.64,0.55,4.77,0.64,1.83,UP,UP
ENSG00000168395,0.81,1.35,1.23,0.64,1.82,NONE,NONE
ENSG00000171132,-0.81,-0.98,-2.07,-0.83,-1.8,NONE,DOWN
ENSG00000170855,-0.38,-1.09,-0.87,-0.33,-1.8,NONE,NONE
ENSG00000110092,-0.31,-0.58,-0.41,-2.24,-1.8,NONE,NONE
ENSG00000160789,1.34,1.43,3.78,0.29,1.79,NONE,NONE
ENSG00000183454,-0.5,-0.87,-2.28,-0.15,-1.78,UP,DOWN
ENSG00000120896,0.55,0.36,1.68,0.57,1.77,NONE,NONE
ENSG00000164111,0.68,2,2.36,0.49,1.77,NONE,UP
ENSG00000072310,1.1,0.4,1.74,0.76,1.77,DOWN,NONE
ENSG00000182240,-0.01,0.21,0.79,0.59,1.77,UP,UP
ENSG00000186951,1.51,0.43,2.68,0.31,1.76,NONE,UP
ENSG00000113575,-1.04,-1.17,-1.36,-1.49,-1.76,NONE,NONE
ENSG00000105755,-0.73,-1.12,-0.12,-0.68,-1.76,NONE,NONE
ENSG00000135404,1.25,0.65,1.71,0.88,1.75,NONE,UP
ENSG00000100603,0.21,0.69,0.42,1.21,1.75,NONE,NONE
ENSG00000082701,-0.61,-0.31,-1.04,-0.98,-1.75,NONE,NONE
ENSG00000102755,0.46,2.07,2.26,-0.35,1.75,UP,UP
ENSG00000125398,0.2,0.35,0.66,-0.22,1.75,NONE,UP
ENSG00000011422,0.15,0.61,0.83,0.26,1.74,NONE,UP
ENSG00000213341,1.41,1.29,4.79,0.24,1.74,NONE,NONE
ENSG00000112511,0.37,0.86,0.64,1.58,1.72,NONE,NONE
ENSG00000198742,-1.03,-1.07,-0.57,-2.28,-1.72,NONE,NONE
ENSG00000126107,0.32,0.81,-0.04,1.77,1.71,NONE,NONE
ENSG00000197461,0.94,0.7,2.11,-0.14,1.71,NONE,NONE
ENSG00000142168,-0.99,-0.78,-1.35,-1.91,-1.7,NONE,NONE
ENSG00000120088,-0.27,-1.07,-1.86,0.28,-1.69,NONE,NONE
ENSG00000130881,2.08,1.17,1.49,2.2,1.69,NONE,NONE
ENSG00000277586,-0.82,-0.64,-1.01,-1.28,-1.69,NONE,DOWN
ENSG00000049540,2.02,0.9,1.41,1.16,1.68,NONE,NONE
ENSG00000205927,1.11,0.96,3.37,0.14,1.68,NONE,NONE
ENSG00000176171,-0.33,-0.38,0.05,-1.66,-1.67,NONE,NONE
ENSG00000133048,0.7,0.96,1.37,0.11,1.67,UP,UP
ENSG00000140443,0.62,1.19,2.23,0.16,1.67,NONE,UP
ENSG00000114062,-0.05,-1.31,-0.23,0.34,-1.66,NONE,NONE
ENSG00000167371,-1.35,-2.19,-2.7,-0.25,-1.65,NONE,NONE
ENSG00000184557,-0.05,0.51,0.57,0.02,1.65,UP,UP
ENSG00000164897,0.74,0.5,0.57,1.74,1.63,NONE,NONE
ENSG00000120875,-1.74,-1.02,-0.88,-1.31,-1.63,DOWN,DOWN
ENSG00000069702,0.4,0.69,1.67,0.07,1.63,UP,UP
ENSG00000134352,0.1,0.88,1.9,0.41,1.63,NONE,NONE
ENSG00000196352,0.91,1.15,1.49,-0.44,1.62,NONE,UP
ENSG00000184113,0.64,0.5,2.01,0.99,1.62,NONE,UP
ENSG00000173482,-0.25,-0.07,-1.84,-0.08,-1.62,NONE,NONE
ENSG00000107959,-1.61,-0.74,-4.02,-0.79,-1.62,NONE,NONE
ENSG00000197114,0.87,0.7,0.48,1.92,1.62,NONE,NONE
ENSG00000169439,0.18,0.69,0.96,-0.3,1.61,NONE,UP
ENSG00000125740,-0.77,-0.79,-3.83,-2.64,-1.61,NONE,NONE
ENSG00000115641,-0.49,-0.56,-1.51,-0.93,-1.61,NONE,NONE
ENSG00000115415,-0.44,-0.26,-0.65,-3.66,-1.6,NONE,NONE
ENSG00000179295,0.63,1.31,2.77,0.54,1.6,NONE,NONE
ENSG00000134574,0.38,1.03,0.19,1.14,1.6,NONE,NONE
ENSG00000164951,-1.09,-0.67,-1.67,-0.79,-1.59,NONE,NONE
ENSG00000137193,0.09,0.61,0.18,0.12,1.59,NONE,NONE
ENSG00000169783,-0.71,-0.53,-1.9,-1.12,-1.59,NONE,NONE
ENSG00000125166,-0.47,-0.16,-1.85,-0.78,-1.59,NONE,NONE
ENSG00000154727,0.5,1.13,2.48,0.46,1.58,NONE,UP
ENSG00000163686,0.99,1.98,1.41,0.6,1.57,NONE,NONE
ENSG00000102317,-1.34,-1.46,-0.46,-0.66,-1.57,DOWN,DOWN
ENSG00000198825,-0.82,-0.07,-1.6,-0.88,-1.57,NONE,DOWN
ENSG00000197971,0.16,1.61,0.23,0.04,1.55,DOWN,NONE
ENSG00000069399,0.25,0.47,0.62,0.6,1.54,UP,UP
ENSG00000126214,-0.35,-1.23,-0.38,-0.54,-1.54,NONE,NONE
ENSG00000165475,0.02,0.38,0.17,-0.38,1.53,NONE,NONE
ENSG00000099622,-0.83,-1.45,-0.39,-0.58,-1.53,DOWN,DOWN
ENSG00000100599,1.26,0.53,2.72,0.66,1.53,NONE,UP
ENSG00000177697,2.83,1.06,4.35,1.59,1.52,NONE,UP
ENSG00000213585,-1.24,-0.34,-1.63,-1.67,-1.52,NONE,NONE
ENSG00000239697,1.13,0.25,1.11,2.1,1.51,NONE,NONE
ENSG00000004487,-1.06,-1.19,-1.15,-3.12,-1.5,NONE,NONE
ENSG00000171223,-0.42,0.42,0.1,0.03,1.5,NONE,NONE
ENSG00000251322,0.65,1.6,0.25,0.8,1.5,NONE,NONE
ENSG00000204217,-0.78,-0.52,-0.22,-0.65,-1.5,UP,NONE
ENSG00000089327,0.41,1.01,1.1,0.64,1.49,NONE,UP
ENSG00000157227,0.39,0.61,2.97,0.3,1.48,NONE,UP
ENSG00000165280,-0.62,-0.5,-0.34,-2.57,-1.48,NONE,NONE
ENSG00000188157,0.32,-0.94,-0.34,-0.37,-1.47,NONE,NONE
ENSG00000142798,-0.18,-0.74,-0.19,-1,-1.47,UP,UP
ENSG00000196411,0.29,1.48,1.53,-0.35,1.47,UP,UP
ENSG00000134982,0.51,1.7,1.31,-0.07,1.47,UP,UP
ENSG00000133703,-0.47,-0.88,-1.12,-0.34,-1.47,NONE,NONE
ENSG00000179271,0.65,0.45,-0.19,1.95,1.46,NONE,NONE
ENSG00000123374,0.01,0.67,0.66,-0.15,1.46,NONE,UP
ENSG00000138430,-1.05,-0.19,-2.23,-0.61,-1.46,NONE,DOWN
ENSG00000177606,0.21,0.22,0.7,0.06,1.46,NONE,NONE
ENSG00000146469,-1.4,-1.14,-2.32,-0.27,-1.46,UP,DOWN
ENSG00000173327,1.07,0.62,1.64,0.37,1.46,NONE,NONE
ENSG00000254087,0.2,0.17,1.63,0.23,1.45,NONE,NONE
ENSG00000182732,-0.29,-0.27,-2.04,-0.2,-1.44,NONE,NONE
ENSG00000101413,-0.98,-0.78,-0.08,-2.98,-1.43,NONE,NONE
ENSG00000145335,-0.27,-0.33,-0.58,-1.58,-1.43,NONE,DOWN
ENSG00000104419,0.54,0.78,2.45,-0.29,1.43,NONE,NONE
ENSG00000181163,-1.72,-0.58,0.17,-0.8,-1.42,NONE,NONE
ENSG00000147955,-0.27,-1.72,-1.17,-0.4,-1.42,NONE,NONE
ENSG00000141030,-0.17,-0.14,-1.07,-0.49,-1.41,NONE,NONE
ENSG00000166949,-0.57,-0.84,-0.81,-1.25,-1.41,NONE,NONE
ENSG00000158615,0.29,1.11,2.18,-0.39,1.41,UP,NONE
ENSG00000169410,-0.23,0.81,0.17,-0.2,1.4,NONE,UP
ENSG00000157764,-0.75,-0.46,-0.03,-2.83,-1.39,NONE,NONE
ENSG00000186416,-0.95,-0.37,-1.79,-1.17,-1.39,NONE,NONE
ENSG00000088992,-0.41,-1.03,-1.15,0.04,-1.38,NONE,NONE
ENSG00000142453,-1.41,-0.68,-3.1,-0.73,-1.38,NONE,NONE
ENSG00000102879,-0.87,-1.21,-0.9,-0.52,-1.38,NONE,NONE
ENSG00000107371,-0.29,-0.43,-0.14,-1.41,-1.37,UP,NONE
ENSG00000170345,-0.07,0.36,0.78,0.13,1.37,NONE,NONE
ENSG00000137642,-0.38,-0.82,-0.11,-1.18,-1.36,NONE,NONE
ENSG00000243509,-0.65,0.33,-0.11,-0.07,1.36,NA,NA
ENSG00000185507,0.92,0.64,1.55,0.23,1.36,NONE,UP
ENSG00000050748,-0.54,-0.31,-1.43,-0.25,-1.35,NONE,DOWN
ENSG00000128050,0.23,0.3,0.52,0.13,1.35,NONE,NONE
ENSG00000155849,-0.46,-0.44,-1.9,-0.77,-1.35,DOWN,NONE
ENSG00000115138,-0.51,-0.56,-1.28,-1.52,-1.34,NA,NA
ENSG00000214456,0.23,-0.06,0.46,0.46,1.34,NONE,NONE
ENSG00000213190,-1.05,-0.42,-2.28,-0.5,-1.34,NONE,DOWN
ENSG00000159593,-1.91,-0.57,-1.15,-0.06,-1.34,NONE,NONE
ENSG00000109062,0.3,0.58,0.88,-0.29,1.33,NONE,UP
ENSG00000088247,0.43,0.73,0.27,-0.17,1.31,NONE,NONE
ENSG00000143420,-0.48,-1.43,-1.51,-0.2,-1.31,NONE,NONE
ENSG00000240972,0.37,0.85,-0.28,1.33,1.3,NONE,NONE
ENSG00000056972,0.66,0.74,1.16,1.78,1.29,NONE,UP
ENSG00000101843,-1.36,-0.9,-1.63,-1.66,-1.29,NONE,NONE
ENSG00000039560,0.3,1.76,1.18,0.8,1.29,NONE,NONE
ENSG00000156711,0.06,-0.56,-0.79,-0.09,-1.29,NONE,NONE
ENSG00000196776,-1.06,-0.31,-0.99,-0.61,-1.28,NONE,NONE
ENSG00000096968,-0.83,0.97,-0.04,0.07,1.27,NONE,NONE
ENSG00000112715,0.63,0.18,1.71,0.08,1.27,NONE,NONE
ENSG00000006210,0,-0.35,-1.35,-0.68,-1.27,NONE,NONE
ENSG00000133318,-0.48,-0.64,-0.99,-1.07,-1.27,NONE,NONE
ENSG00000167004,-0.87,-1.27,-0.53,-1.98,-1.27,NONE,NONE
ENSG00000196876,-0.45,-0.53,-0.59,-0.6,-1.26,NONE,DOWN
ENSG00000106144,0.9,1.52,0.89,-0.21,1.26,NONE,NONE
ENSG00000140830,-0.14,-0.81,0.04,-0.08,-1.25,NONE,NONE
ENSG00000164588,-0.35,-0.38,-1.93,-0.68,-1.24,NONE,DOWN
ENSG00000156113,1.47,0.99,1,1.47,1.24,NONE,NONE
ENSG00000100462,-0.8,-0.16,-0.48,-1.98,-1.24,UP,NONE
ENSG00000007171,-0.18,-0.52,-1.19,0.09,-1.23,DOWN,DOWN
ENSG00000164163,-1.47,-1.1,-0.59,-2.52,-1.23,NONE,NONE
ENSG00000171885,0.35,0.57,1.32,-0.22,1.23,UP,UP
ENSG00000226950,0.26,1.08,0.56,0.98,1.23,NONE,UP
ENSG00000182944,0.35,1.27,0.71,0.27,1.23,NONE,NONE
ENSG00000187531,1.67,1.13,1.45,0.7,1.22,NONE,NONE
ENSG00000122707,-0.62,-0.97,-0.41,-0.9,-1.21,NONE,NONE
ENSG00000170634,0.07,0.87,0,1.55,1.21,NONE,NONE
ENSG00000143578,-0.19,-1.23,-0.22,-0.43,-1.2,NONE,NONE
ENSG00000169562,1.5,0.79,2.27,0.31,1.2,NONE,NONE
ENSG00000168329,-0.32,-0.74,0.22,-0.36,-1.19,NONE,NONE
ENSG00000177628,-0.15,-1.08,-0.69,0.37,-1.19,NONE,NONE
ENSG00000113594,0.97,0.5,3.72,0.07,1.19,NONE,UP
ENSG00000147852,0.03,-0.35,0.11,-1.04,-1.19,NONE,NONE
ENSG00000130175,0.69,0.56,1.03,0.2,1.18,NONE,NONE
ENSG00000145293,-1.15,-0.28,-0.78,-1.56,-1.18,NONE,NONE
ENSG00000160293,0.75,0.77,1.99,0.33,1.17,NONE,NONE
ENSG00000089250,-0.32,-0.04,-1.26,-0.31,-1.17,NONE,DOWN
ENSG00000106484,-1.41,-0.96,-1.36,-1.91,-1.16,NONE,DOWN
ENSG00000164867,0.07,1.19,0.53,-0.05,1.16,UP,UP
ENSG00000155313,-1.02,-0.18,-1.6,-0.78,-1.16,UP,NONE
ENSG00000173020,0.51,0.67,0.1,1.65,1.16,NONE,NONE
ENSG00000166123,0.3,0.55,1.32,0.05,1.15,NONE,UP
ENSG00000109670,-0.24,-0.7,-1.36,0.1,-1.14,NONE,DOWN
ENSG00000126457,0.04,0.44,-0.47,0.09,1.14,NONE,NONE
ENSG00000143549,-0.16,-0.52,-0.44,-0.48,-1.14,NONE,NONE
ENSG00000150995,-1.05,-0.5,-1.15,-1.33,-1.13,NONE,NONE
ENSG00000185043,-0.57,-1.31,-0.02,-0.07,-1.13,NONE,NONE
ENSG00000067182,0.12,0.29,0.86,-0.15,1.13,UP,UP
ENSG00000055332,0.36,-0.51,0.04,0.15,-1.12,UP,NONE
ENSG00000123384,0.43,0.59,1.7,-0.59,1.12,NONE,NONE
ENSG00000185624,0.67,0,2.07,0.79,1.12,NONE,NONE
ENSG00000105707,0.93,0.7,1.53,1.02,1.12,DOWN,NONE
ENSG00000159082,-0.82,-0.19,-1.6,-1.05,-1.11,NONE,NONE
ENSG00000172936,0.15,0.38,1.62,-0.24,1.11,NONE,UP
ENSG00000179051,2.79,0.87,1.47,1.65,1.11,NONE,NONE
ENSG00000119630,1.48,0.72,2.54,1.63,1.1,NONE,UP
ENSG00000131711,0.83,0.8,-0.03,1.89,1.1,UP,DOWN
ENSG00000128272,0.36,0.52,1.07,0.1,1.1,NONE,UP
ENSG00000148053,-0.05,-0.02,0.61,-0.46,1.1,NONE,UP
ENSG00000130816,0.53,0.63,0.33,2.33,1.1,NONE,NONE
ENSG00000105472,-0.92,-1.23,-1.79,-0.07,-1.1,NONE,NONE
ENSG00000175197,-2.07,-1.07,-1.55,-1.45,-1.1,NONE,NONE
ENSG00000108946,-0.35,-0.24,0,-1.66,-1.1,NONE,NONE
ENSG00000117450,0.23,0.54,1.53,0.06,1.09,UP,UP
ENSG00000121022,-0.34,-0.51,-0.36,-1.05,-1.09,NONE,NONE
ENSG00000127528,-0.34,0.64,0.05,-0.03,1.09,NONE,UP
ENSG00000171109,-1.24,-1.51,-0.12,-0.55,-1.09,DOWN,NONE
ENSG00000115325,0.98,0.36,1.8,0.3,1.09,NONE,UP
ENSG00000125347,0.47,1.15,0.13,-0.47,1.09,NONE,UP
ENSG00000140538,0.09,0.26,0.36,0.55,1.09,NONE,NONE
ENSG00000143322,1.36,0.17,0.36,2.13,1.09,NONE,NONE
ENSG00000198598,0.09,-0.67,-1.02,-0.27,-1.08,NONE,NONE
ENSG00000118705,-0.1,-2.09,0.15,-0.14,-1.08,NONE,NONE
ENSG00000120885,0.59,0.42,1.1,-0.16,1.08,NONE,UP
ENSG00000170348,0.5,0.79,2.71,-0.13,1.08,NONE,UP
ENSG00000154096,-0.11,-0.57,-1.35,-0.18,-1.07,NONE,NONE
ENSG00000134086,1.8,-0.01,1.96,3.41,1.07,NONE,NONE
ENSG00000162772,-0.09,0,0.52,-1,1.05,NONE,NONE
ENSG00000135018,-1.08,-0.37,-0.66,-1.68,-1.05,NONE,NONE
ENSG00000106799,0.06,0.01,1.74,-0.24,1.05,NONE,NONE
ENSG00000168172,-0.61,-1.28,-0.74,-1.82,-1.04,NONE,NONE
ENSG00000115520,-0.76,-0.62,-0.93,-0.32,-1.04,NONE,NONE
ENSG00000076928,0.58,0.27,1.06,0.58,1.04,NONE,NONE
ENSG00000023697,-0.06,1.12,1.33,0.17,1.03,NONE,NONE
ENSG00000100934,-0.68,-0.24,-0.48,-0.42,-1.03,NONE,NONE
ENSG00000066032,0.28,0.91,0.51,-0.09,1.03,NONE,NONE
ENSG00000057663,-0.17,0.04,-0.82,-0.12,-1.03,NONE,NONE
ENSG00000168404,0.06,0.42,0.14,-0.83,1.02,NONE,UP
ENSG00000131771,-0.2,0.15,-0.11,0.65,1.02,NONE,NONE
ENSG00000244165,0.43,0.65,0.43,2.91,1.02,NONE,NONE
ENSG00000160211,-0.49,-0.55,-1.47,-1.49,-1.02,DOWN,NONE
ENSG00000166741,-0.73,-1.42,-1.26,-0.42,-1.01,NONE,NONE
ENSG00000080815,1.19,1.14,4.47,0.08,1,NONE,NONE
ENSG00000127663,0.49,0.05,0.72,0.58,1,NONE,NONE
ENSG00000145623,-0.09,0.55,1.07,-0.04,1,UP,UP
ENSG00000215301,0.5,1.29,2.42,0.04,0.99,UP,UP
ENSG00000137845,0.8,1.55,2.65,-0.06,0.99,NONE,NONE
ENSG00000105974,0.55,1.37,1.51,0.08,0.98,UP,UP
ENSG00000112062,-0.72,0.07,-0.1,-0.17,-0.98,NONE,NONE
ENSG00000196470,-0.12,0.19,0.06,0.13,0.98,NONE,NONE
ENSG00000169047,0.38,0.89,0.41,0.5,0.98,NONE,NONE
ENSG00000089220,-0.29,-0.96,-2.34,-0.2,-0.97,NONE,NONE
ENSG00000196367,0.24,1.47,0.48,-0.04,0.97,NONE,NONE
ENSG00000143324,0.19,-0.55,-0.31,0.11,-0.97,NONE,NONE
ENSG00000166851,0.02,0.38,-0.06,0.35,0.96,NONE,NONE
ENSG00000157193,0.31,0.82,0.17,-0.58,0.96,NONE,NONE
ENSG00000165731,-0.21,0,-1.12,-0.09,-0.96,UP,DOWN
ENSG00000164305,0.26,0.36,1.58,2.85,0.95,NONE,NONE
ENSG00000161921,0.59,0.54,2.5,0.5,0.95,NONE,UP
ENSG00000070831,-1.75,-0.24,-1.09,-1.01,-0.94,NONE,NONE
ENSG00000132002,0.19,0.37,0.35,-0.4,0.94,NONE,NONE
ENSG00000133216,0.43,-0.57,-0.55,0.07,-0.94,NONE,DOWN
ENSG00000130726,0.23,0.1,1.12,0.62,0.94,NONE,NONE
ENSG00000102606,0.17,1.71,0.47,-0.61,0.93,NONE,NONE
ENSG00000149257,0.01,0.12,0.61,-0.57,0.92,NONE,UP
ENSG00000072274,-0.43,-0.13,0.29,-1.27,-0.92,NONE,NONE
ENSG00000127191,-0.17,-0.5,-0.51,-0.67,-0.92,NONE,NONE
ENSG00000126561,1.1,0.82,2.74,0.33,0.92,NONE,NONE
ENSG00000213186,1.17,0.81,2.83,-0.01,0.91,NONE,NONE
ENSG00000167280,0.07,-0.38,0.74,-1.6,-0.91,UP,NONE
ENSG00000100109,0.56,0.33,-0.12,1.4,0.91,NONE,NONE
ENSG00000144724,-0.35,-0.12,-0.02,-1.56,-0.91,NONE,NONE
ENSG00000114520,-0.55,-0.34,-0.26,-0.06,-0.91,NONE,NONE
ENSG00000065833,-1.54,-0.15,-0.96,-1.84,-0.9,NONE,NONE
ENSG00000091622,-0.8,-0.58,-1.53,-0.44,-0.9,NONE,DOWN
ENSG00000167658,-0.69,-0.39,-0.45,-1.24,-0.9,NONE,NONE
ENSG00000077463,-0.56,-1.5,-1.13,-0.08,-0.89,NONE,NONE
ENSG00000132386,-0.78,-0.35,-2.61,-0.4,-0.89,NONE,NONE
ENSG00000090339,0.26,0.55,1.36,0.08,0.89,UP,UP
ENSG00000117394,0.22,1.22,1.6,-0.04,0.88,UP,UP
ENSG00000114200,0.74,0.68,1.39,0.18,0.88,NONE,UP
ENSG00000092978,0.16,-0.85,0.15,0.25,-0.88,NONE,NONE
ENSG00000083520,-0.39,-0.53,0.11,-0.25,-0.88,NONE,NONE
ENSG00000136754,-1.53,-0.36,-0.39,-1.22,-0.88,NONE,NONE
ENSG00000120318,-1.12,-0.98,-0.05,-0.15,-0.88,NONE,NONE
ENSG00000142192,-0.26,-0.21,-0.09,-1.33,-0.88,NONE,NONE
ENSG00000182199,1.18,0.18,1.11,0.79,0.87,NONE,NONE
ENSG00000111859,0.11,0.9,1.44,-0.28,0.87,NONE,UP
ENSG00000111728,0.12,0.57,0.03,-0.09,0.87,NONE,NONE
ENSG00000113161,-0.66,-0.12,-0.64,-1.33,-0.87,NONE,NONE
ENSG00000136869,-0.08,0.25,1.53,-0.43,0.87,UP,UP
ENSG00000196262,0.01,1.07,-0.24,0.36,0.87,NONE,NONE
ENSG00000067560,-0.03,0.53,2.01,-0.53,0.86,NONE,UP
ENSG00000154277,-0.31,-0.45,-0.79,-0.68,-0.86,NONE,NONE
ENSG00000084623,-0.55,-0.63,-1.39,-1.57,-0.86,NONE,NONE
ENSG00000168040,0.53,0.78,0.69,0.77,0.86,UP,UP
ENSG00000158427,-1.26,-0.05,-2.8,0,-0.86,NONE,DOWN
ENSG00000140105,-0.74,-0.1,-1.17,-2.35,-0.86,NONE,NONE
ENSG00000143924,-1,-0.28,-1.17,-0.89,-0.85,NONE,NONE
ENSG00000204843,0.35,0.67,-0.14,1.18,0.85,NONE,DOWN
ENSG00000100644,-0.25,0.48,0.51,-1.01,0.85,NONE,UP
ENSG00000255717,-0.06,0.33,0.94,0.29,0.84,DOWN,NONE
ENSG00000135046,-1.02,-0.24,-0.1,-1.3,-0.84,NONE,UP
ENSG00000175711,-0.24,-1.31,-2.48,0.2,-0.84,NONE,DOWN
ENSG00000118046,0.59,0.04,0.26,0.59,0.83,NONE,NONE
ENSG00000185634,0.16,0.67,1.3,-0.96,0.83,DOWN,NONE
ENSG00000030582,0.65,1.23,1.31,0.65,0.82,UP,UP
ENSG00000135097,0.96,-0.02,0.66,0.62,0.82,DOWN,UP
ENSG00000181019,-0.28,-0.32,-0.07,-0.52,-0.82,UP,UP
ENSG00000189403,-0.6,0.03,-0.08,0.03,0.82,NONE,NONE
ENSG00000133112,0.25,1.03,1.43,0.04,0.82,NONE,NONE
ENSG00000174807,-0.68,-0.07,-0.38,-1.09,-0.81,NONE,NONE
ENSG00000104312,0.3,0.75,1.07,-0.25,0.81,NONE,NONE
ENSG00000180817,0.15,1.06,0.49,-0.1,0.81,NONE,NONE
ENSG00000100311,0.06,-0.43,0.56,-0.55,-0.81,NONE,NONE
ENSG00000115306,0.19,1.8,1.28,-0.19,0.81,NONE,NONE
ENSG00000135049,-0.14,-0.13,0,-1.39,-0.8,NONE,DOWN
ENSG00000072518,1.32,0.44,0.61,1.73,0.8,NONE,NONE
ENSG00000131788,-0.27,0.75,0.18,-0.09,0.8,NONE,NONE
ENSG00000091592,0.06,-1.1,-0.77,-0.41,-0.79,NONE,NONE
ENSG00000170458,-0.25,0.19,0.44,-0.1,0.79,NONE,UP
ENSG00000130741,-0.95,-1.16,-0.21,-1.41,-0.79,NONE,NONE
ENSG00000160691,-1.65,-0.83,-0.65,-2.06,-0.79,NONE,UP
ENSG00000126581,-0.72,-0.18,-0.08,-0.68,-0.78,NONE,NONE
ENSG00000106688,-0.31,0.12,-0.3,-0.57,-0.78,NONE,NONE
ENSG00000119912,0.12,1.87,0.51,1.07,0.78,NONE,NONE
ENSG00000066427,-0.17,-0.09,-0.78,0.05,-0.78,NONE,NONE
ENSG00000168806,-0.37,-0.19,-0.36,-0.5,-0.78,NONE,NONE
ENSG00000179335,-0.19,0.8,-0.19,-0.01,0.78,NONE,NONE
ENSG00000158710,0.18,0.53,1.51,0.13,0.77,UP,UP
ENSG00000221823,-0.75,-0.76,-1.17,-0.64,-0.77,NONE,NONE
ENSG00000109971,-0.26,-0.1,0.84,-1.38,-0.76,UP,UP
ENSG00000134109,-0.77,-0.04,-1.04,-2.63,-0.76,NONE,NONE
ENSG00000071575,0.1,1.15,0.46,-0.33,0.76,NONE,NONE
ENSG00000172350,-0.27,-0.15,-2.17,0.19,-0.76,NONE,DOWN
ENSG00000113851,-0.95,-0.04,-0.77,-1.83,-0.76,NONE,NONE
ENSG00000271503,0.17,0.2,0.15,0.65,0.75,NA,NA
ENSG00000165795,0,-0.06,0.2,-0.32,0.75,DOWN,NONE
ENSG00000170606,0.25,0.61,0.12,0.33,0.75,UP,NONE
ENSG00000118898,-0.5,-0.29,-1.67,0.01,-0.75,NONE,DOWN
ENSG00000185896,1.01,0.3,3.64,-0.17,0.75,NONE,NONE
ENSG00000116209,-0.29,-0.18,0.57,-0.9,-0.75,NONE,NONE
ENSG00000151702,0.05,1.06,0.47,-0.23,0.73,UP,UP
ENSG00000136156,0.09,0.55,1.06,-0.11,0.73,NONE,NONE
ENSG00000137942,0.1,0.91,0.41,-0.09,0.73,NONE,UP
ENSG00000145675,-0.41,-0.25,-0.39,-0.51,-0.73,NONE,NONE
ENSG00000188566,0.28,0.17,0.59,0.47,0.72,NONE,NONE
ENSG00000186868,-0.01,-0.33,-0.12,0.06,-0.72,NONE,NONE
ENSG00000134001,-0.22,-0.67,0.3,-1.72,-0.71,NONE,NONE
ENSG00000155827,0.71,0.47,1.85,0.33,0.71,NONE,NONE
ENSG00000144746,-0.71,-0.2,-1.03,-0.56,-0.71,NONE,NONE
ENSG00000101871,-0.55,0.2,0.32,-0.46,0.71,NONE,UP
ENSG00000070018,0.17,0.98,2.79,0.31,0.7,NONE,NONE
ENSG00000184408,-0.54,-0.36,-1.85,0.03,-0.7,NONE,DOWN
ENSG00000145741,-0.43,0.57,0.21,-0.2,0.69,NONE,NONE
ENSG00000090432,0.51,1.25,0.18,0.21,0.69,NONE,NONE
ENSG00000139318,-0.77,-0.28,-0.3,-1.96,-0.69,NONE,DOWN
ENSG00000189056,-0.87,-0.32,-0.75,-0.17,-0.69,NONE,NONE
ENSG00000175567,-0.63,-0.41,-0.32,-0.67,-0.69,NONE,NONE
ENSG00000102081,0.03,-0.35,-0.06,-0.18,-0.68,NONE,NONE
ENSG00000162804,0.09,-0.12,-0.06,-1.09,-0.68,NONE,UP
ENSG00000115942,0.44,1.31,1.19,0.09,0.68,NONE,NONE
ENSG00000176170,0.66,0.41,2.42,1.23,0.68,UP,UP
ENSG00000001631,-0.7,-0.31,-0.06,-0.62,-0.68,NONE,NONE
ENSG00000103855,-0.31,-0.71,-0.51,0,-0.67,NONE,NONE
ENSG00000155511,-0.25,-0.47,-1.97,-0.24,-0.67,NONE,NONE
ENSG00000184254,-1.76,-0.07,-2.93,-0.58,-0.67,NONE,DOWN
ENSG00000110395,0.35,0.91,1.33,-0.21,0.66,NONE,NONE
ENSG00000136167,0.02,0.11,1.26,-0.12,0.66,UP,NONE
ENSG00000177169,0.25,0.53,0.06,0.01,0.65,NONE,NONE
ENSG00000172757,-0.23,-0.46,-1.33,-1.39,-0.65,NONE,NONE
ENSG00000148484,0.24,0.03,1.33,-0.57,-0.65,NONE,NONE
ENSG00000004776,-1.14,-0.77,-1.14,-1.79,-0.64,NONE,NONE
ENSG00000176884,0.64,0.46,0.32,0.67,0.64,NONE,NONE
ENSG00000167244,0.05,0.07,0.1,-0.41,-0.64,NONE,UP
ENSG00000177885,0.02,0.02,0.15,-1.11,-0.64,NONE,NONE
ENSG00000040608,0.16,-0.31,-0.28,0.08,-0.64,NONE,NONE
ENSG00000092439,0.07,0.18,0.5,-1.29,-0.64,NONE,NONE
ENSG00000196954,-0.6,0.44,-0.06,-0.4,0.64,NONE,UP
ENSG00000158828,0.31,0.82,0.21,0.12,0.64,UP,NONE
ENSG00000149294,0.62,0.64,2.59,-0.42,0.64,NONE,NONE
ENSG00000089163,1.11,0.88,0.33,1.05,0.63,NONE,NONE
ENSG00000106263,1.11,-0.06,1.53,1.99,0.63,NONE,NONE
ENSG00000141867,0.26,0.16,0.44,0.42,0.63,NONE,NONE
ENSG00000138685,-0.1,0.14,0.87,-0.25,0.63,NONE,UP
ENSG00000213928,0.29,0.71,0.72,0.02,0.63,UP,UP
ENSG00000171603,0.14,-0.03,-0.29,0.25,-0.62,NONE,NONE
ENSG00000030110,0.08,-0.73,-0.11,0.03,-0.62,NONE,NONE
ENSG00000117758,-0.65,-0.18,-0.1,-0.95,-0.62,NONE,NONE
ENSG00000171497,-0.28,-0.56,-0.6,-0.48,-0.62,NONE,NONE
ENSG00000047457,-0.7,-0.65,0.17,-0.63,-0.62,UP,UP
ENSG00000084733,0.07,0.95,1.18,-0.25,0.61,NONE,NONE
ENSG00000140718,-0.17,-0.22,0.64,-0.9,-0.61,NONE,NONE
ENSG00000092964,0.03,0.71,1.27,-0.72,0.61,NONE,NONE
ENSG00000135535,-0.09,0.23,0.46,-0.35,0.61,NONE,NONE
ENSG00000095970,1.89,0.17,2.9,0.2,0.61,NONE,UP
ENSG00000153774,0.78,0.91,0.22,0.93,0.6,NONE,NONE
ENSG00000122585,-0.75,-0.15,-1.46,-0.55,-0.6,NONE,NONE
ENSG00000108798,0.17,0.25,0.94,-0.16,0.6,NONE,NONE
ENSG00000145088,-0.28,0.5,-0.04,0.01,0.6,NONE,NONE
ENSG00000048028,-0.01,0.56,-0.18,-0.11,0.6,NONE,NONE
ENSG00000262655,-0.2,-0.11,0.48,-0.82,0.59,UP,UP
ENSG00000138448,-0.16,0.16,0.69,-0.6,0.59,UP,UP
ENSG00000049130,-0.03,-0.08,-0.28,0.17,-0.59,UP,NONE
ENSG00000074319,-0.51,-0.14,-0.49,-0.19,-0.59,NONE,NONE
ENSG00000265241,0.01,-0.42,0.88,-1.35,-0.59,NONE,NONE
ENSG00000185345,-0.06,-0.35,-0.59,-0.08,-0.59,NONE,DOWN
ENSG00000256683,0.33,0.23,0.92,1.64,0.59,NONE,NONE
ENSG00000099956,-0.01,0.29,0.2,0.62,0.58,NONE,NONE
ENSG00000124140,-0.19,-0.37,-1.52,-0.55,-0.58,NONE,DOWN
ENSG00000139644,-0.1,0.11,0.82,-0.88,0.58,NONE,UP
ENSG00000101966,-0.29,-0.99,-0.4,-0.09,-0.58,NONE,NONE
ENSG00000163794,-0.63,-0.87,-0.59,0.17,-0.58,NONE,NONE
ENSG00000143977,0.11,0.47,0.32,0.2,0.58,NONE,NONE
ENSG00000169750,-0.2,-1.06,-0.65,0.01,-0.58,NONE,NONE
ENSG00000146674,-0.03,-0.26,0.4,0.61,0.58,NONE,NONE
ENSG00000172115,-0.49,-0.21,-0.85,-0.83,-0.57,NONE,NONE
ENSG00000152377,0.22,-0.07,0.21,-0.85,-0.57,NONE,NONE
ENSG00000153266,0.86,0.2,0.49,0.26,0.57,NONE,UP
ENSG00000116560,-0.45,-0.28,0.19,-0.54,-0.57,NONE,NONE
ENSG00000137575,-0.13,1.18,0.71,-0.43,0.57,NONE,UP
ENSG00000214548,-1,-0.95,-1.43,-0.26,-0.57,DOWN,NONE
ENSG00000187094,-0.27,-0.23,-1.53,-0.58,-0.57,NONE,NONE
ENSG00000239900,-0.19,-0.6,0.01,0.14,-0.57,NONE,NONE
ENSG00000109332,-0.08,0.85,1.23,-0.37,0.57,NONE,NONE
ENSG00000104368,0.26,0.57,0.1,-0.06,0.56,NONE,UP
ENSG00000181222,0.01,-0.22,0.15,-1.24,-0.56,UP,NONE
ENSG00000205268,-0.65,-0.2,-0.58,-0.65,-0.56,DOWN,NONE
ENSG00000198373,0.24,-0.22,1.52,-0.63,-0.56,NONE,NONE
ENSG00000110801,0.13,-0.36,0.2,-0.04,-0.56,NONE,NONE
ENSG00000172270,0.25,0.03,0.88,0.58,0.56,NONE,NONE
ENSG00000136108,-0.29,2.51,-0.3,-0.53,0.55,UP,NONE
ENSG00000204389,-0.07,0.2,0.14,-0.97,0.55,UP,NONE
ENSG00000083457,-1.13,0.06,-0.3,0,-0.55,NONE,NONE
ENSG00000135587,0.6,0.15,0.01,0.78,0.55,NONE,NONE
ENSG00000157404,-0.88,-0.16,-1.36,-0.22,-0.54,NONE,DOWN
ENSG00000204472,-0.25,-0.86,0.34,-0.47,-0.54,NONE,NONE
ENSG00000106683,0.34,0.57,-0.18,0.8,0.54,DOWN,NONE
ENSG00000118432,-0.44,-0.58,-1.06,-0.68,-0.54,NONE,DOWN
ENSG00000158258,-0.12,-0.13,-0.38,-0.38,-0.53,NONE,NONE
ENSG00000062725,0.48,1.1,1.68,0.15,0.53,NONE,NONE
ENSG00000105607,-0.57,-1.22,-0.16,-0.68,-0.53,NONE,NONE
ENSG00000165527,0.48,0.93,2.27,-0.28,0.53,NONE,NONE
ENSG00000172977,0.24,-0.12,0.02,1.24,0.53,NONE,NONE
ENSG00000043591,0.12,0.45,-0.27,0.22,0.52,NONE,NONE
ENSG00000136807,0.28,0.15,-0.47,0.52,0.52,NONE,NONE
ENSG00000108179,0.03,-0.46,0.63,-1.34,-0.52,UP,NONE
ENSG00000078804,0.03,0.63,0.9,-0.09,0.52,NONE,DOWN
ENSG00000073921,0.33,0.89,1.86,-0.45,0.51,NONE,NONE
ENSG00000157557,-0.15,0.62,-0.02,-0.31,0.51,NONE,NONE
ENSG00000156804,0.21,0.51,-0.18,-0.01,0.51,NONE,NONE
ENSG00000103043,0.05,-0.86,-0.99,0.57,-0.5,NONE,NONE
ENSG00000164916,-0.13,-0.58,-0.1,-0.87,-0.5,NONE,NONE
ENSG00000112096,0.19,0.27,0.94,-0.19,0.5,NONE,NONE
ENSG00000116288,0.08,0.2,-0.62,0.01,0.5,NONE,NONE
ENSG00000143499,-0.02,-0.1,-0.22,-0.19,-0.5,NONE,NONE
ENSG00000196396,-0.62,-0.02,0.52,-0.47,0.5,NONE,NONE
ENSG00000147854,0.04,0.08,0.56,-0.94,-0.49,NONE,NONE
ENSG00000135679,-0.06,0.02,-0.16,1.45,0.49,NONE,NONE
ENSG00000169032,-0.39,-0.29,-0.5,-0.96,-0.49,NONE,NONE
ENSG00000196591,0.21,-0.3,0.57,0.05,-0.48,NONE,NONE
ENSG00000138119,-0.1,0.77,0.27,-0.11,0.48,UP,UP
ENSG00000116688,0,-0.11,0.39,-0.67,-0.47,NONE,NONE
ENSG00000089597,0.15,0.02,0.75,-1.28,-0.47,NONE,NONE
ENSG00000136717,0.65,0,1.56,-0.43,0.47,NONE,NONE
ENSG00000066044,0.02,0.09,0.28,-0.13,0.47,UP,NONE
ENSG00000187555,-0.12,1.29,0.06,-0.09,0.47,NONE,NONE
ENSG00000197324,0.1,0.05,1.62,-0.68,0.47,UP,UP
ENSG00000081087,-0.3,0.03,0,1.96,0.47,NONE,NONE
ENSG00000204305,-1.28,-1.01,-1.22,-0.2,-0.47,NONE,NONE
ENSG00000171867,-0.04,-0.27,0.06,-0.54,-0.47,NONE,NONE
ENSG00000169313,-1.36,-0.33,-0.03,-1.46,-0.46,UP,NONE
ENSG00000070756,0.02,0.27,1.78,0.3,0.46,NONE,NONE
ENSG00000133878,-0.32,-0.45,-1.21,0.06,-0.46,NONE,NONE
ENSG00000106976,-0.16,-0.12,-1.3,-0.51,-0.45,NONE,DOWN
ENSG00000104290,-0.1,-0.43,-0.94,0.54,-0.45,NONE,NONE
ENSG00000173198,0.73,-0.07,0.19,1.83,0.45,NA,NA
ENSG00000143590,-0.07,-0.09,-0.8,-0.2,-0.44,NONE,NONE
ENSG00000067082,0.04,0.04,1.03,-0.12,0.44,UP,UP
ENSG00000173406,-0.65,0.18,-1.23,-0.05,-0.44,NONE,DOWN
ENSG00000145604,-0.38,-0.59,0.08,0.32,-0.44,NONE,NONE
ENSG00000120899,-0.59,-0.65,-1.25,-0.34,-0.44,DOWN,DOWN
ENSG00000116741,-0.57,-0.37,-1.07,-1.51,-0.44,NONE,NONE
ENSG00000113712,-0.32,0,0.53,-1.58,-0.44,NONE,NONE
ENSG00000078401,-0.59,-0.48,-0.48,-1.08,-0.44,NONE,NONE
ENSG00000184381,0.66,-0.13,0.94,-0.09,0.44,NONE,NONE
ENSG00000152137,-0.05,0.17,1.03,-0.35,0.43,UP,UP
ENSG00000135077,0.23,0.27,1.24,0.05,0.43,NONE,NONE
ENSG00000198873,-0.3,-0.2,-0.09,-1.02,-0.43,UP,NONE
ENSG00000108342,-0.09,0.01,-0.33,0.12,0.43,NA,NA
ENSG00000196235,0.05,-0.12,-0.13,0.01,0.42,NONE,NONE
ENSG00000162374,-0.41,-0.27,-1.24,0.01,-0.42,NONE,DOWN
ENSG00000011465,0.05,1.66,1.13,-0.31,0.42,UP,UP
ENSG00000105835,-0.09,-0.03,0.85,-0.15,0.42,NONE,UP
ENSG00000075785,0.18,0.57,0.87,0.06,0.42,NONE,NONE
ENSG00000137275,-0.01,0.55,0.39,0.06,0.41,NONE,NONE
ENSG00000119707,0.02,0.09,-0.06,0.31,0.41,NONE,NONE
ENSG00000102882,0.81,1.53,0.24,0.23,0.41,NONE,NONE
ENSG00000150459,0.13,0.19,-0.35,0.17,0.41,NONE,NONE
ENSG00000160323,0.03,0.71,-0.39,0.79,0.41,DOWN,DOWN
ENSG00000116016,-0.29,0.17,0.41,-1.4,-0.41,NONE,UP
ENSG00000167772,0.1,-0.16,0.64,0.06,0.41,NONE,UP
ENSG00000275700,0.41,0.12,-0.09,1.87,0.4,NONE,NONE
ENSG00000066827,0.26,-0.09,-0.42,0.87,0.4,NONE,NONE
ENSG00000131941,0.37,-0.01,1.35,-0.4,0.4,NONE,UP
ENSG00000113580,0.13,0.36,0.23,1.2,0.4,NONE,NONE
ENSG00000172530,0.17,0.58,0.31,-0.12,0.4,NONE,NONE
ENSG00000116030,-0.41,-0.08,-0.88,0.25,-0.4,NONE,NONE
ENSG00000010278,0.41,0.62,2.58,-0.57,0.4,NONE,NONE
ENSG00000071127,0.16,0.26,2.21,-0.18,0.4,UP,UP
ENSG00000137033,-0.96,-0.93,-0.41,-1.98,-0.39,NONE,UP
ENSG00000110721,0.34,0.1,0.12,0.14,0.39,NONE,NONE
ENSG00000019582,0.17,0.62,0.67,-0.08,0.39,NONE,NONE
ENSG00000161956,0.73,0.3,0.04,2,0.39,NONE,NONE
ENSG00000151067,-0.18,0.17,-1,-0.16,-0.39,NONE,NONE
ENSG00000169372,0.56,0.33,0.5,0.18,0.38,NONE,NONE
ENSG00000163468,-0.1,0.17,-0.18,0.83,0.38,NONE,NONE
ENSG00000196639,-0.07,0.06,0.59,-0.37,0.38,UP,UP
ENSG00000125730,0.13,0.14,1.38,0.07,0.38,NONE,UP
ENSG00000125743,-0.25,-0.45,-0.43,0.67,-0.38,NONE,NONE
ENSG00000105993,-0.06,0.71,0.31,-0.04,0.38,NONE,NONE
ENSG00000120694,-0.11,0.27,-0.46,-0.01,0.38,UP,NONE
ENSG00000145050,-1.1,-0.44,-0.29,-2.47,-0.38,UP,NONE
ENSG00000107295,-0.52,0,-1.24,-0.49,-0.38,NONE,NONE
ENSG00000162419,0.98,-0.04,0.62,0.67,0.37,NONE,NONE
ENSG00000105612,0.79,-0.17,0.95,0.28,0.37,NONE,NONE
ENSG00000127616,-0.89,-0.41,-1.83,0.31,-0.37,NONE,DOWN
ENSG00000141542,0.77,0.18,1.81,0.85,0.36,NONE,NONE
ENSG00000196408,-0.23,-0.37,-1.01,-0.44,-0.36,NA,NA
ENSG00000123240,0.39,0.69,0.16,0.24,0.36,NONE,NONE
ENSG00000102858,-0.14,-0.17,-0.27,-1.3,-0.36,NONE,NONE
ENSG00000106123,0.65,0.43,-0.01,1,0.36,NONE,NONE
ENSG00000184588,0.22,0.85,1.62,-0.85,0.35,NONE,UP
ENSG00000165119,0.01,0.62,0.64,-0.45,0.35,NONE,NONE
ENSG00000186010,-0.22,-0.55,-1.13,0.47,-0.35,NONE,NONE
ENSG00000106608,0.13,-0.29,-0.68,-1.01,-0.35,NONE,NONE
ENSG00000147164,0.08,-0.15,-0.09,0.94,-0.35,NONE,NONE
ENSG00000188906,-0.92,0.25,-1.35,-1.66,-0.35,NONE,NONE
ENSG00000132964,-0.01,0.54,-0.64,0.12,0.35,NONE,NONE
ENSG00000112530,-0.52,-0.1,-1.65,0.27,-0.35,NONE,NONE
ENSG00000089022,0.3,0.38,0.72,-0.95,0.35,NONE,NONE
ENSG00000175634,0.23,0.38,0.24,0.52,0.34,NONE,DOWN
ENSG00000094631,0,0.33,-0.3,0.13,0.34,NONE,NONE
ENSG00000142089,-0.05,0.09,0.35,0.12,0.34,UP,UP
ENSG00000114861,0.07,-0.01,-0.45,0.75,-0.33,NONE,NONE
ENSG00000168439,0,0.31,0,-0.47,0.33,UP,NONE
ENSG00000124486,-0.04,0,0.71,-1.33,-0.33,NONE,NONE
ENSG00000084207,0.38,0.31,0.93,0.28,0.33,NONE,NONE
ENSG00000196365,1.11,0.1,0.08,0.15,0.33,NONE,NONE
ENSG00000119638,-0.05,0.09,0.73,-1.21,0.33,NONE,NONE
ENSG00000107317,-0.03,-0.93,0.03,-1.34,-0.33,NONE,NONE
ENSG00000198911,-0.09,-0.05,-0.08,-0.89,-0.33,NONE,NONE
ENSG00000173193,-0.08,1,0.39,-0.3,0.32,NONE,UP
ENSG00000160551,0.46,0.2,1.24,0.54,0.32,NONE,NONE
ENSG00000160404,0.05,-0.68,-0.18,1.16,-0.32,NONE,NONE
ENSG00000087088,0.27,1.05,0.12,0.01,0.32,NONE,NONE
ENSG00000115526,1.7,-0.09,0.95,0.4,-0.32,NONE,NONE
ENSG00000120948,0,0.53,0.7,-0.58,0.32,NONE,NONE
ENSG00000126432,0.11,-0.16,-0.79,0.26,-0.32,NONE,NONE
ENSG00000170558,0.13,0.11,0.78,-0.22,0.32,NONE,UP
ENSG00000182578,0.21,0.02,1.2,0.1,0.31,NONE,NONE
ENSG00000113296,0.2,0.64,0.97,-0.02,0.31,NONE,UP
ENSG00000132356,0.07,-0.04,0.71,0.65,0.3,DOWN,NONE
ENSG00000102908,0.03,0.12,0.32,-0.17,0.3,UP,NONE
ENSG00000111737,-0.07,0.06,-0.06,-0.61,-0.3,NONE,NONE
ENSG00000118939,0.12,0.06,-0.14,0.03,-0.3,NA,NA
ENSG00000150593,0.46,0.62,1.36,0.32,0.29,NONE,NONE
ENSG00000138172,0.77,0.53,1.57,1.27,0.29,NONE,NONE
ENSG00000087085,0.01,-0.05,-1.45,-0.21,-0.29,NONE,NONE
ENSG00000173517,0.58,0.75,1.17,-0.21,0.29,NONE,NONE
ENSG00000109339,-0.44,-0.03,-0.38,-1.08,-0.29,NONE,NONE
ENSG00000174951,-0.43,-0.15,-1.41,-0.04,-0.29,NONE,NONE
ENSG00000134333,-0.08,0.27,-0.05,-0.81,-0.29,NONE,NONE
ENSG00000080802,-0.24,-0.5,-0.33,-0.28,-0.29,NONE,NONE
ENSG00000011600,0.42,0.24,1.22,-0.05,0.29,NONE,UP
ENSG00000160712,-0.21,-0.29,0.6,-0.26,0.29,NONE,UP
ENSG00000111640,-0.31,-0.07,-0.67,-0.32,-0.28,NONE,NONE
ENSG00000139687,0.2,0.51,1.33,-0.21,0.28,NONE,NONE
ENSG00000073849,0.48,0.38,0.94,-0.6,-0.28,UP,UP
ENSG00000132376,0.65,0.23,2.16,0.08,0.28,NONE,NONE
ENSG00000132326,0,-0.24,-0.02,-0.66,-0.28,NONE,NONE
ENSG00000026559,0.59,0.23,0,0.27,0.28,NONE,NONE
ENSG00000072506,0.55,0.19,0.51,0.52,0.28,NONE,UP
ENSG00000155090,-0.54,-0.12,0.02,-1.62,-0.28,NONE,NONE
ENSG00000114650,0.64,-0.44,1.36,-0.12,-0.27,NONE,NONE
ENSG00000142871,-0.4,0.04,-0.28,-1.4,0.27,UP,NONE
ENSG00000185122,-0.08,-0.47,0.14,-0.28,-0.27,NONE,NONE
ENSG00000130203,0.38,-0.22,0.04,-0.5,0.27,NONE,UP
ENSG00000142082,-0.24,-0.31,-0.59,-0.8,-0.27,NONE,NONE
ENSG00000034053,-0.49,0.03,-1.25,-1.11,-0.26,NONE,NONE
ENSG00000028137,0.03,0.19,1.06,-0.26,0.26,NONE,UP
ENSG00000196924,-0.07,-0.31,0.11,-0.19,-0.26,UP,UP
ENSG00000100650,-0.62,0.09,0.07,-1.15,-0.26,NONE,NONE
ENSG00000075618,0.31,-0.36,0.99,-0.48,-0.26,NONE,NONE
ENSG00000183087,0.2,-0.24,-0.11,-0.01,-0.26,NONE,NONE
ENSG00000088179,-0.24,0.06,-0.61,0.17,-0.25,UP,NONE
ENSG00000121060,-0.04,0.04,-0.06,-0.18,-0.25,NONE,NONE
ENSG00000066336,0.06,0.06,0.66,-0.05,0.25,NONE,UP
ENSG00000171720,-0.22,-0.17,-0.02,-0.04,-0.25,NONE,NONE
ENSG00000164885,-0.11,0.03,-1.96,0.9,0.25,NONE,NONE
ENSG00000145782,-0.64,0.07,0.01,-0.58,-0.25,NONE,NONE
ENSG00000203883,-0.27,-0.08,-0.25,-0.38,-0.25,NONE,NONE
ENSG00000169035,-0.06,-0.2,-1.02,-0.14,-0.25,DOWN,DOWN
ENSG00000142166,-0.05,-0.06,0.88,-1.19,-0.25,NONE,NONE
ENSG00000135124,0,0.17,-0.64,0.9,0.25,DOWN,NONE
ENSG00000163743,-0.09,0.16,0.02,-0.38,-0.24,NONE,NONE
ENSG00000182541,-0.05,0.17,1.01,-0.27,0.24,UP,UP
ENSG00000154767,-0.08,0.24,0.65,-0.08,0.24,NONE,NONE
ENSG00000093010,0.07,-0.25,0.35,-0.22,0.24,NONE,NONE
ENSG00000157500,0.41,0.09,0.61,0.63,-0.23,NONE,NONE
ENSG00000165819,-0.54,0.17,-0.58,-0.9,0.23,NONE,NONE
ENSG00000107282,-0.07,0,-0.04,-0.99,-0.23,DOWN,NONE
ENSG00000105697,-0.96,-0.24,-0.18,-0.4,0.23,NONE,NONE
ENSG00000115694,-0.1,-0.29,-0.53,0.04,-0.23,NONE,NONE
ENSG00000185745,0.47,1.1,0.05,0.2,0.23,NONE,NONE
ENSG00000044574,-0.68,-0.41,0.05,-2.17,-0.22,UP,NONE
ENSG00000205213,-0.05,0.02,0.64,-0.44,0.22,UP,UP
ENSG00000115414,0.16,0.95,0.66,-0.25,0.22,NONE,UP
ENSG00000176890,0.76,0.25,1.83,-0.19,0.22,NONE,NONE
ENSG00000168959,-0.39,-0.11,-1.13,0.02,-0.22,NONE,NONE
ENSG00000010610,-0.65,-0.28,-0.12,-0.12,0.22,NONE,NONE
ENSG00000103335,0.56,0.15,0.58,0.87,0.22,NONE,UP
ENSG00000108654,-0.17,0.51,0.91,-0.99,0.22,NONE,NONE
ENSG00000061273,0.14,-0.14,0.55,-0.47,0.21,NONE,NONE
ENSG00000166313,0.65,0.22,-0.29,0.24,-0.21,NONE,NONE
ENSG00000144381,-0.21,-0.33,0.35,-0.79,-0.21,NONE,NONE
ENSG00000169398,-0.05,0.16,1.04,-0.27,0.21,DOWN,NONE
ENSG00000135387,-0.2,0.22,0.13,-0.77,-0.21,NONE,NONE
ENSG00000148297,0.21,0.09,0.48,1.29,0.21,NONE,NONE
ENSG00000121691,-0.5,-0.48,0.6,-0.65,0.21,UP,UP
ENSG00000110436,0,-0.13,0.47,-0.61,0.21,NONE,UP
ENSG00000137752,-0.55,0.07,0.03,-1.3,0.2,NONE,UP
ENSG00000102580,0.06,-0.32,1.03,-1.49,-0.2,UP,UP
ENSG00000121879,0.03,0.88,0.15,-0.11,0.2,UP,UP
ENSG00000059804,-0.06,-0.18,0.19,0.41,0.2,NONE,NONE
ENSG00000167657,0.34,-0.1,-0.09,0.19,0.2,NONE,NONE
ENSG00000116106,-0.02,0.39,-1.04,0.25,0.2,NONE,DOWN
ENSG00000184110,0.38,-0.02,-0.28,-0.3,-0.2,NONE,NONE
ENSG00000157540,0.51,0.14,0.46,0.17,0.2,NONE,NONE
ENSG00000162512,1.12,0.18,1.16,-0.28,0.2,NONE,NONE
ENSG00000103266,0.19,-0.38,0.03,1.26,-0.2,NONE,NONE
ENSG00000111752,-0.89,-0.02,-0.35,-1.46,-0.19,NONE,NONE
ENSG00000198929,0.19,-0.41,-0.14,0.36,-0.19,NONE,NONE
ENSG00000085563,-0.37,0.02,0.09,-1.14,-0.19,UP,UP
ENSG00000004478,0.1,0.26,0.06,-0.19,0.18,UP,NONE
ENSG00000154229,0.34,0.15,0.96,-0.07,0.18,UP,UP
ENSG00000109079,-0.38,0.62,-0.12,-0.34,0.18,NONE,NONE
ENSG00000128604,0.69,0,1.73,0.15,-0.18,NONE,NONE
ENSG00000111679,0.1,-0.26,0.83,0.03,0.17,NONE,NONE
ENSG00000138764,-0.1,0.21,0.12,0.16,0.17,NONE,NONE
ENSG00000100292,-0.09,-0.03,0.41,-0.54,0.17,NONE,UP
ENSG00000115020,0.02,0.28,0.65,-0.26,-0.17,NONE,NONE
ENSG00000087074,-0.09,-0.21,-0.64,-0.61,-0.17,NONE,NONE
ENSG00000147889,-0.51,-0.34,-0.27,-0.36,0.17,NONE,NONE
ENSG00000114745,0.11,-0.18,1.18,-0.89,-0.17,NONE,NONE
ENSG00000105048,0.01,-0.08,-0.14,0.58,0.16,NONE,NONE
ENSG00000137834,-0.11,-0.02,0.11,-0.46,-0.16,UP,UP
ENSG00000118260,0.18,0.27,0.54,-1.05,-0.16,NONE,NONE
ENSG00000139684,-0.06,0.23,0.5,-0.06,0.16,NONE,NONE
ENSG00000164692,0.86,1.26,2.41,0.55,0.16,UP,UP
ENSG00000126458,0.17,0.33,0.15,-0.25,0.16,NONE,UP
ENSG00000131323,0.32,0.62,0.36,-0.29,0.16,NONE,NONE
ENSG00000122779,-0.41,-0.31,-0.69,0.7,0.15,NONE,NONE
ENSG00000089280,0.67,-0.15,0.02,0.81,0.15,DOWN,NONE
ENSG00000080824,0.57,-0.07,0.39,0.13,-0.15,UP,NONE
ENSG00000071243,-0.13,0.06,-0.01,0.07,0.15,NONE,NONE
ENSG00000172340,-1.17,-0.59,-0.06,-0.65,-0.15,NONE,UP
ENSG00000116133,0,0.45,-0.24,-0.68,-0.15,UP,NONE
ENSG00000182718,-0.07,-0.01,0.53,-0.3,-0.15,NONE,UP
ENSG00000147162,-0.65,0.47,0.17,-1.24,-0.15,NONE,NONE
ENSG00000121067,0.81,-0.27,0.98,0.09,-0.15,NONE,NONE
ENSG00000108424,0.05,-0.95,0.66,-0.41,-0.15,NONE,NONE
ENSG00000185187,0.07,0.38,0.08,0.37,0.14,NONE,NONE
ENSG00000152127,0.34,0.48,1.05,-0.52,0.14,NONE,NONE
ENSG00000125378,-0.08,0.03,-1.03,0.34,-0.14,NONE,NONE
ENSG00000154928,0.3,-0.39,0.15,-0.65,-0.14,NONE,UP
ENSG00000100823,-0.19,0,-0.6,0.07,-0.14,NONE,NONE
ENSG00000102265,-0.07,-0.2,0.23,-0.59,-0.14,NONE,UP
ENSG00000152818,0.12,0.63,0.95,-1.04,-0.14,NONE,UP
ENSG00000112576,0.44,0.1,0.68,0.82,0.14,NONE,NONE
ENSG00000065989,0,0.08,-0.38,-0.33,-0.14,NONE,DOWN
ENSG00000174444,0.07,-0.26,0.89,0.68,0.14,NONE,NONE
ENSG00000123358,-0.68,0.12,-0.24,-0.94,0.14,NONE,NONE
ENSG00000023287,0.01,0.51,-0.16,-0.04,0.14,NONE,NONE
ENSG00000153707,0.19,0.5,0.32,-0.45,-0.13,NONE,NONE
ENSG00000104320,-0.3,0.14,-0.02,0.35,-0.13,NONE,NONE
ENSG00000135945,-0.6,-0.24,-0.17,0.06,-0.13,UP,NONE
ENSG00000078140,0.2,0.36,0.1,0.59,-0.13,NONE,NONE
ENSG00000123159,0.34,-1.35,0.05,0.45,-0.13,NONE,NONE
ENSG00000105552,0.1,-0.41,0.07,0.09,0.13,NONE,NONE
ENSG00000168066,0.1,0.31,2.22,-0.58,0.12,NONE,NONE
ENSG00000100097,0.99,1.36,0.15,0.09,0.12,NONE,UP
ENSG00000196090,0.04,0.31,-1.26,0.05,0.12,NONE,NONE
ENSG00000196730,-0.29,-0.33,-0.3,-0.57,-0.12,NONE,UP
ENSG00000143546,-1.62,-0.36,-0.18,-0.45,0.12,UP,UP
ENSG00000172046,0.72,-0.03,0.57,-0.44,-0.12,NONE,NONE
ENSG00000154237,0.01,0.59,-0.59,0.27,-0.12,DOWN,NONE
ENSG00000137309,-0.56,0.1,-1.59,-0.68,-0.12,NONE,NONE
ENSG00000143933,-0.43,-0.05,-0.81,-0.11,-0.11,NONE,NONE
ENSG00000116001,-0.14,0.35,0.27,-0.78,0.11,DOWN,NONE
ENSG00000203747,-1.02,-0.42,-0.12,-1.13,-0.11,NONE,NONE
ENSG00000075142,-1.02,0.21,-0.02,-0.94,0.11,NONE,NONE
ENSG00000168036,-0.15,0.51,0.65,-1.14,-0.11,NONE,NONE
ENSG00000006007,0.52,0.35,0.64,0.88,-0.11,NONE,NONE
ENSG00000023191,0.08,-0.19,0.74,-1.45,0.11,NONE,NONE
ENSG00000161011,-0.13,-0.19,1.2,-0.53,-0.11,NONE,NONE
ENSG00000185344,-1.09,-0.24,-0.24,-0.39,-0.11,NONE,NONE
ENSG00000125968,0.1,0.18,0.15,-0.02,0.11,NONE,UP
ENSG00000120438,-0.06,0.1,0.32,-0.51,0.11,NONE,NONE
ENSG00000008517,-0.53,0.01,-0.65,-1.26,-0.1,NONE,NONE
ENSG00000112033,0.57,-0.02,0.08,0.05,0.1,NONE,NONE
ENSG00000033170,-0.19,-0.38,0.2,0.04,0.1,NONE,NONE
ENSG00000118508,0.2,0.23,0.98,0.14,0.1,NONE,UP
ENSG00000100219,-1.08,-0.31,-0.12,-2.59,-0.1,NONE,UP
ENSG00000089737,0.79,-0.11,0.07,0.65,-0.1,NONE,NONE
ENSG00000198563,-0.1,-0.66,-0.38,0.14,-0.1,NONE,NONE
ENSG00000179218,-0.31,-0.32,0.05,-1.38,0.1,UP,NONE
ENSG00000141837,-0.07,-0.06,-0.4,0.61,0.1,NONE,DOWN
ENSG00000099991,0.3,-0.12,0.05,0.34,0.1,NONE,NONE
ENSG00000214944,-0.58,0.34,-1.59,0.08,-0.09,NONE,NONE
ENSG00000175354,-0.27,-0.27,-0.15,0.56,0.09,NONE,NONE
ENSG00000183718,1.02,0.12,1.29,-0.26,0.09,NONE,NONE
ENSG00000035681,-0.94,0.05,-1.34,-1.09,-0.09,DOWN,NONE
ENSG00000185386,-0.06,-0.51,-0.76,-0.12,0.09,NONE,NONE
ENSG00000198910,0.02,0.01,-0.56,-0.39,0.09,NONE,NONE
ENSG00000149311,0.19,0.14,0.63,-1.45,0.09,NONE,NONE
ENSG00000198793,-0.22,0.31,-0.76,-0.16,-0.09,NONE,NONE
ENSG00000198947,0.25,0.09,0.74,-0.12,-0.09,NONE,NONE
ENSG00000134184,0.31,-0.6,0.04,0.26,-0.08,NONE,NONE
ENSG00000152822,0.05,0.04,-0.63,0.47,0.08,NONE,NONE
ENSG00000134318,0.28,0.67,-0.42,1.13,-0.08,NONE,NONE
ENSG00000101384,-1.11,0.32,-0.23,-1.6,0.08,UP,UP
ENSG00000265972,-0.38,-0.72,0.05,-0.37,-0.08,NONE,UP
ENSG00000144566,-0.12,0.34,-0.22,-0.31,-0.08,NONE,NONE
ENSG00000108465,0,-0.33,0.35,0.04,-0.08,DOWN,NONE
ENSG00000155380,0.14,-0.01,2.03,0.16,0.08,NONE,UP
ENSG00000197081,-0.07,0.02,0.67,-1.9,-0.08,NONE,NONE
ENSG00000132535,-0.01,-0.05,-0.82,-0.07,0.08,NONE,NONE
ENSG00000117360,-1.25,-0.15,0.1,-0.48,-0.07,NONE,NONE
ENSG00000110048,0.02,0.14,0.36,-0.21,0.07,NONE,NONE
ENSG00000183495,-0.42,-0.01,-0.23,-1.54,-0.07,NONE,NONE
ENSG00000196689,-0.61,-0.34,-1.1,-0.46,-0.07,NONE,DOWN
ENSG00000183735,-0.5,0.34,-1.62,-0.11,0.07,NONE,NONE
ENSG00000109756,0.1,0.46,0.11,-0.24,0.07,NONE,NONE
ENSG00000106266,0.44,-0.1,0.77,-0.22,-0.07,NONE,NONE
ENSG00000010244,-0.59,0.74,0.16,-1.6,0.07,NONE,NONE
ENSG00000131981,-0.21,0,0.04,-0.21,0.07,NONE,UP
ENSG00000003402,-0.19,0.31,0.69,-1.2,0.07,NONE,NONE
ENSG00000198918,-0.14,0.33,0.56,0,0.07,NONE,NONE
ENSG00000115266,0.66,-0.05,0.62,-0.06,0.06,NONE,NONE
ENSG00000214253,-0.4,-0.07,-0.08,-0.51,-0.06,NONE,NONE
ENSG00000169727,-0.26,-0.32,-0.47,0.5,-0.06,NONE,NONE
ENSG00000163931,-0.02,0.43,0.12,-0.05,0.06,NONE,NONE
ENSG00000198431,-0.15,-0.08,0.64,-0.3,-0.06,UP,NONE
ENSG00000109046,-0.35,-0.17,0.45,-0.74,-0.05,DOWN,NONE
ENSG00000033800,0.03,0.37,0.11,-0.08,0.05,NONE,NONE
ENSG00000197063,0.32,-0.1,0.56,0.16,0.05,UP,NONE
ENSG00000204371,-0.19,-0.12,-0.68,0.74,-0.05,NONE,NONE
ENSG00000166147,-0.27,0.96,0.02,-0.4,0.05,NONE,NONE
ENSG00000163904,1.1,0.57,1.24,0.37,0.05,NONE,NONE
ENSG00000162341,0.52,0.03,0.15,-0.05,0.05,DOWN,NONE
ENSG00000073050,0.06,0.31,-0.17,0.15,-0.05,NONE,NONE
ENSG00000164611,0.43,0.18,-0.2,0.08,-0.04,NONE,DOWN
ENSG00000112658,0.02,0.26,-0.09,-0.16,-0.04,NONE,NONE
ENSG00000116132,-0.02,-0.4,1.58,-0.41,0.04,NONE,UP
ENSG00000118971,0.13,0.16,0.16,-0.46,-0.04,NONE,NONE
ENSG00000163430,-0.37,-0.25,0.38,-0.88,-0.04,NONE,UP
ENSG00000114956,-0.67,-0.08,-2.13,0.82,-0.04,NONE,NONE
ENSG00000213625,-0.18,-0.06,0.39,-0.28,-0.04,NONE,UP
ENSG00000100030,0.28,0.23,0.66,0.04,0.04,NONE,NONE
ENSG00000055163,0.35,0.18,-0.55,1.08,0.04,NONE,NONE
ENSG00000198561,-0.23,0.56,0.25,-0.76,0.04,NONE,NONE
ENSG00000103769,-0.23,1,-0.19,-0.79,-0.04,NONE,NONE
ENSG00000164904,-0.74,-0.48,-0.05,-1.17,-0.04,NONE,NONE
ENSG00000148834,-0.39,0.13,-0.87,-0.05,-0.04,NONE,NONE
ENSG00000143437,-1.02,-0.13,-0.05,-0.8,0.04,NONE,NONE
ENSG00000165238,0.15,0.05,-0.06,0.31,-0.04,NONE,NONE
ENSG00000161547,-0.66,-0.16,0.1,-0.74,-0.04,NONE,NONE
ENSG00000131759,0.04,0.04,-0.77,0.09,-0.03,NONE,NONE
ENSG00000058063,-0.51,0.14,0.15,-0.74,-0.03,UP,NONE
ENSG00000127870,-0.08,0.58,-0.17,-0.09,-0.03,UP,NONE
ENSG00000073712,-0.4,0.11,0.47,-1.16,0.03,NONE,UP
ENSG00000234745,-0.02,0.42,0.38,-0.83,0.03,UP,UP
ENSG00000143553,-0.08,0.4,0.56,-0.48,0.03,NONE,NONE
ENSG00000108773,-0.12,0.12,-0.04,-0.19,-0.03,NONE,NONE
ENSG00000008056,-0.22,0.08,-0.92,-0.08,-0.03,NONE,NONE
ENSG00000128829,0.22,-0.1,-0.29,1.78,-0.03,NONE,NONE
ENSG00000165194,0.61,-0.42,0.01,0.76,0.03,NONE,DOWN
ENSG00000182481,-0.02,0.26,0.06,0.01,0.03,NONE,NONE
ENSG00000125977,0.03,-0.11,-0.09,1.06,-0.03,NONE,NONE
ENSG00000142185,0.25,-0.03,-0.79,0.03,-0.03,NONE,NONE
ENSG00000141510,0.16,-0.36,1.52,-0.49,0.03,NONE,UP
ENSG00000129351,0.01,-0.21,0.38,-0.73,-0.02,NONE,NONE
ENSG00000008735,0.44,-0.07,-0.11,0.27,0.02,NONE,NONE
ENSG00000123643,0.73,0.7,-0.14,-0.11,-0.02,NONE,NONE
ENSG00000197122,0.32,0.17,-0.57,0.04,0.02,NONE,NONE
ENSG00000141736,-0.06,-0.37,0.2,-0.19,-0.02,NONE,UP
ENSG00000189043,-0.4,0.76,-0.99,0.02,0.02,NONE,NONE
ENSG00000145416,-0.1,0.29,0.06,-0.23,-0.01,NONE,NONE
ENSG00000101017,-0.66,0.08,-0.68,-0.77,-0.01,NONE,UP
ENSG00000164494,-0.42,-0.16,-0.23,0.08,-0.01,NONE,NONE
ENSG00000204713,-0.87,0.16,-0.75,-0.54,-0.01,NONE,NONE
ENSG00000109854,-1.07,0.4,-0.54,-0.93,0.01,NONE,NONE
ENSG00000126883,-0.35,0.02,-0.61,0.15,0.01,NONE,NONE
ENSG00000159640,0.25,-0.3,-0.89,0.4,-0.01,DOWN,NONE
ENSG00000171862,0.05,0.62,0.58,0.02,-0.01,NONE,NONE
ENSG00000204642,-0.05,0.25,-0.19,-0.48,0.01,NONE,NONE
ENSG00000188917,1.29,0.06,1.21,0.96,0.01,NONE,NONE
ENSG00000153113,0.31,0.04,1.01,-0.28,-0.01,NONE,NONE
ENSG00000163220,-1.75,-0.53,-0.2,-0.78,0,UP,UP