ID,Custom_color_direction
ENSG00000175756,#NA
ENSG00000244038,#NA
ENSG00000226029,green
ENSG00000130764,#NA
ENSG00000242485,#NA
ENSG00000188976,#NA
ENSG00000157916,#NA
ENSG00000116251,#NA
ENSG00000117118,#NA
ENSG00000065526,#NA
ENSG00000041988,#NA
ENSG00000233954,#NA
ENSG00000116213,#NA
ENSG00000117448,#NA
ENSG00000117410,#NA
ENSG00000116922,#NA
ENSG00000197982,#NA
ENSG00000117395,#NA
ENSG00000117308,#NA
ENSG00000134697,#NA
ENSG00000168653,#NA
ENSG00000175087,#NA
ENSG00000084072,#NA
ENSG00000117748,#NA
ENSG00000142937,#NA
ENSG00000010803,green
ENSG00000183431,#NA
ENSG00000163866,#NA
ENSG00000163877,#NA
ENSG00000117614,#NA
ENSG00000054116,#NA
ENSG00000173660,#NA
ENSG00000126088,#NA
ENSG00000183520,#NA
ENSG00000065978,#NA
ENSG00000162384,green
ENSG00000162595,green
ENSG00000137947,#NA
ENSG00000198841,#NA
ENSG00000157193,#NA
ENSG00000058804,#NA
ENSG00000142892,#NA
ENSG00000116171,#NA
ENSG00000198711,#NA
ENSG00000123473,#NA
ENSG00000162604,#NA
ENSG00000116209,#NA
ENSG00000116459,#NA
ENSG00000116752,#NA
ENSG00000118292,#NA
ENSG00000117262,green
ENSG00000188092,green
ENSG00000163349,#NA
ENSG00000184270,#NA
ENSG00000224699,#NA
ENSG00000266472,#NA
ENSG00000273136,#NA
ENSG00000198890,#NA
ENSG00000143106,#NA
ENSG00000117569,#NA
ENSG00000215717,#NA
ENSG00000065183,#NA
ENSG00000143162,#NA
ENSG00000179085,#NA
ENSG00000160752,#NA
ENSG00000143575,#NA
ENSG00000162755,green
ENSG00000116586,#NA
ENSG00000143198,#NA
ENSG00000143314,#NA
ENSG00000143436,#NA
ENSG00000173171,#NA
ENSG00000162734,#NA
ENSG00000143224,#NA
ENSG00000159377,#NA
ENSG00000159352,#NA
ENSG00000163156,#NA
ENSG00000143252,#NA
ENSG00000198952,#NA
ENSG00000143553,#NA
ENSG00000163479,#NA
ENSG00000143183,#NA
ENSG00000143549,#NA
ENSG00000215845,#NA
ENSG00000158773,#NA
ENSG00000163159,#NA
ENSG00000162757,#NA
ENSG00000213047,#NA
ENSG00000234741,green
ENSG00000123684,#NA
ENSG00000077157,#NA
ENSG00000117523,#NA
ENSG00000182004,#NA
ENSG00000134375,#NA
ENSG00000116857,#NA
ENSG00000186283,#NA
ENSG00000117533,#NA
ENSG00000143727,#NA
ENSG00000154309,#NA
ENSG00000092978,#NA
ENSG00000143774,#NA
ENSG00000081692,#NA
ENSG00000162910,#NA
ENSG00000135778,#NA
ENSG00000067533,#NA
ENSG00000151353,#NA
ENSG00000221843,#NA
ENSG00000143933,#NA
ENSG00000115944,#NA
ENSG00000119203,#NA
ENSG00000119878,#NA
ENSG00000115137,#NA
ENSG00000032389,#NA
ENSG00000219626,#NA
ENSG00000171055,#NA
ENSG00000134330,#NA
ENSG00000138095,#NA
ENSG00000180398,#NA
ENSG00000084676,#NA
ENSG00000115216,#NA
ENSG00000228474,#NA
ENSG00000240857,#NA
ENSG00000171863,#NA
ENSG00000115128,#NA
ENSG00000115234,#NA
ENSG00000176887,#NA
ENSG00000115306,#NA
ENSG00000115750,#NA
ENSG00000163170,#NA
ENSG00000135624,#NA
ENSG00000011523,#NA
ENSG00000035141,#NA
ENSG00000059728,#NA
ENSG00000169599,green
ENSG00000135617,#NA
ENSG00000200488,#NA
ENSG00000168894,#NA
ENSG00000208772,#NA
ENSG00000115525,#NA
ENSG00000163541,#NA
ENSG00000116001,green
ENSG00000034510,#NA
ENSG00000136002,#NA
ENSG00000136710,#NA
ENSG00000135940,#NA
ENSG00000136718,#NA
ENSG00000173272,#NA
ENSG00000152082,#NA
ENSG00000155438,#NA
ENSG00000115539,#NA
ENSG00000115762,#NA
ENSG00000125630,#NA
ENSG00000115514,#NA
ENSG00000136709,#NA
ENSG00000154518,#NA
ENSG00000082153,#NA
ENSG00000077232,#NA
ENSG00000119013,#NA
ENSG00000115233,#NA
ENSG00000127837,#NA
ENSG00000123983,#NA
ENSG00000198612,#NA
ENSG00000172428,#NA
ENSG00000135930,#NA
ENSG00000144567,#NA
ENSG00000163481,#NA
ENSG00000144451,green
ENSG00000115661,#NA
ENSG00000158552,#NA
ENSG00000197548,#NA
ENSG00000134107,#NA
ENSG00000187118,#NA
ENSG00000113851,#NA
ENSG00000125037,#NA
ENSG00000075914,green
ENSG00000114745,#NA
ENSG00000181061,#NA
ENSG00000170860,#NA
ENSG00000151093,#NA
ENSG00000070950,#NA
ENSG00000174748,#NA
ENSG00000168137,#NA
ENSG00000008324,#NA
ENSG00000170142,#NA
ENSG00000164062,#NA
ENSG00000160799,#NA
ENSG00000164051,#NA
ENSG00000163832,#NA
ENSG00000016864,#NA
ENSG00000163938,#NA
ENSG00000163376,#NA
ENSG00000088727,#NA
ENSG00000178057,#NA
ENSG00000114388,#NA
ENSG00000168291,#NA
ENSG00000163636,#NA
ENSG00000162244,#NA
ENSG00000114902,green
ENSG00000164081,#NA
ENSG00000129055,#NA
ENSG00000184220,#NA
ENSG00000241278,#NA
ENSG00000073111,#NA
ENSG00000114686,#NA
ENSG00000114021,#NA
ENSG00000170854,#NA
ENSG00000251474,#NA
ENSG00000121542,#NA
ENSG00000154174,#NA
ENSG00000174173,#NA
ENSG00000081307,#NA
ENSG00000175054,#NA
ENSG00000205981,#NA
ENSG00000068885,#NA
ENSG00000175110,#NA
ENSG00000136521,green
ENSG00000155893,#NA
ENSG00000177565,#NA
ENSG00000058056,#NA
ENSG00000156931,#NA
ENSG00000169020,#NA
ENSG00000156976,#NA
ENSG00000125386,#NA
ENSG00000109519,#NA
ENSG00000214367,#NA
ENSG00000114473,#NA
ENSG00000179010,#NA
ENSG00000270170,#NA
ENSG00000198836,#NA
ENSG00000163923,#NA
ENSG00000119231,#NA
ENSG00000065882,#NA
ENSG00000132466,#NA
ENSG00000138663,#NA
ENSG00000109184,#NA
ENSG00000145293,#NA
ENSG00000189157,green
ENSG00000163288,red
ENSG00000132463,#NA
ENSG00000151806,#NA
ENSG00000145332,#NA
ENSG00000169288,#NA
ENSG00000170448,#NA
ENSG00000047315,red
ENSG00000163743,#NA
ENSG00000163682,#NA
ENSG00000014824,#NA
ENSG00000163625,#NA
ENSG00000164163,#NA
ENSG00000151458,#NA
ENSG00000188517,#NA
ENSG00000170390,#NA
ENSG00000077684,#NA
ENSG00000138688,red
ENSG00000138709,#NA
ENSG00000109390,#NA
ENSG00000138698,#NA
ENSG00000153130,#NA
ENSG00000138802,#NA
ENSG00000269893,#NA
ENSG00000028310,green
ENSG00000169862,#NA
ENSG00000180104,#NA
ENSG00000171421,#NA
ENSG00000145494,#NA
ENSG00000113569,#NA
ENSG00000249915,#NA
ENSG00000154153,#NA
ENSG00000129128,#NA
ENSG00000113387,#NA
ENSG00000164252,#NA
ENSG00000049167,#NA
ENSG00000112972,#NA
ENSG00000086200,#NA
ENSG00000164258,#NA
ENSG00000067113,red
ENSG00000049883,#NA
ENSG00000058729,#NA
ENSG00000145740,#NA
ENSG00000177058,#NA
ENSG00000171530,#NA
ENSG00000164180,#NA
ENSG00000131732,#NA
ENSG00000172262,#NA
ENSG00000164398,#NA
ENSG00000094880,#NA
ENSG00000113552,#NA
ENSG00000113648,#NA
ENSG00000112855,#NA
ENSG00000169567,#NA
ENSG00000120733,#NA
ENSG00000131495,#NA
ENSG00000145725,#NA
ENSG00000158987,green
ENSG00000013561,#NA
ENSG00000113615,#NA
ENSG00000113558,#NA
ENSG00000205302,red
ENSG00000151304,#NA
ENSG00000113621,#NA
ENSG00000164405,#NA
ENSG00000134987,#NA
ENSG00000120314,#NA
ENSG00000155329,#NA
ENSG00000146007,#NA
ENSG00000137274,#NA
ENSG00000124802,#NA
ENSG00000146067,#NA
ENSG00000145912,#NA
ENSG00000181163,#NA
ENSG00000204628,#NA
ENSG00000037241,#NA
ENSG00000164587,#NA
ENSG00000137266,#NA
ENSG00000164296,#NA
ENSG00000146109,#NA
ENSG00000112149,#NA
ENSG00000124610,#NA
ENSG00000277075,#NA
ENSG00000273802,red
ENSG00000197903,red
ENSG00000185130,#NA
ENSG00000275714,#NA
ENSG00000278828,#NA
ENSG00000197061,#NA
ENSG00000277157,#NA
ENSG00000274618,#NA
ENSG00000276180,#NA
ENSG00000225921,#NA
ENSG00000124789,#NA
ENSG00000197062,#NA
ENSG00000064999,#NA
ENSG00000112578,#NA
ENSG00000198937,#NA
ENSG00000096401,#NA
ENSG00000112667,green
ENSG00000124767,#NA
ENSG00000146151,#NA
ENSG00000137171,#NA
ENSG00000124688,#NA
ENSG00000124733,#NA
ENSG00000112651,#NA
ENSG00000096080,#NA
ENSG00000171453,#NA
ENSG00000112130,#NA
ENSG00000198755,#NA
ENSG00000124541,#NA
ENSG00000124562,#NA
ENSG00000124659,#NA
ENSG00000096092,#NA
ENSG00000137207,#NA
ENSG00000057663,#NA
ENSG00000112695,#NA
ENSG00000083099,#NA
ENSG00000135549,#NA
ENSG00000132424,#NA
ENSG00000111850,#NA
ENSG00000203875,#NA
ENSG00000135317,#NA
ENSG00000079950,#NA
ENSG00000146386,#NA
ENSG00000120437,#NA
ENSG00000106263,#NA
ENSG00000272047,green
ENSG00000214960,green
ENSG00000002822,#NA
ENSG00000189043,#NA
ENSG00000106268,#NA
ENSG00000106443,#NA
ENSG00000131013,#NA
ENSG00000157778,#NA
ENSG00000106399,#NA
ENSG00000169976,#NA
ENSG00000164828,#NA
ENSG00000131018,red
ENSG00000105849,#NA
ENSG00000009844,#NA
ENSG00000136247,#NA
ENSG00000178381,#NA
ENSG00000164631,red
ENSG00000105778,#NA
ENSG00000169193,red
ENSG00000146731,#NA
ENSG00000065883,#NA
ENSG00000106153,#NA
ENSG00000106603,#NA
ENSG00000227855,#NA
ENSG00000122557,#NA
ENSG00000122566,#NA
ENSG00000136273,#NA
ENSG00000106591,green
ENSG00000146729,#NA
ENSG00000196262,#NA
ENSG00000106588,#NA
ENSG00000232956,#NA
ENSG00000136270,#NA
ENSG00000164548,#NA
ENSG00000221838,#NA
ENSG00000241468,#NA
ENSG00000071462,#NA
ENSG00000106245,#NA
ENSG00000274070,red
ENSG00000106665,#NA
ENSG00000006704,#NA
ENSG00000105793,#NA
ENSG00000128581,#NA
ENSG00000005483,#NA
ENSG00000001631,#NA
ENSG00000188186,#NA
ENSG00000161036,red
ENSG00000187391,#NA
ENSG00000130305,#NA
ENSG00000106244,#NA
ENSG00000005075,#NA
ENSG00000172336,#NA
ENSG00000160813,#NA
ENSG00000161057,#NA
ENSG00000274523,#NA
ENSG00000049541,#NA
ENSG00000196636,#NA
ENSG00000127990,#NA
ENSG00000006128,red
ENSG00000106638,#NA
ENSG00000196367,#NA
ENSG00000004766,#NA
ENSG00000106400,#NA
ENSG00000004059,#NA
ENSG00000128524,#NA
ENSG00000198898,#NA
ENSG00000106477,green
ENSG00000281490,#NA
ENSG00000225572,#NA
ENSG00000205085,#NA
ENSG00000133606,#NA
ENSG00000090263,#NA
ENSG00000128609,#NA
ENSG00000090266,#NA
ENSG00000106459,#NA
ENSG00000157800,#NA
ENSG00000262771,#NA
ENSG00000196511,green
ENSG00000104763,#NA
ENSG00000147439,#NA
ENSG00000198791,#NA
ENSG00000104671,#NA
ENSG00000134014,#NA
ENSG00000178234,#NA
ENSG00000147421,#NA
ENSG00000003987,#NA
ENSG00000184863,#NA
ENSG00000009335,#NA
ENSG00000104691,#NA
ENSG00000133624,#NA
ENSG00000070718,#NA
ENSG00000104221,#NA
ENSG00000170791,#NA
ENSG00000121022,#NA
ENSG00000154582,#NA
ENSG00000137563,#NA
ENSG00000198042,#NA
ENSG00000104320,#NA
ENSG00000140396,#NA
ENSG00000181690,#NA
ENSG00000070501,#NA
ENSG00000147604,#NA
ENSG00000176209,#NA
ENSG00000164808,#NA
ENSG00000169490,#NA
ENSG00000167904,#NA
ENSG00000175073,#NA
ENSG00000104231,#NA
ENSG00000186106,#NA
ENSG00000155096,#NA
ENSG00000164919,green
ENSG00000179091,#NA
ENSG00000164934,#NA
ENSG00000136986,#NA
ENSG00000104408,#NA
ENSG00000178896,#NA
ENSG00000172172,#NA
ENSG00000156170,#NA
ENSG00000147684,#NA
ENSG00000129292,#NA
ENSG00000147669,#NA
ENSG00000161016,#NA
ENSG00000080503,#NA
ENSG00000180543,#NA
ENSG00000278243,#NA
ENSG00000156467,#NA
ENSG00000147852,#NA
ENSG00000156795,#NA
ENSG00000170631,#NA
ENSG00000137124,#NA
ENSG00000137074,#NA
ENSG00000086065,#NA
ENSG00000137100,#NA
ENSG00000137133,green
ENSG00000165264,#NA
ENSG00000164967,#NA
ENSG00000165283,#NA
ENSG00000165275,#NA
ENSG00000198680,#NA
ENSG00000156345,#NA
ENSG00000048828,#NA
ENSG00000196305,#NA
ENSG00000197724,#NA
ENSG00000106803,#NA
ENSG00000136810,#NA
ENSG00000196597,#NA
ENSG00000136950,#NA
ENSG00000203993,#NA
ENSG00000136888,#NA
ENSG00000160345,#NA
ENSG00000136819,#NA
ENSG00000107223,#NA
ENSG00000196205,#NA
ENSG00000204136,#NA
ENSG00000107937,#NA
ENSG00000188566,#NA
ENSG00000148335,#NA
ENSG00000196358,#NA
ENSG00000148229,#NA
ENSG00000136933,#NA
ENSG00000107263,#NA
ENSG00000197958,#NA
ENSG00000136942,#NA
ENSG00000136856,#NA
ENSG00000175854,#NA
ENSG00000244187,#NA
ENSG00000167118,#NA
ENSG00000171448,#NA
ENSG00000204683,#NA
ENSG00000151465,#NA
ENSG00000148444,green
ENSG00000136770,#NA
ENSG00000057608,#NA
ENSG00000165996,green
ENSG00000107643,#NA
ENSG00000078403,#NA
ENSG00000107537,#NA
ENSG00000183621,#NA
ENSG00000181915,#NA
ENSG00000172586,#NA
ENSG00000171224,#NA
ENSG00000165443,#NA
ENSG00000148688,#NA
ENSG00000138326,#NA
ENSG00000122912,green
ENSG00000107854,#NA
ENSG00000165637,#NA
ENSG00000173915,#NA
ENSG00000176171,#NA
ENSG00000166171,#NA
ENSG00000127884,#NA
ENSG00000119979,#NA
ENSG00000148834,#NA
ENSG00000148814,#NA
ENSG00000055950,#NA
ENSG00000107833,#NA
ENSG00000065154,#NA
ENSG00000165672,#NA
ENSG00000269609,#NA
ENSG00000095587,#NA
ENSG00000171206,#NA
ENSG00000165832,#NA
ENSG00000188690,green
ENSG00000132254,#NA
ENSG00000177830,#NA
ENSG00000158042,#NA
ENSG00000177700,#NA
ENSG00000129084,green
ENSG00000185627,green
ENSG00000177963,#NA
ENSG00000166441,#NA
ENSG00000167325,#NA
ENSG00000198168,#NA
ENSG00000166337,#NA
ENSG00000172409,#NA
ENSG00000110442,#NA
ENSG00000167986,#NA
ENSG00000110429,#NA
ENSG00000110031,green
ENSG00000156603,#NA
ENSG00000169519,#NA
ENSG00000166902,#NA
ENSG00000166889,#NA
ENSG00000165916,#NA
ENSG00000211450,#NA
ENSG00000149136,#NA
ENSG00000134809,#NA
ENSG00000149476,green
ENSG00000213593,#NA
ENSG00000213465,#NA
ENSG00000175505,#NA
ENSG00000176340,#NA
ENSG00000214756,#NA
ENSG00000175550,#NA
ENSG00000149806,#NA
ENSG00000172977,#NA
ENSG00000149243,#NA
ENSG00000168056,#NA
ENSG00000174547,#NA
ENSG00000197345,#NA
ENSG00000175581,#NA
ENSG00000151366,#NA
ENSG00000110717,#NA
ENSG00000167792,#NA
ENSG00000175482,#NA
ENSG00000168002,#NA
ENSG00000126432,#NA
ENSG00000149273,#NA
ENSG00000137492,#NA
ENSG00000172663,green
ENSG00000134825,#NA
ENSG00000173113,#NA
ENSG00000133316,#NA
ENSG00000167283,#NA
ENSG00000166266,#NA
ENSG00000137692,#NA
ENSG00000110367,#NA
ENSG00000150768,#NA
ENSG00000196371,#NA
ENSG00000118058,#NA
ENSG00000150776,#NA
ENSG00000168092,#NA
ENSG00000150787,#NA
ENSG00000109929,red
ENSG00000204370,#NA
ENSG00000150779,#NA
ENSG00000171204,#NA
ENSG00000084234,#NA
ENSG00000111678,#NA
ENSG00000215039,#NA
ENSG00000109832,#NA
ENSG00000010219,green
ENSG00000111640,#NA
ENSG00000197837,red
ENSG00000183935,#NA
ENSG00000003056,#NA
ENSG00000111196,#NA
ENSG00000111639,#NA
ENSG00000121350,#NA
ENSG00000171792,green
ENSG00000151500,#NA
ENSG00000111669,#NA
ENSG00000173208,#NA
ENSG00000076108,#NA
ENSG00000135441,#NA
ENSG00000123106,#NA
ENSG00000257727,#NA
ENSG00000111481,#NA
ENSG00000135469,#NA
ENSG00000178449,#NA
ENSG00000188906,#NA
ENSG00000092841,#NA
ENSG00000196465,#NA
ENSG00000139579,#NA
ENSG00000170515,#NA
ENSG00000123349,#NA
ENSG00000181929,#NA
ENSG00000229117,#NA
ENSG00000111371,#NA
ENSG00000015153,#NA
ENSG00000075089,#NA
ENSG00000120805,#NA
ENSG00000133641,#NA
ENSG00000111530,#NA
ENSG00000175215,#NA
ENSG00000127334,#NA
ENSG00000198855,#NA
ENSG00000136003,#NA
ENSG00000111615,#NA
ENSG00000111144,#NA
ENSG00000037897,#NA
ENSG00000198015,#NA
ENSG00000196531,#NA
ENSG00000166881,#NA
ENSG00000091039,#NA
ENSG00000075415,#NA
ENSG00000139351,red
ENSG00000135452,#NA
ENSG00000135655,#NA
ENSG00000186908,#NA
ENSG00000189046,#NA
ENSG00000196510,green
ENSG00000176915,#NA
ENSG00000111229,#NA
ENSG00000204842,#NA
ENSG00000174456,#NA
ENSG00000111775,#NA
ENSG00000135144,#NA
ENSG00000089248,#NA
ENSG00000111231,red
ENSG00000234608,#NA
ENSG00000123066,#NA
ENSG00000139428,green
ENSG00000196199,#NA
ENSG00000173141,#NA
ENSG00000089220,#NA
ENSG00000111737,#NA
ENSG00000132341,#NA
ENSG00000150459,#NA
ENSG00000170855,#NA
ENSG00000132953,#NA
ENSG00000133103,#NA
ENSG00000188811,#NA
ENSG00000139514,#NA
ENSG00000065150,#NA
ENSG00000165782,#NA
ENSG00000151287,#NA
ENSG00000136319,#NA
ENSG00000179933,#NA
ENSG00000129518,#NA
ENSG00000092208,#NA
ENSG00000165516,red
ENSG00000179454,#NA
ENSG00000129460,#NA
ENSG00000151413,#NA
ENSG00000100462,red
ENSG00000100902,#NA
ENSG00000100804,#NA
ENSG00000087302,#NA
ENSG00000092108,#NA
ENSG00000092203,#NA
ENSG00000131966,#NA
ENSG00000066427,#NA
ENSG00000119599,#NA
ENSG00000119661,#NA
ENSG00000134001,#NA
ENSG00000165521,#NA
ENSG00000089916,#NA
ENSG00000100744,#NA
ENSG00000100577,green
ENSG00000187105,#NA
ENSG00000276880,#NA
ENSG00000183648,green
ENSG00000133961,#NA
ENSG00000257621,green
ENSG00000100764,red
ENSG00000100519,#NA
ENSG00000072042,#NA
ENSG00000200312,#NA
ENSG00000029364,#NA
ENSG00000119705,green
ENSG00000198554,#NA
ENSG00000140057,red
ENSG00000156411,#NA
ENSG00000100664,#NA
ENSG00000126214,#NA
ENSG00000078304,#NA
ENSG00000156414,#NA
ENSG00000184986,#NA
ENSG00000021776,#NA
ENSG00000104164,#NA
ENSG00000166946,#NA
ENSG00000166200,#NA
ENSG00000137770,#NA
ENSG00000255302,#NA
ENSG00000128463,#NA
ENSG00000168806,#NA
ENSG00000069956,#NA
ENSG00000137806,#NA
ENSG00000182117,#NA
ENSG00000168781,#NA
ENSG00000140263,#NA
ENSG00000248508,#NA
ENSG00000137842,#NA
ENSG00000159459,#NA
ENSG00000103591,#NA
ENSG00000159322,green
ENSG00000140350,#NA
ENSG00000260916,#NA
ENSG00000140365,green
ENSG00000179151,#NA
ENSG00000103876,#NA
ENSG00000178761,#NA
ENSG00000138604,#NA
ENSG00000074696,#NA
ENSG00000166503,#NA
ENSG00000188266,green
ENSG00000166411,red
ENSG00000177971,#NA
ENSG00000185787,#NA
ENSG00000178802,green
ENSG00000181991,#NA
ENSG00000041357,#NA
ENSG00000117906,#NA
ENSG00000174444,#NA
ENSG00000278229,#NA
ENSG00000137876,#NA
ENSG00000174446,#NA
ENSG00000259642,#NA
ENSG00000067221,green
ENSG00000140416,#NA
ENSG00000140395,#NA
ENSG00000156232,#NA
ENSG00000166716,#NA
ENSG00000180357,#NA
ENSG00000174442,#NA
ENSG00000183044,#NA
ENSG00000182831,#NA
ENSG00000174109,#NA
ENSG00000005339,#NA
ENSG00000276726,#NA
ENSG00000103363,#NA
ENSG00000063854,#NA
ENSG00000103253,#NA
ENSG00000184508,#NA
ENSG00000140443,#NA
ENSG00000130731,#NA
ENSG00000103152,#NA
ENSG00000086504,#NA
ENSG00000074071,#NA
ENSG00000140990,#NA
ENSG00000065057,#NA
ENSG00000161981,#NA
ENSG00000167978,#NA
ENSG00000183751,#NA
ENSG00000184277,#NA
ENSG00000010539,#NA
ENSG00000006194,#NA
ENSG00000167981,#NA
ENSG00000167186,#NA
ENSG00000179958,#NA
ENSG00000069345,#NA
ENSG00000156860,#NA
ENSG00000155393,green
ENSG00000129636,#NA
ENSG00000047578,#NA
ENSG00000224310,green
ENSG00000102897,green
ENSG00000004779,#NA
ENSG00000122257,#NA
ENSG00000134419,#NA
ENSG00000066654,#NA
ENSG00000185947,#NA
ENSG00000166971,#NA
ENSG00000070761,#NA
ENSG00000103121,green
ENSG00000131143,#NA
ENSG00000174177,#NA
ENSG00000182810,#NA
ENSG00000166595,#NA
ENSG00000135723,#NA
ENSG00000140718,#NA
ENSG00000034713,#NA
ENSG00000131153,#NA
ENSG00000230989,#NA
ENSG00000065427,#NA
ENSG00000159593,#NA
ENSG00000102908,red
ENSG00000072736,#NA
ENSG00000167005,#NA
ENSG00000102898,#NA
ENSG00000102978,#NA
ENSG00000167526,#NA
ENSG00000168701,#NA
ENSG00000167515,#NA
ENSG00000262943,green
ENSG00000108561,#NA
ENSG00000141030,#NA
ENSG00000167699,#NA
ENSG00000132376,#NA
ENSG00000083457,#NA
ENSG00000175061,#NA
ENSG00000141503,#NA
ENSG00000183011,#NA
ENSG00000141027,#NA
ENSG00000091592,#NA
ENSG00000142507,#NA
ENSG00000132383,#NA
ENSG00000108528,#NA
ENSG00000170310,#NA
ENSG00000179029,#NA
ENSG00000171928,#NA
ENSG00000129235,#NA
ENSG00000170315,red
ENSG00000131473,#NA
ENSG00000108666,#NA
ENSG00000109016,#NA
ENSG00000168259,#NA
ENSG00000185158,#NA
ENSG00000125691,#NA
ENSG00000128487,#NA
ENSG00000178691,#NA
ENSG00000244045,#NA
ENSG00000214174,#NA
ENSG00000159199,#NA
ENSG00000126581,#NA
ENSG00000180329,#NA
ENSG00000004897,#NA
ENSG00000141367,#NA
ENSG00000183978,#NA
ENSG00000121058,#NA
ENSG00000136485,#NA
ENSG00000067596,#NA
ENSG00000198909,#NA
ENSG00000108788,#NA
ENSG00000181610,#NA
ENSG00000198496,#NA
ENSG00000239672,green
ENSG00000167085,red
ENSG00000131469,#NA
ENSG00000121073,#NA
ENSG00000213246,#NA
ENSG00000131475,#NA
ENSG00000175155,#NA
ENSG00000141385,#NA
ENSG00000141552,#NA
ENSG00000214087,#NA
ENSG00000167863,#NA
ENSG00000186665,#NA
ENSG00000169689,#NA
ENSG00000177337,#NA
ENSG00000262001,green
ENSG00000141543,#NA
ENSG00000173818,#NA
ENSG00000108479,#NA
ENSG00000169727,#NA
ENSG00000168675,#NA
ENSG00000237854,#NA
ENSG00000167862,#NA
ENSG00000125445,#NA
ENSG00000182534,#NA
ENSG00000118680,#NA
ENSG00000204237,green
ENSG00000185813,green
ENSG00000108946,#NA
ENSG00000128789,#NA
ENSG00000172809,#NA
ENSG00000188612,#NA
ENSG00000101558,#NA
ENSG00000152234,#NA
ENSG00000282266,#NA
ENSG00000170558,#NA
ENSG00000166347,#NA
ENSG00000134759,green
ENSG00000134049,#NA
ENSG00000167306,#NA
ENSG00000134440,#NA
ENSG00000141447,#NA
ENSG00000078142,#NA
ENSG00000091164,#NA
ENSG00000142303,#NA
ENSG00000125652,#NA
ENSG00000198356,#NA
ENSG00000104979,#NA
ENSG00000130813,#NA
ENSG00000174917,#NA
ENSG00000183397,#NA
ENSG00000105401,#NA
ENSG00000176533,#NA
ENSG00000130332,#NA
ENSG00000183617,#NA
ENSG00000074842,#NA
ENSG00000174886,#NA
ENSG00000115286,#NA
ENSG00000229833,#NA
ENSG00000104886,#NA
ENSG00000130175,#NA
ENSG00000130255,#NA
ENSG00000172009,#NA
ENSG00000105518,#NA
ENSG00000198258,#NA
ENSG00000127540,#NA
ENSG00000105583,#NA
ENSG00000171295,#NA
ENSG00000186300,#NA
ENSG00000130544,#NA
ENSG00000198551,#NA
ENSG00000173875,#NA
ENSG00000254901,green
ENSG00000126247,#NA
ENSG00000105669,green
ENSG00000126267,#NA
ENSG00000105671,#NA
ENSG00000105058,#NA
ENSG00000105135,#NA
ENSG00000262860,#NA
ENSG00000130520,#NA
ENSG00000099795,#NA
ENSG00000126249,#NA
ENSG00000105258,#NA
ENSG00000105171,#NA
ENSG00000205155,#NA
ENSG00000167461,#NA
ENSG00000105640,#NA
ENSG00000205138,#NA
ENSG00000105254,#NA
ENSG00000105677,#NA
ENSG00000221983,#NA
ENSG00000169021,#NA
ENSG00000233527,#NA
ENSG00000197863,#NA
ENSG00000090013,#NA
ENSG00000090932,#NA
ENSG00000104936,#NA
ENSG00000269858,#NA
ENSG00000012061,#NA
ENSG00000077348,#NA
ENSG00000104863,#NA
ENSG00000104872,#NA
ENSG00000099341,#NA
ENSG00000063177,#NA
ENSG00000183207,#NA
ENSG00000178980,#NA
ENSG00000125743,#NA
ENSG00000167642,#NA
ENSG00000167645,#NA
ENSG00000120784,#NA
ENSG00000159882,#NA
ENSG00000196437,#NA
ENSG00000124444,#NA
ENSG00000185869,#NA
ENSG00000130724,#NA
ENSG00000101266,#NA
ENSG00000142396,#NA
ENSG00000105379,green
ENSG00000142530,#NA
ENSG00000063241,#NA
ENSG00000276458,#NA
ENSG00000276061,#NA
ENSG00000142546,#NA
ENSG00000126457,#NA
ENSG00000083845,#NA
ENSG00000083807,#NA
ENSG00000177732,#NA
ENSG00000104946,#NA
ENSG00000125875,#NA
ENSG00000256060,#NA
ENSG00000105053,#NA
ENSG00000171649,#NA
ENSG00000181894,#NA
ENSG00000105136,#NA
ENSG00000178935,#NA
ENSG00000083828,#NA
ENSG00000083814,#NA
ENSG00000101444,#NA
ENSG00000101474,red
ENSG00000171456,#NA
ENSG00000171552,#NA
ENSG00000078699,#NA
ENSG00000242372,#NA
ENSG00000125991,#NA
ENSG00000101365,#NA
ENSG00000125877,green
ENSG00000172264,#NA
ENSG00000125901,#NA
ENSG00000244005,#NA
ENSG00000232838,#NA
ENSG00000025293,#NA
ENSG00000244462,#NA
ENSG00000125995,#NA
ENSG00000232388,#NA
ENSG00000088930,#NA
ENSG00000130706,#NA
ENSG00000124172,green
ENSG00000101132,#NA
ENSG00000124181,red
ENSG00000101182,#NA
ENSG00000171858,#NA
ENSG00000174365,#NA
ENSG00000184402,#NA
ENSG00000177410,#NA
ENSG00000241837,#NA
ENSG00000160226,#NA
ENSG00000142156,#NA
ENSG00000154639,#NA
ENSG00000159147,#NA
ENSG00000159267,#NA
ENSG00000142166,#NA
ENSG00000198862,red
ENSG00000180530,red
ENSG00000198618,#NA
ENSG00000182093,#NA
ENSG00000128185,#NA
ENSG00000185721,#NA
ENSG00000185608,#NA
ENSG00000100029,#NA
ENSG00000099901,#NA
ENSG00000099999,green
ENSG00000184436,green
ENSG00000100154,#NA
ENSG00000253352,#NA
ENSG00000184470,#NA
ENSG00000184076,#NA
ENSG00000100319,#NA
ENSG00000130638,#NA
ENSG00000184164,#NA
ENSG00000213923,#NA
ENSG00000186976,green
ENSG00000100353,#NA
ENSG00000100129,red
ENSG00000100393,#NA
ENSG00000100335,#NA
ENSG00000100410,#NA
ENSG00000100417,#NA
ENSG00000100227,#NA
ENSG00000102054,#NA
ENSG00000100387,#NA
ENSG00000100316,#NA
ENSG00000187051,#NA
ENSG00000100220,#NA
ENSG00000100372,#NA
ENSG00000169895,#NA
ENSG00000198792,#NA
ENSG00000205542,#NA
ENSG00000100354,#NA
ENSG00000100216,#NA
ENSG00000170638,#NA
ENSG00000196419,#NA
ENSG00000169249,#NA
ENSG00000182220,#NA
ENSG00000165169,#NA
ENSG00000069509,#NA
ENSG00000102316,#NA
ENSG00000187601,#NA
ENSG00000147123,#NA
ENSG00000102103,#NA
ENSG00000102100,#NA
ENSG00000186787,#NA
ENSG00000068323,#NA
ENSG00000126768,#NA
ENSG00000247746,#NA
ENSG00000124486,#NA
ENSG00000251192,#NA
ENSG00000131269,#NA
ENSG00000126947,#NA
ENSG00000102401,#NA
ENSG00000198960,red
ENSG00000133134,#NA
ENSG00000166681,#NA
ENSG00000102409,#NA
ENSG00000184515,#NA
ENSG00000131174,#NA
ENSG00000018610,#NA
ENSG00000198932,#NA
ENSG00000147246,#NA
ENSG00000089289,#NA
ENSG00000225470,#NA
ENSG00000120509,#NA
ENSG00000102309,#NA
ENSG00000147224,#NA
ENSG00000101843,#NA
ENSG00000005022,#NA
ENSG00000172465,#NA
ENSG00000182916,#NA
ENSG00000180964,#NA
ENSG00000185825,#NA
ENSG00000262919,#NA
ENSG00000147400,#NA
ENSG00000197620,#NA
ENSG00000197021,#NA
ENSG00000185010,#NA
ENSG00000165775,#NA
ENSG00000171004,#NA
ENSG00000196976,#NA
ENSG00000125356,#NA
ENSG00000125352,#NA
ENSG00000147403,#NA
ENSG00000198918,#NA
ENSG00000180879,#NA