ID,logFC_CBE_Mayo,direction_CBE_Mayo,logFC_TCX_Mayo,direction_TCX_Mayo
ENSG00000175756,-0.03294007,NONE,0.053082438,NONE
ENSG00000244038,0.14982806,NONE,0.058633401,NONE
ENSG00000226029,-0.302877553,DOWN,-0.105750636,NONE
ENSG00000130764,0.05570021,NONE,-0.156593027,NONE
ENSG00000242485,-0.125283157,NONE,-0.108217558,NONE
ENSG00000188976,0.092637103,NONE,-0.225979762,NONE
ENSG00000157916,0.154233791,NONE,-0.034524526,NONE
ENSG00000116251,-0.013460951,NONE,-0.122192698,NONE
ENSG00000117118,0.059354541,NONE,-0.027829325,NONE
ENSG00000065526,0.149377692,NONE,0.075930711,NONE
ENSG00000041988,0.097614826,NONE,-0.142474714,NONE
ENSG00000233954,0.074678331,NONE,-0.301407695,DOWN
ENSG00000116213,-0.034115794,NONE,-0.053833814,NONE
ENSG00000117448,-0.159747306,NONE,-0.063140983,NONE
ENSG00000117410,-0.028089828,NONE,-0.143449681,NONE
ENSG00000116922,0.126873596,NONE,-0.092293693,NONE
ENSG00000197982,0.081612728,NONE,0.100742569,NONE
ENSG00000117395,0.084940539,NONE,-0.145620431,NONE
ENSG00000117308,-0.136431889,NONE,-0.16889451,NONE
ENSG00000134697,-0.115738248,NONE,-0.072405552,NONE
ENSG00000168653,-0.175621209,NONE,-0.00893276,NONE
ENSG00000175087,0.132022391,NONE,-0.123910456,NONE
ENSG00000084072,-0.136255539,NONE,-0.189730846,NONE
ENSG00000117748,-0.047190926,NONE,0.05980205,NONE
ENSG00000142937,-0.095648437,NONE,-0.03386327,NONE
ENSG00000010803,-0.355587992,DOWN,-0.007384202,NONE
ENSG00000183431,0.000913071,NONE,-0.006574665,NONE
ENSG00000163866,-0.00892119,NONE,-0.148764181,NONE
ENSG00000163877,0.00298261,NONE,-0.013315924,NONE
ENSG00000117614,0.004448555,NONE,0.065417985,NONE
ENSG00000054116,-0.077965446,NONE,-0.001467856,NONE
ENSG00000173660,-0.004743497,NONE,-0.122066935,NONE
ENSG00000126088,-0.145559906,NONE,-0.032092709,NONE
ENSG00000183520,-0.110792236,NONE,-0.090731211,NONE
ENSG00000065978,0.047230889,NONE,0.296224559,UP
ENSG00000162384,-0.35167165,DOWN,-0.132152868,NONE
ENSG00000162595,-0.6383649,DOWN,-0.056395884,NONE
ENSG00000137947,0.119509644,NONE,0.00083274,NONE
ENSG00000198841,0.088513546,NONE,-0.112337593,NONE
ENSG00000157193,0.123140753,NONE,0.032848873,NONE
ENSG00000058804,0.148346669,NONE,0.012124278,NONE
ENSG00000142892,0.031777739,NONE,0.085316121,NONE
ENSG00000116171,-0.10326665,NONE,0.096572676,NONE
ENSG00000198711,0.250990359,NONE,-0.045386833,NONE
ENSG00000123473,0.000687993,NONE,-0.037723507,NONE
ENSG00000162604,-0.12567251,NONE,-0.120250458,NONE
ENSG00000116209,-0.050575847,NONE,-0.011976494,NONE
ENSG00000116459,-0.01453924,NONE,-0.023776815,NONE
ENSG00000116752,0.028431013,NONE,-0.151029887,NONE
ENSG00000118292,-0.037052062,NONE,0.347334868,UP
ENSG00000117262,-0.306182412,DOWN,-0.189011727,NONE
ENSG00000188092,-0.369901989,DOWN,-0.214884383,NONE
ENSG00000163349,0.213970923,NONE,0.201148844,NONE
ENSG00000184270,NA,NA,NA,NA
ENSG00000224699,-0.192606087,NONE,-0.469074428,DOWN
ENSG00000266472,-0.143445433,NONE,-0.008379159,NONE
ENSG00000273136,-4.20E-05,NONE,0.160005828,NONE
ENSG00000198890,-0.133179068,NONE,-0.210094545,NONE
ENSG00000143106,-0.248275617,NONE,-0.247319035,NONE
ENSG00000117569,-0.13011579,NONE,-0.073103775,NONE
ENSG00000215717,0.012408302,NONE,0.019810429,NONE
ENSG00000065183,0.087481575,NONE,-0.00413652,NONE
ENSG00000143162,0.129444626,NONE,0.138492889,NONE
ENSG00000179085,-0.201794329,NONE,0.116103669,NONE
ENSG00000160752,0.19951002,NONE,0.063869837,NONE
ENSG00000143575,0.020902728,NONE,0.098846912,NONE
ENSG00000162755,-0.45823516,DOWN,-0.147232527,NONE
ENSG00000116586,-0.104760559,NONE,0.048291965,NONE
ENSG00000143198,-0.148891917,NONE,-0.140024905,NONE
ENSG00000143314,-0.259291029,NONE,-0.044794259,NONE
ENSG00000143436,-0.020630302,NONE,0.049861911,NONE
ENSG00000173171,-0.042588525,NONE,-0.048929499,NONE
ENSG00000162734,0.197338647,NONE,0.087336322,NONE
ENSG00000143224,-0.204780571,NONE,-0.231528383,NONE
ENSG00000159377,-0.12369435,NONE,-0.004052033,NONE
ENSG00000159352,-0.175606008,NONE,-0.048311416,NONE
ENSG00000163156,-0.161067396,NONE,-0.098314051,NONE
ENSG00000143252,-0.12815613,NONE,-0.192366786,NONE
ENSG00000198952,0.067968327,NONE,0.176487625,NONE
ENSG00000143553,0.010112418,NONE,0.258312946,NONE
ENSG00000163479,-0.121715512,NONE,-0.021774077,NONE
ENSG00000143183,0.160947751,NONE,0.101532975,NONE
ENSG00000143549,-0.029348993,NONE,-0.04424684,NONE
ENSG00000215845,0.034877076,NONE,-0.263934755,NONE
ENSG00000158773,-0.012855562,NONE,-0.03041549,NONE
ENSG00000163159,-0.001827705,NONE,0.04633747,NONE
ENSG00000162757,-0.001425802,NONE,-0.203797183,NONE
ENSG00000213047,0.065456579,NONE,-0.017792711,NONE
ENSG00000234741,-0.265689343,DOWN,-0.150326589,NONE
ENSG00000123684,-0.034456652,NONE,-0.230807944,NONE
ENSG00000077157,0.112954326,NONE,-0.164545243,NONE
ENSG00000117523,-0.138419452,NONE,-0.064680782,NONE
ENSG00000182004,-0.027723609,NONE,0.01992043,NONE
ENSG00000134375,0.055107446,NONE,-0.124433709,NONE
ENSG00000116857,-0.180310937,NONE,-0.057752552,NONE
ENSG00000186283,0.056224366,NONE,0.226580814,NONE
ENSG00000117533,-0.130132236,NONE,-0.084062076,NONE
ENSG00000143727,-0.110156361,NONE,-0.168086617,NONE
ENSG00000154309,-0.16163895,NONE,0.232010801,NONE
ENSG00000092978,-0.014357976,NONE,-0.094234993,NONE
ENSG00000143774,-0.029016533,NONE,-0.120988642,NONE
ENSG00000081692,-0.179260396,NONE,-0.243645327,NONE
ENSG00000162910,-0.262413445,NONE,-0.367374134,DOWN
ENSG00000135778,-0.085502724,NONE,-0.249712493,NONE
ENSG00000067533,-0.036524919,NONE,-0.151106819,NONE
ENSG00000151353,0.032037892,NONE,-0.211850516,NONE
ENSG00000221843,NA,NA,NA,NA
ENSG00000143933,-0.026047544,NONE,-0.075757653,NONE
ENSG00000115944,-0.216611731,NONE,-0.291348633,DOWN
ENSG00000119203,-0.218761631,NONE,-0.221897116,NONE
ENSG00000119878,0.215121997,NONE,0.167867512,NONE
ENSG00000115137,0.116698332,NONE,-0.137258157,NONE
ENSG00000032389,-0.165096899,NONE,-0.219061905,NONE
ENSG00000219626,0.068081256,NONE,-0.294916302,DOWN
ENSG00000171055,-0.113574422,NONE,-0.061681989,NONE
ENSG00000134330,-0.083596042,NONE,-0.197121867,NONE
ENSG00000138095,-0.009343856,NONE,-0.122312117,NONE
ENSG00000180398,0.139923565,NONE,0.082961888,NONE
ENSG00000084676,0.064068753,NONE,0.212249778,NONE
ENSG00000115216,0.048480439,NONE,0.004274731,NONE
ENSG00000228474,0.130315939,NONE,0.205067209,NONE
ENSG00000240857,0.195651169,NONE,0.110539855,NONE
ENSG00000171863,-0.144995381,NONE,-0.019394775,NONE
ENSG00000115128,0.024906004,NONE,0.201043367,NONE
ENSG00000115234,-0.118036132,NONE,0.025809419,NONE
ENSG00000176887,-0.077631954,NONE,-0.401361027,DOWN
ENSG00000115306,0.12203044,NONE,0.063081849,NONE
ENSG00000115750,0.170523363,NONE,0.06155721,NONE
ENSG00000163170,-0.175526578,NONE,-0.30858336,DOWN
ENSG00000135624,0.054501462,NONE,0.000225457,NONE
ENSG00000011523,0.06735059,NONE,-0.135145804,NONE
ENSG00000035141,-0.054063476,NONE,-0.04720625,NONE
ENSG00000059728,0.050805476,NONE,-0.083011352,NONE
ENSG00000169599,-0.280482806,DOWN,-0.19105168,NONE
ENSG00000135617,-0.14232258,NONE,0.103103056,NONE
ENSG00000200488,NA,NA,NA,NA
ENSG00000168894,-0.051696925,NONE,-0.072255843,NONE
ENSG00000208772,NA,NA,NA,NA
ENSG00000115525,-0.049740017,NONE,-0.091453504,NONE
ENSG00000163541,-0.167223271,NONE,-0.00624684,NONE
ENSG00000116001,-0.310237024,DOWN,-0.11387005,NONE
ENSG00000034510,0.12408362,NONE,0.26501836,NONE
ENSG00000136002,-0.072906773,NONE,0.059845454,NONE
ENSG00000136710,-0.209832278,NONE,-0.273340991,DOWN
ENSG00000135940,-0.131309903,NONE,0.010365162,NONE
ENSG00000136718,0.049297811,NONE,-0.122520353,NONE
ENSG00000173272,-0.184741311,NONE,-0.282653508,DOWN
ENSG00000152082,-0.14748077,NONE,-0.203777848,NONE
ENSG00000155438,-0.011334524,NONE,-0.002754064,NONE
ENSG00000115539,0.064043127,NONE,0.047284161,NONE
ENSG00000115762,0.11869224,NONE,-0.162121125,NONE
ENSG00000125630,-0.013174119,NONE,-0.012319987,NONE
ENSG00000115514,-0.001838927,NONE,-0.154843209,NONE
ENSG00000136709,-0.223304661,NONE,0.015957951,NONE
ENSG00000154518,-0.207491635,NONE,-0.212120068,NONE
ENSG00000082153,0.040729877,NONE,0.057393064,NONE
ENSG00000077232,-0.242556385,NONE,-0.019119621,NONE
ENSG00000119013,0.087614159,NONE,0.113416823,NONE
ENSG00000115233,-0.098189595,NONE,-0.058053761,NONE
ENSG00000127837,0.133938555,NONE,-0.010327081,NONE
ENSG00000123983,0.152367071,NONE,0.021687222,NONE
ENSG00000198612,0.020351869,NONE,-0.069201116,NONE
ENSG00000172428,0.05747323,NONE,0.065463854,NONE
ENSG00000135930,0.00331503,NONE,-0.135868049,NONE
ENSG00000144567,0.136765239,NONE,-0.069373404,NONE
ENSG00000163481,-0.097932893,NONE,-0.055812952,NONE
ENSG00000144451,-0.282326596,DOWN,-0.117934193,NONE
ENSG00000115661,0.036173393,NONE,0.025986016,NONE
ENSG00000158552,-0.116056651,NONE,-0.07111512,NONE
ENSG00000197548,0.125876181,NONE,0.00134212,NONE
ENSG00000134107,0.225346104,NONE,0.168439974,NONE
ENSG00000187118,-0.255253981,NONE,-0.077720045,NONE
ENSG00000113851,0.045280308,NONE,-0.003998231,NONE
ENSG00000125037,0.090798418,NONE,0.022350748,NONE
ENSG00000075914,-0.265051038,DOWN,-0.181522708,NONE
ENSG00000114745,0.006619325,NONE,0.232266093,NONE
ENSG00000181061,-0.089834063,NONE,0.02435922,NONE
ENSG00000170860,-0.021296031,NONE,-0.112028589,NONE
ENSG00000151093,-0.197034514,NONE,-0.046760344,NONE
ENSG00000070950,-0.140510389,NONE,-0.21257761,NONE
ENSG00000174748,-0.132596034,NONE,-0.139560798,NONE
ENSG00000168137,-0.202789355,NONE,-0.060984162,NONE
ENSG00000008324,-0.13186547,NONE,-0.007060644,NONE
ENSG00000170142,0.140669557,NONE,-0.043225541,NONE
ENSG00000164062,-0.111660178,NONE,-0.076982914,NONE
ENSG00000160799,-0.148776129,NONE,-0.171370661,NONE
ENSG00000164051,0.041889633,NONE,0.008732448,NONE
ENSG00000163832,-0.064819089,NONE,-0.117258789,NONE
ENSG00000016864,-0.162752206,NONE,-0.012536461,NONE
ENSG00000163938,0.100267571,NONE,-0.025655218,NONE
ENSG00000163376,0.02146323,NONE,-0.209371046,NONE
ENSG00000088727,-0.018132988,NONE,-0.263165966,DOWN
ENSG00000178057,-0.244785108,NONE,-0.130934643,NONE
ENSG00000114388,0.044428235,NONE,-0.09419234,NONE
ENSG00000168291,-0.151596859,NONE,-0.075677253,NONE
ENSG00000163636,-0.048479811,NONE,0.022153994,NONE
ENSG00000162244,-0.042860976,NONE,-0.018556682,NONE
ENSG00000114902,-0.349358537,DOWN,-0.229733892,NONE
ENSG00000164081,-0.083440632,NONE,-0.053699074,NONE
ENSG00000129055,-0.046642964,NONE,0.018177969,NONE
ENSG00000184220,-0.246049291,NONE,-0.365575698,DOWN
ENSG00000241278,NA,NA,NA,NA
ENSG00000073111,0.032788994,NONE,-0.234094591,NONE
ENSG00000114686,0.040258519,NONE,0.038451733,NONE
ENSG00000114021,-0.030955215,NONE,-0.227081549,NONE
ENSG00000170854,0.136742148,NONE,0.15135144,NONE
ENSG00000251474,0.08976676,NONE,-0.164335992,NONE
ENSG00000121542,-0.213463763,NONE,-0.175383344,NONE
ENSG00000154174,0.025895219,NONE,-0.216194032,NONE
ENSG00000174173,0.08132692,NONE,0.078197798,NONE
ENSG00000081307,0.063289187,NONE,-0.131914279,NONE
ENSG00000175054,-0.261997215,NONE,-0.176376848,NONE
ENSG00000205981,-0.18826689,NONE,-0.201887608,NONE
ENSG00000068885,-0.262613712,NONE,-0.208224848,NONE
ENSG00000175110,0.234667524,NONE,0.013729327,NONE
ENSG00000136521,-0.322048382,DOWN,-0.238424082,NONE
ENSG00000155893,0.135970489,NONE,0.110918186,NONE
ENSG00000177565,-0.139447917,NONE,-0.124480508,NONE
ENSG00000058056,-0.104857165,NONE,-0.300965404,DOWN
ENSG00000156931,-0.127210049,NONE,-0.057295498,NONE
ENSG00000169020,-0.054075755,NONE,-0.090054301,NONE
ENSG00000156976,0.001202352,NONE,-0.131388089,NONE
ENSG00000125386,-0.055769314,NONE,-0.050544562,NONE
ENSG00000109519,0.101149033,NONE,-0.106071509,NONE
ENSG00000214367,0.042526616,NONE,-0.060099453,NONE
ENSG00000114473,-0.000239741,NONE,0.022704732,NONE
ENSG00000179010,0.18146712,NONE,0.020656129,NONE
ENSG00000270170,0.190246695,NONE,-0.058998385,NONE
ENSG00000198836,-0.084830534,NONE,-0.216251945,NONE
ENSG00000163923,0.037246883,NONE,0.180355536,NONE
ENSG00000119231,0.024475797,NONE,-0.12718634,NONE
ENSG00000065882,-0.044901954,NONE,0.309227125,UP
ENSG00000132466,0.034326362,NONE,0.0554615,NONE
ENSG00000138663,0.186043921,NONE,-0.012119515,NONE
ENSG00000109184,-0.054785519,NONE,-0.08961557,NONE
ENSG00000145293,-0.038406271,NONE,-0.111765182,NONE
ENSG00000189157,-0.547138591,DOWN,-0.51883905,DOWN
ENSG00000163288,0.524877689,UP,0.477413847,UP
ENSG00000132463,0.041322762,NONE,-0.040363381,NONE
ENSG00000151806,-0.015101865,NONE,-0.074042046,NONE
ENSG00000145332,0.215799257,NONE,0.02178928,NONE
ENSG00000169288,-0.113694129,NONE,-0.117451328,NONE
ENSG00000170448,0.137003804,NONE,-0.002166539,NONE
ENSG00000047315,0.411213604,UP,0.108912236,NONE
ENSG00000163743,0.089282438,NONE,-0.075843704,NONE
ENSG00000163682,-0.145331453,NONE,-0.1218482,NONE
ENSG00000014824,-0.102744866,NONE,-0.204865507,NONE
ENSG00000163625,0.060695756,NONE,0.113584816,NONE
ENSG00000164163,-0.136574252,NONE,-0.033280621,NONE
ENSG00000151458,0.16510506,NONE,-0.058972507,NONE
ENSG00000188517,0.231357812,NONE,-1.01826558,DOWN
ENSG00000170390,-0.074464202,NONE,0.339385612,UP
ENSG00000077684,0.000577717,NONE,-0.082642617,NONE
ENSG00000138688,0.360481618,UP,0.214092091,NONE
ENSG00000138709,-0.162256049,NONE,-0.187146798,NONE
ENSG00000109390,-0.18398947,NONE,-0.078324585,NONE
ENSG00000138698,0.046345926,NONE,-0.247347089,NONE
ENSG00000153130,0.024783831,NONE,-0.227056309,NONE
ENSG00000138802,0.184469233,NONE,0.183737414,NONE
ENSG00000269893,-0.128970225,NONE,-0.145153312,NONE
ENSG00000028310,-0.27171483,DOWN,-0.384361737,DOWN
ENSG00000169862,0.018278739,NONE,0.108535464,NONE
ENSG00000180104,-0.11822639,NONE,-0.238455778,NONE
ENSG00000171421,0.180292526,NONE,0.08960068,NONE
ENSG00000145494,-0.07693563,NONE,-0.02368673,NONE
ENSG00000113569,-0.035793281,NONE,-0.125567583,NONE
ENSG00000249915,-0.108171635,NONE,-0.221772496,NONE
ENSG00000154153,0.152792664,NONE,-0.126669733,NONE
ENSG00000129128,-0.080323526,NONE,-0.143929706,NONE
ENSG00000113387,0.091555765,NONE,-0.289914224,DOWN
ENSG00000164252,0.049922437,NONE,0.05769572,NONE
ENSG00000049167,-0.145542028,NONE,-0.11537833,NONE
ENSG00000112972,0.095635101,NONE,-0.063554783,NONE
ENSG00000086200,0.176991498,NONE,0.168130568,NONE
ENSG00000164258,0.003238723,NONE,0.057513476,NONE
ENSG00000067113,0.318233332,UP,0.487137931,UP
ENSG00000049883,-0.051105217,NONE,-0.126731313,NONE
ENSG00000058729,-0.04954328,NONE,-0.007436033,NONE
ENSG00000145740,-0.086528753,NONE,0.021143466,NONE
ENSG00000177058,-0.189113502,NONE,-0.156743675,NONE
ENSG00000171530,-0.196596716,NONE,-0.105399232,NONE
ENSG00000164180,0.073005131,NONE,-0.06973804,NONE
ENSG00000131732,-0.236438749,NONE,-0.016097555,NONE
ENSG00000172262,0.115212822,NONE,-0.084485514,NONE
ENSG00000164398,-0.095255881,NONE,-0.115547528,NONE
ENSG00000094880,-0.056691838,NONE,0.052796169,NONE
ENSG00000113552,-0.038355898,NONE,0.011442306,NONE
ENSG00000113648,-0.105829777,NONE,-0.11722529,NONE
ENSG00000112855,-0.243302717,NONE,-0.073401156,NONE
ENSG00000169567,0.049726764,NONE,-0.046195311,NONE
ENSG00000120733,-0.003414177,NONE,0.08277693,NONE
ENSG00000131495,-0.071931373,NONE,-0.156710469,NONE
ENSG00000145725,-0.14590758,NONE,-0.141664542,NONE
ENSG00000158987,-0.43199723,DOWN,-0.210409728,NONE
ENSG00000013561,-0.005140313,NONE,-0.220036212,NONE
ENSG00000113615,0.062977444,NONE,0.133539173,NONE
ENSG00000113558,-0.162071052,NONE,-0.211799796,NONE
ENSG00000205302,0.453451195,UP,0.246096662,NONE
ENSG00000151304,0.184925613,NONE,0.056618875,NONE
ENSG00000113621,-0.048937792,NONE,-0.056924445,NONE
ENSG00000164405,-0.07120004,NONE,-0.037598625,NONE
ENSG00000134987,0.01853358,NONE,-0.006491845,NONE
ENSG00000120314,0.061770309,NONE,-0.034578616,NONE
ENSG00000155329,0.050055768,NONE,0.012896931,NONE
ENSG00000146007,0.13044245,NONE,0.012961232,NONE
ENSG00000137274,-0.17605969,NONE,-0.185279545,NONE
ENSG00000124802,-0.131540802,NONE,-0.185960949,NONE
ENSG00000146067,-0.052862879,NONE,-0.120127244,NONE
ENSG00000145912,0.074418274,NONE,-0.027389331,NONE
ENSG00000181163,-0.009985656,NONE,-0.069489719,NONE
ENSG00000204628,-0.127825873,NONE,0.004043169,NONE
ENSG00000037241,0.116526307,NONE,0.091194963,NONE
ENSG00000164587,-0.168031487,NONE,-0.077807359,NONE
ENSG00000137266,0.17602086,NONE,0.187229501,NONE
ENSG00000164296,-0.121889238,NONE,0.071695074,NONE
ENSG00000146109,-0.181866012,NONE,0.000784938,NONE
ENSG00000112149,0.128573907,NONE,-0.224858525,NONE
ENSG00000124610,NA,NA,NA,NA
ENSG00000277075,NA,NA,NA,NA
ENSG00000273802,0.998440458,UP,-0.130563027,NONE
ENSG00000197903,0.761087263,UP,0.71310366,UP
ENSG00000185130,NA,NA,NA,NA
ENSG00000275714,NA,NA,NA,NA
ENSG00000278828,NA,NA,NA,NA
ENSG00000197061,NA,NA,NA,NA
ENSG00000277157,NA,NA,NA,NA
ENSG00000274618,NA,NA,NA,NA
ENSG00000276180,NA,NA,NA,NA
ENSG00000225921,0.068403266,NONE,0.127577042,NONE
ENSG00000124789,0.157419432,NONE,0.06026563,NONE
ENSG00000197062,-0.226430992,NONE,-0.036151271,NONE
ENSG00000064999,-0.019916289,NONE,0.21318322,NONE
ENSG00000112578,0.116228773,NONE,0.053434443,NONE
ENSG00000198937,-0.077763469,NONE,0.256011391,NONE
ENSG00000096401,0.191194798,NONE,0.00758347,NONE
ENSG00000112667,-0.404179165,DOWN,0.009120592,NONE
ENSG00000124767,0.033208679,NONE,0.074998928,NONE
ENSG00000146151,-0.077745942,NONE,-0.173617675,NONE
ENSG00000137171,0.086478115,NONE,-0.11195692,NONE
ENSG00000124688,0.149572205,NONE,-0.046894545,NONE
ENSG00000124733,0.167430194,NONE,0.059146956,NONE
ENSG00000112651,-0.249330666,NONE,-0.181786839,NONE
ENSG00000096080,-0.087071324,NONE,0.039130729,NONE
ENSG00000171453,0.02912557,NONE,0.052885957,NONE
ENSG00000112130,0.155340728,NONE,-0.098100221,NONE
ENSG00000198755,-0.070219436,NONE,-0.008962313,NONE
ENSG00000124541,-0.014633117,NONE,0.029119677,NONE
ENSG00000124562,-0.046942733,NONE,0.057589232,NONE
ENSG00000124659,-0.013159011,NONE,-0.179191735,NONE
ENSG00000096092,0.106395052,NONE,0.039246076,NONE
ENSG00000137207,0.033059455,NONE,0.066395408,NONE
ENSG00000057663,0.156405107,NONE,-0.002752811,NONE
ENSG00000112695,-0.099603874,NONE,-0.070204288,NONE
ENSG00000083099,0.028617217,NONE,-0.023288912,NONE
ENSG00000135549,0.0456566,NONE,-0.413714059,DOWN
ENSG00000132424,0.088883349,NONE,0.163069101,NONE
ENSG00000111850,-0.146409833,NONE,-0.16738004,NONE
ENSG00000203875,-0.002637765,NONE,-0.111832806,NONE
ENSG00000135317,-0.166123444,NONE,-0.060366048,NONE
ENSG00000079950,0.001455448,NONE,-0.082495412,NONE
ENSG00000146386,0.114828131,NONE,-0.098172484,NONE
ENSG00000120437,-0.017321488,NONE,-0.013265742,NONE
ENSG00000106263,-0.001704267,NONE,0.029222053,NONE
ENSG00000272047,-0.270950482,DOWN,-0.362608983,DOWN
ENSG00000214960,-0.393221745,DOWN,-0.291140658,DOWN
ENSG00000002822,-0.145894841,NONE,-0.247298721,NONE
ENSG00000189043,-0.176972937,NONE,-0.105781419,NONE
ENSG00000106268,0.031944464,NONE,0.010640155,NONE
ENSG00000106443,0.128193551,NONE,-0.126884613,NONE
ENSG00000131013,0.177616102,NONE,0.094968537,NONE
ENSG00000157778,-0.034405305,NONE,-0.221889457,NONE
ENSG00000106399,-0.059021674,NONE,-0.230880615,NONE
ENSG00000169976,0.11719853,NONE,0.15904338,NONE
ENSG00000164828,0.073373346,NONE,-0.011054484,NONE
ENSG00000131018,0.357543417,UP,0.063548815,NONE
ENSG00000105849,-0.018452071,NONE,0.018463621,NONE
ENSG00000009844,0.135685392,NONE,-0.096826937,NONE
ENSG00000136247,0.086990602,NONE,0.085104617,NONE
ENSG00000178381,0.059207885,NONE,-0.124620266,NONE
ENSG00000164631,0.319835241,UP,0.038692362,NONE
ENSG00000105778,-0.118785575,NONE,-0.157772922,NONE
ENSG00000169193,0.344854337,UP,0.17993223,NONE
ENSG00000146731,0.094628624,NONE,-0.061465433,NONE
ENSG00000065883,-0.201608709,NONE,-0.035966277,NONE
ENSG00000106153,-0.007925291,NONE,0.011668645,NONE
ENSG00000106603,-0.164481048,NONE,-0.223619058,NONE
ENSG00000227855,-0.020401592,NONE,-0.187627102,NONE
ENSG00000122557,-0.075503644,NONE,0.113659047,NONE
ENSG00000122566,0.014180991,NONE,0.119692723,NONE
ENSG00000136273,0.246080316,NONE,0.024383234,NONE
ENSG00000106591,-0.284079608,DOWN,-0.173740524,NONE
ENSG00000146729,-0.01897923,NONE,0.018236977,NONE
ENSG00000196262,0.018077464,NONE,-0.01994755,NONE
ENSG00000106588,-0.155311973,NONE,-0.042788362,NONE
ENSG00000232956,-0.07070166,NONE,-0.206978173,NONE
ENSG00000136270,0.068109731,NONE,-0.092873678,NONE
ENSG00000164548,-0.202573804,NONE,-0.071600602,NONE
ENSG00000221838,-0.076274292,NONE,-0.067626721,NONE
ENSG00000241468,-0.026875551,NONE,-0.091271886,NONE
ENSG00000071462,0.017997133,NONE,-0.178343924,NONE
ENSG00000106245,0.131141192,NONE,-0.041145985,NONE
ENSG00000274070,0.34734795,UP,0.230943698,NONE
ENSG00000106665,0.079187397,NONE,0.192172707,NONE
ENSG00000006704,0.051841079,NONE,-0.059948743,NONE
ENSG00000105793,-0.079402922,NONE,-0.245449198,NONE
ENSG00000128581,0.019313349,NONE,-0.023196399,NONE
ENSG00000005483,-0.059872893,NONE,-0.141088781,NONE
ENSG00000001631,-0.005209426,NONE,0.033258751,NONE
ENSG00000188186,-0.242634764,NONE,-0.074523701,NONE
ENSG00000161036,0.386376658,UP,-0.105638193,NONE
ENSG00000187391,-0.183552046,NONE,-0.001397838,NONE
ENSG00000130305,-0.02927112,NONE,-0.120260426,NONE
ENSG00000106244,-0.011280602,NONE,-0.093094077,NONE
ENSG00000005075,0.064003671,NONE,0.14454615,NONE
ENSG00000172336,0.02946644,NONE,-0.037679825,NONE
ENSG00000160813,-0.238829505,NONE,-0.050153906,NONE
ENSG00000161057,-0.029435673,NONE,0.06217485,NONE
ENSG00000274523,0.020836439,NONE,0.10101944,NONE
ENSG00000049541,-0.027491001,NONE,-0.14967979,NONE
ENSG00000196636,0.090519234,NONE,0.005511142,NONE
ENSG00000127990,0.029529396,NONE,0.275448508,UP
ENSG00000006128,0.543270212,UP,-1.105833591,DOWN
ENSG00000106638,-0.076556383,NONE,-0.077358614,NONE
ENSG00000196367,0.058278858,NONE,0.061924278,NONE
ENSG00000004766,0.092555429,NONE,-0.066009014,NONE
ENSG00000106400,-0.179343248,NONE,-0.103854859,NONE
ENSG00000004059,-0.172151212,NONE,-0.168841604,NONE
ENSG00000128524,-0.134398904,NONE,0.089244951,NONE
ENSG00000198898,0.22799638,NONE,0.177565214,NONE
ENSG00000106477,-0.28634247,DOWN,-0.298058669,DOWN
ENSG00000281490,0.11898528,NONE,-0.077842814,NONE
ENSG00000225572,NA,NA,NA,NA
ENSG00000205085,-0.066426709,NONE,-0.092333863,NONE
ENSG00000133606,0.016039882,NONE,-0.072860432,NONE
ENSG00000090263,-0.04573938,NONE,-0.223799489,NONE
ENSG00000128609,-0.225729661,NONE,-0.26815406,DOWN
ENSG00000090266,-0.070755489,NONE,-0.065348324,NONE
ENSG00000106459,-0.078265035,NONE,-0.057341679,NONE
ENSG00000157800,-0.166678571,NONE,-0.072289253,NONE
ENSG00000262771,NA,NA,NA,NA
ENSG00000196511,-0.479301724,DOWN,-0.250445231,NONE
ENSG00000104763,-0.009050987,NONE,0.14526843,NONE
ENSG00000147439,0.100466124,NONE,0.050853253,NONE
ENSG00000198791,-0.084542503,NONE,-0.048876141,NONE
ENSG00000104671,-0.099249755,NONE,-0.075927,NONE
ENSG00000134014,-0.091094928,NONE,-0.03587169,NONE
ENSG00000178234,-0.035851446,NONE,-0.249996405,NONE
ENSG00000147421,-0.134542544,NONE,0.28413578,UP
ENSG00000003987,0.125836116,NONE,-0.399921106,DOWN
ENSG00000184863,0.044165432,NONE,-0.047485333,NONE
ENSG00000009335,0.019136092,NONE,-0.042515248,NONE
ENSG00000104691,-0.037625775,NONE,-0.098544237,NONE
ENSG00000133624,-0.069230017,NONE,-0.056455375,NONE
ENSG00000070718,0.028441854,NONE,-0.290584658,DOWN
ENSG00000104221,0.236192233,NONE,-0.005352216,NONE
ENSG00000170791,0.031935085,NONE,-0.416637685,DOWN
ENSG00000121022,-0.077183025,NONE,-0.085356806,NONE
ENSG00000154582,-0.04379748,NONE,-0.175312591,NONE
ENSG00000137563,0.131099748,NONE,0.098126589,NONE
ENSG00000198042,-0.181955461,NONE,-0.23911116,NONE
ENSG00000104320,0.123336436,NONE,0.172778825,NONE
ENSG00000140396,0.031943204,NONE,0.023087433,NONE
ENSG00000181690,-0.037854879,NONE,-0.369205954,DOWN
ENSG00000070501,0.027827856,NONE,-0.222023253,NONE
ENSG00000147604,0.233154492,NONE,0.076471987,NONE
ENSG00000176209,-0.250450404,NONE,-0.112293869,NONE
ENSG00000164808,0.212425847,NONE,-0.158362547,NONE
ENSG00000169490,0.128320564,NONE,-0.113552707,NONE
ENSG00000167904,-0.111003934,NONE,-0.122229378,NONE
ENSG00000175073,0.153238383,NONE,-0.050348929,NONE
ENSG00000104231,-0.138480288,NONE,-0.123720208,NONE
ENSG00000186106,0.016118444,NONE,-0.151700353,NONE
ENSG00000155096,0.030460925,NONE,-0.074975719,NONE
ENSG00000164919,-0.273640122,DOWN,-0.154152705,NONE
ENSG00000179091,0.057719302,NONE,0.071988476,NONE
ENSG00000164934,0.011083717,NONE,0.06850461,NONE
ENSG00000136986,-0.023735668,NONE,0.030521487,NONE
ENSG00000104408,-0.000997282,NONE,0.015131451,NONE
ENSG00000178896,0.009392288,NONE,-0.036125463,NONE
ENSG00000172172,-0.032048808,NONE,0.048894159,NONE
ENSG00000156170,-0.113350824,NONE,-0.158519448,NONE
ENSG00000147684,-0.209619023,NONE,-0.024704951,NONE
ENSG00000129292,-0.065711854,NONE,-0.081247218,NONE
ENSG00000147669,-0.019168343,NONE,-0.043462846,NONE
ENSG00000161016,-0.023923771,NONE,-0.022414918,NONE
ENSG00000080503,0.136449403,NONE,-0.137280046,NONE
ENSG00000180543,0.171747553,NONE,-0.241508584,NONE
ENSG00000278243,NA,NA,NA,NA
ENSG00000156467,-0.133420257,NONE,-0.192603182,NONE
ENSG00000147852,0.040057662,NONE,-0.252860351,NONE
ENSG00000156795,-0.085209707,NONE,-0.13631249,NONE
ENSG00000170631,-0.08386031,NONE,0.014218546,NONE
ENSG00000137124,0.148554022,NONE,-0.001293531,NONE
ENSG00000137074,-0.144044732,NONE,-0.082097244,NONE
ENSG00000086065,0.216158927,NONE,0.061127099,NONE
ENSG00000137100,0.064573436,NONE,-0.098415257,NONE
ENSG00000137133,-0.277229288,DOWN,-0.201777737,NONE
ENSG00000165264,-0.028816592,NONE,0.007711216,NONE
ENSG00000164967,-0.11037909,NONE,0.17767313,NONE
ENSG00000165283,0.116929444,NONE,0.063109542,NONE
ENSG00000165275,0.048491163,NONE,-0.046703074,NONE
ENSG00000198680,-0.011752669,NONE,0.019520094,NONE
ENSG00000156345,0.020743398,NONE,-0.204302747,NONE
ENSG00000048828,-0.019296359,NONE,0.075171431,NONE
ENSG00000196305,0.046117623,NONE,-0.069947563,NONE
ENSG00000197724,-0.011853176,NONE,0.046099555,NONE
ENSG00000106803,-0.119092394,NONE,0.099184674,NONE
ENSG00000136810,-0.074653367,NONE,0.04715149,NONE
ENSG00000196597,-0.13714908,NONE,-0.208193859,NONE
ENSG00000136950,-0.018699181,NONE,-0.259680797,NONE
ENSG00000203993,-0.026986315,NONE,-0.053021669,NONE
ENSG00000136888,-0.083333915,NONE,0.041810175,NONE
ENSG00000160345,-0.13887427,NONE,-0.009397459,NONE
ENSG00000136819,0.05932092,NONE,-0.032808775,NONE
ENSG00000107223,-0.136520421,NONE,-0.052478024,NONE
ENSG00000196205,0.137220961,NONE,0.066613157,NONE
ENSG00000204136,-0.181570749,NONE,0.017044326,NONE
ENSG00000107937,0.081325712,NONE,-0.09240711,NONE
ENSG00000188566,0.108852371,NONE,0.119147629,NONE
ENSG00000148335,0.133501778,NONE,-0.095805542,NONE
ENSG00000196358,-0.261168727,NONE,-0.01922043,NONE
ENSG00000148229,0.041750093,NONE,-0.057547416,NONE
ENSG00000136933,-0.184021802,NONE,-0.114511889,NONE
ENSG00000107263,0.067254523,NONE,0.243979672,NONE
ENSG00000197958,-0.151239885,NONE,-0.0791167,NONE
ENSG00000136942,-0.07718644,NONE,0.006495916,NONE
ENSG00000136856,0.044535224,NONE,-0.187834564,NONE
ENSG00000175854,0.050849378,NONE,0.014445861,NONE
ENSG00000244187,-0.214634651,NONE,-0.25396272,NONE
ENSG00000167118,-0.108880386,NONE,-0.02672807,NONE
ENSG00000171448,0.037858084,NONE,0.097492743,NONE
ENSG00000204683,NA,NA,NA,NA
ENSG00000151465,0.066151775,NONE,0.042454239,NONE
ENSG00000148444,-0.305308884,DOWN,-0.176588933,NONE
ENSG00000136770,0.055450917,NONE,0.394596311,UP
ENSG00000057608,0.179043571,NONE,0.100913631,NONE
ENSG00000165996,-0.304908526,DOWN,-0.19606138,NONE
ENSG00000107643,-0.122387015,NONE,-0.266447801,DOWN
ENSG00000078403,-0.017104279,NONE,0.018872824,NONE
ENSG00000107537,-0.102828506,NONE,0.108996445,NONE
ENSG00000183621,-0.044297189,NONE,0.2270119,NONE
ENSG00000181915,0.1317695,NONE,-0.035820677,NONE
ENSG00000172586,-0.026647906,NONE,0.078654943,NONE
ENSG00000171224,0.06257725,NONE,-0.217247841,NONE
ENSG00000165443,0.096898821,NONE,0.196488445,NONE
ENSG00000148688,-0.054902703,NONE,-0.094335168,NONE
ENSG00000138326,-0.053444211,NONE,0.033205435,NONE
ENSG00000122912,-0.383653018,DOWN,-0.389157185,DOWN
ENSG00000107854,0.035697121,NONE,0.144124064,NONE
ENSG00000165637,0.111008326,NONE,-0.049548503,NONE
ENSG00000173915,-0.105003609,NONE,0.026937094,NONE
ENSG00000176171,0.109564434,NONE,-0.007585105,NONE
ENSG00000166171,-0.02308916,NONE,-0.032466435,NONE
ENSG00000127884,-0.060720335,NONE,0.039359003,NONE
ENSG00000119979,-0.158280252,NONE,0.068858491,NONE
ENSG00000148834,-0.000983576,NONE,-0.037885322,NONE
ENSG00000148814,-0.166769093,NONE,-0.141651346,NONE
ENSG00000055950,-0.083822254,NONE,0.008420664,NONE
ENSG00000107833,0.074658553,NONE,-0.034160178,NONE
ENSG00000065154,0.176867623,NONE,0.050977701,NONE
ENSG00000165672,0.174688839,NONE,0.153683653,NONE
ENSG00000269609,-0.082703682,NONE,-0.219611014,NONE
ENSG00000095587,-0.134091235,NONE,-0.243914855,NONE
ENSG00000171206,0.195039937,NONE,0.408255112,UP
ENSG00000165832,0.006194617,NONE,-0.219809851,NONE
ENSG00000188690,-0.38952048,DOWN,-0.23271232,NONE
ENSG00000132254,0.010675762,NONE,-0.065678808,NONE
ENSG00000177830,-0.138335527,NONE,-0.168014533,NONE
ENSG00000158042,0.060027583,NONE,-0.042473997,NONE
ENSG00000177700,-0.005949246,NONE,0.164276628,NONE
ENSG00000129084,-0.287771436,DOWN,-0.216687469,NONE
ENSG00000185627,-0.310767033,DOWN,-0.166257767,NONE
ENSG00000177963,0.169118488,NONE,0.073089795,NONE
ENSG00000166441,-0.157999026,NONE,-0.121732863,NONE
ENSG00000167325,0.211269007,NONE,-0.011385954,NONE
ENSG00000198168,0.016865801,NONE,-0.270566119,DOWN
ENSG00000166337,-0.226976018,NONE,-0.12467009,NONE
ENSG00000172409,0.117951008,NONE,0.116704693,NONE
ENSG00000110442,-0.134447327,NONE,-0.065016538,NONE
ENSG00000167986,0.055807435,NONE,0.028210405,NONE
ENSG00000110429,-0.185447554,NONE,-0.058531639,NONE
ENSG00000110031,-0.459185897,DOWN,-0.150624902,NONE
ENSG00000156603,0.122828921,NONE,0.043138885,NONE
ENSG00000169519,-0.038504328,NONE,-0.079725082,NONE
ENSG00000166902,-0.14096409,NONE,0.057011062,NONE
ENSG00000166889,0.015569433,NONE,0.12026713,NONE
ENSG00000165916,-0.026707716,NONE,-0.088191044,NONE
ENSG00000211450,-0.017181104,NONE,-0.232763335,NONE
ENSG00000149136,0.118497846,NONE,0.080229765,NONE
ENSG00000134809,-0.078854257,NONE,-0.020694669,NONE
ENSG00000149476,-0.332242594,DOWN,-0.337110076,DOWN
ENSG00000213593,-0.155188464,NONE,0.024517007,NONE
ENSG00000213465,-0.201870122,NONE,-0.019745508,NONE
ENSG00000175505,NA,NA,NA,NA
ENSG00000176340,-0.126302764,NONE,0.084984268,NONE
ENSG00000214756,-0.09011893,NONE,-0.462785122,DOWN
ENSG00000175550,-0.054655045,NONE,-0.059367375,NONE
ENSG00000149806,-0.10386495,NONE,-0.065029983,NONE
ENSG00000172977,0.124675532,NONE,0.007833169,NONE
ENSG00000149243,-0.196922006,NONE,-0.525234649,DOWN
ENSG00000168056,0.097609706,NONE,0.20714595,NONE
ENSG00000174547,-0.07298324,NONE,0.016719104,NONE
ENSG00000197345,-0.103312741,NONE,-0.222281763,NONE
ENSG00000175581,-0.101590723,NONE,-0.091802736,NONE
ENSG00000151366,-0.176746064,NONE,-0.175998785,NONE
ENSG00000110717,-0.240565859,NONE,-0.182155928,NONE
ENSG00000167792,-0.044295218,NONE,-0.22082462,NONE
ENSG00000175482,-0.036075662,NONE,-0.078904302,NONE
ENSG00000168002,-0.191668838,NONE,-0.048026142,NONE
ENSG00000126432,0.054865387,NONE,0.063752807,NONE
ENSG00000149273,-0.100614544,NONE,-0.060462506,NONE
ENSG00000137492,-0.120785651,NONE,-0.027931731,NONE
ENSG00000172663,-0.274506905,DOWN,-0.23778429,NONE
ENSG00000134825,-0.076682426,NONE,-0.059227972,NONE
ENSG00000173113,-0.021371115,NONE,-0.02172667,NONE
ENSG00000133316,0.09637877,NONE,-0.131736438,NONE
ENSG00000167283,-0.219490064,NONE,-0.201307425,NONE
ENSG00000166266,0.176378115,NONE,-0.002171642,NONE
ENSG00000137692,0.127309588,NONE,0.056299972,NONE
ENSG00000110367,-0.033640254,NONE,-0.04973684,NONE
ENSG00000150768,0.03835707,NONE,-0.150142172,NONE
ENSG00000196371,0.078892621,NONE,-0.042632707,NONE
ENSG00000118058,-0.008811982,NONE,-0.097146345,NONE
ENSG00000150776,-0.031356401,NONE,-0.118534512,NONE
ENSG00000168092,-0.090677117,NONE,-0.166690548,NONE
ENSG00000150787,-0.23160367,NONE,-0.195073002,NONE
ENSG00000109929,0.296863975,UP,0.030768826,NONE
ENSG00000204370,0.1081792,NONE,0.118407912,NONE
ENSG00000150779,0.261664015,NONE,-0.03693875,NONE
ENSG00000171204,-0.144830117,NONE,0.025498495,NONE
ENSG00000084234,0.000966946,NONE,0.037045317,NONE
ENSG00000111678,0.120416818,NONE,-0.116998966,NONE
ENSG00000215039,-0.07232383,NONE,-0.244244306,NONE
ENSG00000109832,-0.17669066,NONE,-0.276882801,DOWN
ENSG00000010219,-0.302093378,DOWN,-0.100423722,NONE
ENSG00000111640,0.217228948,NONE,0.188771744,NONE
ENSG00000197837,0.305693184,UP,-0.236230373,NONE
ENSG00000183935,-0.228562688,NONE,-0.499575712,DOWN
ENSG00000003056,0.222664082,NONE,0.166742715,NONE
ENSG00000111196,-0.247975294,NONE,-0.189999253,NONE
ENSG00000111639,0.104165586,NONE,0.167687883,NONE
ENSG00000121350,0.031216526,NONE,-0.168073731,NONE
ENSG00000171792,-0.347530935,DOWN,-0.166573232,NONE
ENSG00000151500,-0.072689455,NONE,-0.060169012,NONE
ENSG00000111669,0.229982683,NONE,-0.040547529,NONE
ENSG00000173208,0.193075265,NONE,-0.008770343,NONE
ENSG00000076108,0.005065342,NONE,0.084169437,NONE
ENSG00000135441,-0.155401627,NONE,-0.118104512,NONE
ENSG00000123106,-0.121113957,NONE,-0.198674783,NONE
ENSG00000257727,-0.218563723,NONE,-0.367118547,DOWN
ENSG00000111481,-0.164892696,NONE,0.061744656,NONE
ENSG00000135469,-0.223356295,NONE,-0.100895187,NONE
ENSG00000178449,0.024411364,NONE,0.011430484,NONE
ENSG00000188906,0.035456617,NONE,0.084104588,NONE
ENSG00000092841,-0.032121297,NONE,0.074351973,NONE
ENSG00000196465,-0.163701123,NONE,-0.148749438,NONE
ENSG00000139579,0.13408403,NONE,0.039836512,NONE
ENSG00000170515,-0.054579035,NONE,-0.101840593,NONE
ENSG00000123349,-0.197166582,NONE,-0.066860255,NONE
ENSG00000181929,-0.215521616,NONE,-0.081544492,NONE
ENSG00000229117,0.115208973,NONE,0.203193557,NONE
ENSG00000111371,-0.189473942,NONE,0.145385526,NONE
ENSG00000015153,-0.034750655,NONE,-0.110380101,NONE
ENSG00000075089,0.011121444,NONE,-0.181428597,NONE
ENSG00000120805,-0.083774337,NONE,-0.109546915,NONE
ENSG00000133641,0.101923004,NONE,-0.004755391,NONE
ENSG00000111530,0.215481553,NONE,0.060251194,NONE
ENSG00000175215,0.164750721,NONE,0.377411138,UP
ENSG00000127334,0.149562102,NONE,-0.020154122,NONE
ENSG00000198855,0.038353939,NONE,0.162433163,NONE
ENSG00000136003,-0.062307534,NONE,-0.020575191,NONE
ENSG00000111615,0.1183932,NONE,-0.016034222,NONE
ENSG00000111144,-0.048523863,NONE,0.013625817,NONE
ENSG00000037897,-0.123846149,NONE,-0.187495224,NONE
ENSG00000198015,-0.146528647,NONE,-0.245076337,NONE
ENSG00000196531,-0.040471388,NONE,0.01726747,NONE
ENSG00000166881,-0.096927754,NONE,0.138284014,NONE
ENSG00000091039,0.139840592,NONE,0.007438352,NONE
ENSG00000075415,-0.093874225,NONE,-0.112991374,NONE
ENSG00000139351,0.28211949,UP,0.109594356,NONE
ENSG00000135452,0.07868092,NONE,0.077567716,NONE
ENSG00000135655,0.067601746,NONE,-0.065621223,NONE
ENSG00000186908,0.100394266,NONE,-0.001209942,NONE
ENSG00000189046,-0.030001915,NONE,-0.0841362,NONE
ENSG00000196510,-0.321236805,DOWN,-0.145873697,NONE
ENSG00000176915,0.029976303,NONE,-0.027828646,NONE
ENSG00000111229,-0.059362617,NONE,0.03149168,NONE
ENSG00000204842,-0.220298069,NONE,-0.141409957,NONE
ENSG00000174456,-0.209517659,NONE,-0.146448258,NONE
ENSG00000111775,-0.121868044,NONE,0.086590323,NONE
ENSG00000135144,0.195153127,NONE,0.111635054,NONE
ENSG00000089248,-0.062047934,NONE,-0.100564316,NONE
ENSG00000111231,0.385217272,UP,0.193254532,NONE
ENSG00000234608,0.156652299,NONE,-0.068921496,NONE
ENSG00000123066,-0.095132683,NONE,0.165126418,NONE
ENSG00000139428,-0.317633923,DOWN,-0.311073663,DOWN
ENSG00000196199,0.132425088,NONE,-0.092882333,NONE
ENSG00000173141,-0.00224504,NONE,-0.14689603,NONE
ENSG00000089220,-0.120229447,NONE,-0.148719265,NONE
ENSG00000111737,0.193358125,NONE,0.051600916,NONE
ENSG00000132341,0.171646544,NONE,0.013571732,NONE
ENSG00000150459,-0.055723452,NONE,-0.047456505,NONE
ENSG00000170855,0.057341425,NONE,0.070309688,NONE
ENSG00000132953,0.026574447,NONE,-0.042392649,NONE
ENSG00000133103,-0.024298962,NONE,0.017683897,NONE
ENSG00000188811,-0.197061653,NONE,-0.214626947,NONE
ENSG00000139514,0.182798517,NONE,0.291632033,UP
ENSG00000065150,0.06271918,NONE,-0.042301694,NONE
ENSG00000165782,0.011124124,NONE,0.012937731,NONE
ENSG00000151287,-0.011916729,NONE,-0.016777836,NONE
ENSG00000136319,-0.186358448,NONE,-0.106254291,NONE
ENSG00000179933,0.194937035,NONE,0.160515179,NONE
ENSG00000129518,0.008049413,NONE,-0.000580361,NONE
ENSG00000092208,-0.113380739,NONE,-0.14763778,NONE
ENSG00000165516,0.285843789,UP,0.119091883,NONE
ENSG00000179454,0.218612665,NONE,-0.068302626,NONE
ENSG00000129460,0.060761076,NONE,0.043347423,NONE
ENSG00000151413,-0.1376237,NONE,-0.193309452,NONE
ENSG00000100462,0.406941476,UP,0.221349332,NONE
ENSG00000100902,-0.073522367,NONE,-0.207942165,NONE
ENSG00000100804,-0.01678342,NONE,0.033876695,NONE
ENSG00000087302,-0.17640008,NONE,-0.02705107,NONE
ENSG00000092108,-0.150038652,NONE,-0.026868952,NONE
ENSG00000092203,0.083028033,NONE,-0.040434253,NONE
ENSG00000131966,-0.065120512,NONE,-0.174128649,NONE
ENSG00000066427,-0.120145788,NONE,-0.176630363,NONE
ENSG00000119599,-0.077821695,NONE,-0.260289534,NONE
ENSG00000119661,0.024290361,NONE,-0.039277031,NONE
ENSG00000134001,0.100355819,NONE,0.030289414,NONE
ENSG00000165521,0.20983187,NONE,0.018597756,NONE
ENSG00000089916,0.141766458,NONE,-0.098409384,NONE
ENSG00000100744,-0.025573752,NONE,-0.296493257,DOWN
ENSG00000100577,-0.408392185,DOWN,-0.528981325,DOWN
ENSG00000187105,-0.005452768,NONE,-0.138377791,NONE
ENSG00000276880,NA,NA,NA,NA
ENSG00000183648,-0.268189445,DOWN,-0.146236838,NONE
ENSG00000133961,-0.073378404,NONE,0.056361949,NONE
ENSG00000257621,-0.605997949,DOWN,-0.243683877,NONE
ENSG00000100764,0.368556344,UP,0.042868369,NONE
ENSG00000100519,-0.075553726,NONE,-0.177854528,NONE
ENSG00000072042,-0.071559843,NONE,-0.031178476,NONE
ENSG00000200312,NA,NA,NA,NA
ENSG00000029364,0.058255161,NONE,0.061629791,NONE
ENSG00000119705,-0.268376884,DOWN,-0.135110411,NONE
ENSG00000198554,0.051079094,NONE,-0.248465968,NONE
ENSG00000140057,0.391791032,UP,-0.161809,NONE
ENSG00000156411,-0.102201445,NONE,-0.163888532,NONE
ENSG00000100664,0.12856086,NONE,0.110125691,NONE
ENSG00000126214,-0.099127822,NONE,-0.19363279,NONE
ENSG00000078304,-0.012482186,NONE,-0.114520219,NONE
ENSG00000156414,0.190197127,NONE,0.020588402,NONE
ENSG00000184986,0.095601329,NONE,0.028614723,NONE
ENSG00000021776,-0.008331011,NONE,0.06015739,NONE
ENSG00000104164,0.008542014,NONE,-0.234032353,NONE
ENSG00000166946,-0.025746118,NONE,-0.106332307,NONE
ENSG00000166200,0.054250595,NONE,-0.002104,NONE
ENSG00000137770,0.030373546,NONE,-0.141127409,NONE
ENSG00000255302,0.090623224,NONE,0.081602679,NONE
ENSG00000128463,-0.072155308,NONE,-0.1143094,NONE
ENSG00000168806,-0.130680909,NONE,0.024057603,NONE
ENSG00000069956,-0.017338903,NONE,-0.300533077,DOWN
ENSG00000137806,0.013087053,NONE,0.015539349,NONE
ENSG00000182117,0.136066288,NONE,0.275929154,UP
ENSG00000168781,-0.108004875,NONE,-0.267845644,DOWN
ENSG00000140263,0.189794431,NONE,0.077445057,NONE
ENSG00000248508,-0.07791886,NONE,0.024246238,NONE
ENSG00000137842,0.214283527,NONE,-0.083275277,NONE
ENSG00000159459,0.223160181,NONE,0.001541178,NONE
ENSG00000103591,-0.173837915,NONE,-0.062662806,NONE
ENSG00000159322,-0.326939822,DOWN,-0.184008624,NONE
ENSG00000140350,0.023758741,NONE,-0.173346385,NONE
ENSG00000260916,0.019555066,NONE,0.074504946,NONE
ENSG00000140365,-0.354994355,DOWN,-0.30073605,DOWN
ENSG00000179151,-0.130794074,NONE,0.094407339,NONE
ENSG00000103876,-0.105655771,NONE,0.244004717,NONE
ENSG00000178761,0.25603979,NONE,0.002286881,NONE
ENSG00000138604,0.045443501,NONE,-0.060312593,NONE
ENSG00000074696,0.235044952,NONE,0.151102216,NONE
ENSG00000166503,-0.06167027,NONE,-0.202106958,NONE
ENSG00000188266,-0.276765169,DOWN,-0.128314007,NONE
ENSG00000166411,0.312116069,UP,-0.109341243,NONE
ENSG00000177971,0.089153857,NONE,-0.031345403,NONE
ENSG00000185787,0.130417162,NONE,0.020781282,NONE
ENSG00000178802,-0.297157449,DOWN,-0.171050201,NONE
ENSG00000181991,-0.135656844,NONE,-0.136553894,NONE
ENSG00000041357,-0.07016524,NONE,-0.038799219,NONE
ENSG00000117906,-0.063479678,NONE,-0.124158619,NONE
ENSG00000174444,-0.177313677,NONE,-0.062799654,NONE
ENSG00000278229,NA,NA,NA,NA
ENSG00000137876,0.005092584,NONE,-0.064867103,NONE
ENSG00000174446,-0.117394463,NONE,-0.179793021,NONE
ENSG00000259642,0.06422762,NONE,-0.402459325,DOWN
ENSG00000067221,-0.320853613,DOWN,-0.332011244,DOWN
ENSG00000140416,0.016274631,NONE,-0.072128506,NONE
ENSG00000140395,-0.256463811,NONE,-0.308772458,DOWN
ENSG00000156232,0.02380867,NONE,-6.11E-05,NONE
ENSG00000166716,0.074669435,NONE,0.143658436,NONE
ENSG00000180357,0.054293052,NONE,-0.00322796,NONE
ENSG00000174442,-0.147022172,NONE,-0.303707384,DOWN
ENSG00000183044,0.072017614,NONE,0.113514494,NONE
ENSG00000182831,0.188034215,NONE,0.074493627,NONE
ENSG00000174109,0.162853776,NONE,-0.071784562,NONE
ENSG00000005339,0.098618281,NONE,0.19417867,NONE
ENSG00000276726,NA,NA,NA,NA
ENSG00000103363,-0.061368547,NONE,0.037724029,NONE
ENSG00000063854,-0.13213114,NONE,-0.207186976,NONE
ENSG00000103253,-0.020500304,NONE,-0.145476786,NONE
ENSG00000184508,-0.109347186,NONE,-0.176147271,NONE
ENSG00000140443,0.129478446,NONE,0.303585588,UP
ENSG00000130731,-0.222895192,NONE,-0.065168682,NONE
ENSG00000103152,-0.034572409,NONE,0.015041923,NONE
ENSG00000086504,-0.07581183,NONE,-0.122046341,NONE
ENSG00000074071,0.070604744,NONE,0.158373889,NONE
ENSG00000140990,-0.009846236,NONE,0.060927843,NONE
ENSG00000065057,-0.14053499,NONE,-0.218240585,NONE
ENSG00000161981,-0.180674697,NONE,-0.114824449,NONE
ENSG00000167978,0.077899919,NONE,0.16825797,NONE
ENSG00000183751,-0.079806609,NONE,-0.191908551,NONE
ENSG00000184277,-0.067947129,NONE,-0.216846741,NONE
ENSG00000010539,-0.224963582,NONE,-0.109647994,NONE
ENSG00000006194,0.139746385,NONE,0.029958247,NONE
ENSG00000167981,0.041827416,NONE,-0.192011069,NONE
ENSG00000167186,-0.008914932,NONE,-0.126399968,NONE
ENSG00000179958,0.111602216,NONE,-0.004906462,NONE
ENSG00000069345,0.049125108,NONE,-0.121499854,NONE
ENSG00000156860,0.011273692,NONE,0.030040799,NONE
ENSG00000155393,-0.273021132,DOWN,-0.163698669,NONE
ENSG00000129636,-0.093286818,NONE,-0.343266905,DOWN
ENSG00000047578,0.019288016,NONE,0.119949319,NONE
ENSG00000224310,-0.485919651,DOWN,-0.195320731,NONE
ENSG00000102897,-0.341843112,DOWN,-0.160096168,NONE
ENSG00000004779,0.050354219,NONE,-0.044805814,NONE
ENSG00000122257,0.055354065,NONE,0.125812074,NONE
ENSG00000134419,-0.150479765,NONE,-0.027211835,NONE
ENSG00000066654,-0.037567006,NONE,-0.048931033,NONE
ENSG00000185947,0.12060527,NONE,0.033269194,NONE
ENSG00000166971,0.17927304,NONE,0.059452746,NONE
ENSG00000070761,-0.00169446,NONE,-0.050347323,NONE
ENSG00000103121,-0.303972156,DOWN,-0.231241957,NONE
ENSG00000131143,-0.201320576,NONE,-0.133930564,NONE
ENSG00000174177,0.16198036,NONE,-0.028695889,NONE
ENSG00000182810,-0.14991379,NONE,-0.125231961,NONE
ENSG00000166595,0.043274425,NONE,0.122583715,NONE
ENSG00000135723,0.071628959,NONE,-0.019403838,NONE
ENSG00000140718,0.074211564,NONE,-0.163435309,NONE
ENSG00000034713,0.049595782,NONE,0.012101123,NONE
ENSG00000131153,0.012630955,NONE,-0.378918558,DOWN
ENSG00000230989,0.138540001,NONE,0.029616171,NONE
ENSG00000065427,-0.002219184,NONE,0.007536328,NONE
ENSG00000159593,-0.049350979,NONE,-0.019268563,NONE
ENSG00000102908,0.382553197,UP,0.052169366,NONE
ENSG00000072736,0.124194785,NONE,0.229861288,NONE
ENSG00000167005,0.035597123,NONE,-0.222136044,NONE
ENSG00000102898,-0.12613743,NONE,-0.070752957,NONE
ENSG00000102978,0.09617229,NONE,0.003200987,NONE
ENSG00000167526,-0.195842059,NONE,-0.139041396,NONE
ENSG00000168701,-0.126423279,NONE,-0.122117221,NONE
ENSG00000167515,-0.225667875,NONE,-0.336713149,DOWN
ENSG00000262943,-0.342080867,DOWN,-0.108343232,NONE
ENSG00000108561,0.0559656,NONE,0.065812752,NONE
ENSG00000141030,-0.014073618,NONE,-0.096303343,NONE
ENSG00000167699,-0.137217205,NONE,-0.193642485,NONE
ENSG00000132376,0.076331237,NONE,0.067107375,NONE
ENSG00000083457,-0.061060953,NONE,-0.179523852,NONE
ENSG00000175061,0.014040204,NONE,-0.061295783,NONE
ENSG00000141503,0.168692489,NONE,0.224294556,NONE
ENSG00000183011,-0.236965012,NONE,-0.028895957,NONE
ENSG00000141027,0.038489287,NONE,-0.008011963,NONE
ENSG00000091592,-0.090711833,NONE,-0.101010711,NONE
ENSG00000142507,0.101032384,NONE,0.077105535,NONE
ENSG00000132383,0.057054105,NONE,0.115297857,NONE
ENSG00000108528,-0.177309998,NONE,-0.1273848,NONE
ENSG00000170310,-0.129439407,NONE,0.009302966,NONE
ENSG00000179029,-0.060510884,NONE,-0.147215736,NONE
ENSG00000171928,0.238804496,NONE,0.225513512,NONE
ENSG00000129235,-0.053755388,NONE,-0.023835314,NONE
ENSG00000170315,0.312515649,UP,0.227686366,NONE
ENSG00000131473,0.238808849,NONE,-0.007264037,NONE
ENSG00000108666,-0.10064598,NONE,-0.235487611,NONE
ENSG00000109016,-0.222891182,NONE,-0.159391549,NONE
ENSG00000168259,-0.078901439,NONE,-0.177082223,NONE
ENSG00000185158,-0.187845802,NONE,-0.004751044,NONE
ENSG00000125691,-0.131142399,NONE,-0.062666987,NONE
ENSG00000128487,-0.093697748,NONE,-0.046466576,NONE
ENSG00000178691,0.085270531,NONE,-0.0232559,NONE
ENSG00000244045,-0.12998932,NONE,-0.087795328,NONE
ENSG00000214174,-0.152367257,NONE,-0.144313123,NONE
ENSG00000159199,-0.239448687,NONE,-0.230198667,NONE
ENSG00000126581,0.209850834,NONE,-0.060051992,NONE
ENSG00000180329,-0.155080753,NONE,-0.169567905,NONE
ENSG00000004897,-0.003223964,NONE,-0.133277577,NONE
ENSG00000141367,0.135063863,NONE,-0.005153512,NONE
ENSG00000183978,-0.104314711,NONE,-0.106034704,NONE
ENSG00000121058,0.126582153,NONE,0.029809919,NONE
ENSG00000136485,0.153825052,NONE,0.001863743,NONE
ENSG00000067596,0.130860257,NONE,0.046445664,NONE
ENSG00000198909,0.143658933,NONE,0.15710927,NONE
ENSG00000108788,0.151881395,NONE,0.09335249,NONE
ENSG00000181610,-0.009953608,NONE,-0.236021034,NONE
ENSG00000198496,0.104387264,NONE,0.204059363,NONE
ENSG00000239672,-0.374099081,DOWN,-0.362915743,DOWN
ENSG00000167085,0.27333074,UP,0.21417216,NONE
ENSG00000131469,-0.019464428,NONE,0.012946021,NONE
ENSG00000121073,-0.163539794,NONE,-0.055809218,NONE
ENSG00000213246,-0.038760445,NONE,0.046535791,NONE
ENSG00000131475,-0.150775041,NONE,0.092279678,NONE
ENSG00000175155,0.113349346,NONE,-0.197197368,NONE
ENSG00000141385,0.14172728,NONE,-0.109579035,NONE
ENSG00000141552,0.086065195,NONE,-0.029839578,NONE
ENSG00000214087,-0.106712531,NONE,-0.23215222,NONE
ENSG00000167863,-0.24235799,NONE,-0.213572184,NONE
ENSG00000186665,-0.147032476,NONE,-0.190476092,NONE
ENSG00000169689,0.072720078,NONE,0.203406023,NONE
ENSG00000177337,-0.031948538,NONE,0.289554065,UP
ENSG00000262001,-0.294272342,DOWN,-0.003897596,NONE
ENSG00000141543,0.092597665,NONE,0.070267413,NONE
ENSG00000173818,-0.153679702,NONE,-0.35748258,DOWN
ENSG00000108479,-0.16812541,NONE,-0.026753766,NONE
ENSG00000169727,-0.095099912,NONE,-0.07144994,NONE
ENSG00000168675,-0.079273206,NONE,-0.397546509,DOWN
ENSG00000237854,0.204733115,NONE,0.123908476,NONE
ENSG00000167862,-0.157590712,NONE,0.006491995,NONE
ENSG00000125445,0.087341103,NONE,0.010423359,NONE
ENSG00000182534,-0.049614141,NONE,-0.062369305,NONE
ENSG00000118680,0.003389059,NONE,0.047865442,NONE
ENSG00000204237,-0.270732002,DOWN,-0.156231479,NONE
ENSG00000185813,-0.397830515,DOWN,-0.230544733,NONE
ENSG00000108946,0.054118867,NONE,-0.127292024,NONE
ENSG00000128789,-0.172885777,NONE,0.010500192,NONE
ENSG00000172809,-0.106980603,NONE,-0.03872803,NONE
ENSG00000188612,0.030585465,NONE,0.016453096,NONE
ENSG00000101558,-0.072234868,NONE,-0.04610105,NONE
ENSG00000152234,-0.106891266,NONE,-0.101591142,NONE
ENSG00000282266,NA,NA,NA,NA
ENSG00000170558,0.197888644,NONE,0.294825292,UP
ENSG00000166347,-0.161182651,NONE,-0.025143247,NONE
ENSG00000134759,-0.267152835,DOWN,-0.240237754,NONE
ENSG00000134049,-0.204565567,NONE,-0.136381589,NONE
ENSG00000167306,-0.318867116,NONE,-0.718261236,DOWN
ENSG00000134440,0.003064714,NONE,-0.054424642,NONE
ENSG00000141447,0.062833154,NONE,-0.127871701,NONE
ENSG00000078142,0.022079891,NONE,-0.133981763,NONE
ENSG00000091164,-0.17442259,NONE,-0.208380096,NONE
ENSG00000142303,0.055642528,NONE,0.069971834,NONE
ENSG00000125652,-0.05270776,NONE,-0.05994633,NONE
ENSG00000198356,0.163209897,NONE,0.067537964,NONE
ENSG00000104979,-0.111411944,NONE,0.04541305,NONE
ENSG00000130813,-0.13644309,NONE,-0.135183398,NONE
ENSG00000174917,-0.114581672,NONE,-0.158179147,NONE
ENSG00000183397,-0.049146216,NONE,0.07621826,NONE
ENSG00000105401,-0.136282205,NONE,-0.072354935,NONE
ENSG00000176533,-0.234363237,NONE,0.111134668,NONE
ENSG00000130332,0.008620613,NONE,-0.021283095,NONE
ENSG00000183617,-0.078334537,NONE,-0.015970027,NONE
ENSG00000074842,0.051826775,NONE,-0.00886749,NONE
ENSG00000174886,-0.172961207,NONE,-0.253877142,NONE
ENSG00000115286,0.036249884,NONE,-0.199275862,NONE
ENSG00000229833,-0.098064391,NONE,-0.0203431,NONE
ENSG00000104886,0.019329662,NONE,-0.045636943,NONE
ENSG00000130175,-0.059666274,NONE,-0.13101697,NONE
ENSG00000130255,-0.008548085,NONE,-0.01052281,NONE
ENSG00000172009,-0.003582131,NONE,-0.167272771,NONE
ENSG00000105518,-0.088851129,NONE,-0.047454894,NONE
ENSG00000198258,0.022187874,NONE,-0.061422875,NONE
ENSG00000127540,-0.071139709,NONE,-0.07570526,NONE
ENSG00000105583,-0.03402666,NONE,-0.089843609,NONE
ENSG00000171295,0.026363568,NONE,-0.049487266,NONE
ENSG00000186300,0.105835289,NONE,0.02041792,NONE
ENSG00000130544,-0.192439138,NONE,-0.244251971,NONE
ENSG00000198551,0.118046439,NONE,0.015004212,NONE
ENSG00000173875,-0.054683628,NONE,-0.172351612,NONE
ENSG00000254901,-0.269999319,DOWN,-0.275527602,DOWN
ENSG00000126247,-0.177854353,NONE,0.003051512,NONE
ENSG00000105669,-0.264663537,DOWN,-0.147056181,NONE
ENSG00000126267,-0.149582347,NONE,0.070888551,NONE
ENSG00000105671,0.099817838,NONE,-0.058511771,NONE
ENSG00000105058,0.059774066,NONE,0.099439715,NONE
ENSG00000105135,0.160498357,NONE,0.066388611,NONE
ENSG00000262860,NA,NA,NA,NA
ENSG00000130520,-0.129018899,NONE,-0.210949236,NONE
ENSG00000099795,-0.102142232,NONE,0.099334275,NONE
ENSG00000126249,-0.059719093,NONE,-0.0157435,NONE
ENSG00000105258,-0.226961153,NONE,-0.164196847,NONE
ENSG00000105171,-0.060326603,NONE,-0.003666597,NONE
ENSG00000205155,-0.039113983,NONE,0.006689793,NONE
ENSG00000167461,0.10907451,NONE,0.06999352,NONE
ENSG00000105640,0.044787571,NONE,-0.12105992,NONE
ENSG00000205138,0.149290588,NONE,-0.062662204,NONE
ENSG00000105254,-0.144643476,NONE,-0.111183977,NONE
ENSG00000105677,0.006459851,NONE,0.136431573,NONE
ENSG00000221983,-0.031474709,NONE,-0.078405764,NONE
ENSG00000169021,0.116767443,NONE,-0.011420385,NONE
ENSG00000233527,-0.08706334,NONE,0.024661745,NONE
ENSG00000197863,0.028792259,NONE,0.074307744,NONE
ENSG00000090013,0.01974484,NONE,0.23160301,NONE
ENSG00000090932,0.036870517,NONE,-0.203324072,NONE
ENSG00000104936,0.040776299,NONE,0.121967896,NONE
ENSG00000269858,-0.10372968,NONE,-0.05590438,NONE
ENSG00000012061,-0.161648729,NONE,-0.064837692,NONE
ENSG00000077348,-0.176564032,NONE,-0.134809169,NONE
ENSG00000104863,-0.202064581,NONE,-0.340628796,DOWN
ENSG00000104872,-0.04142701,NONE,-0.160953979,NONE
ENSG00000099341,0.069053199,NONE,-0.06669506,NONE
ENSG00000063177,-0.141735307,NONE,-0.077796458,NONE
ENSG00000183207,-0.094236502,NONE,-0.073099331,NONE
ENSG00000178980,-0.024894374,NONE,0.006031724,NONE
ENSG00000125743,-0.034197776,NONE,-0.014017998,NONE
ENSG00000167642,-0.109408397,NONE,-0.269416797,DOWN
ENSG00000167645,-0.040302306,NONE,-0.046055605,NONE
ENSG00000120784,0.109912278,NONE,-0.050547874,NONE
ENSG00000159882,0.028617545,NONE,0.022548117,NONE
ENSG00000196437,0.242785861,NONE,0.009475108,NONE
ENSG00000124444,0.122353307,NONE,-0.008448383,NONE
ENSG00000185869,0.163720809,NONE,-0.072673845,NONE
ENSG00000130724,0.025043068,NONE,-0.05194818,NONE
ENSG00000101266,0.089320197,NONE,-0.050119219,NONE
ENSG00000142396,-0.146921085,NONE,-0.098936498,NONE
ENSG00000105379,-0.396339665,DOWN,-0.315504782,DOWN
ENSG00000142530,-0.148739652,NONE,-0.218690378,NONE
ENSG00000063241,-0.013058767,NONE,0.020131477,NONE
ENSG00000276458,NA,NA,NA,NA
ENSG00000276061,NA,NA,NA,NA
ENSG00000142546,-0.064520867,NONE,-0.058998357,NONE
ENSG00000126457,-0.049921604,NONE,-0.102330715,NONE
ENSG00000083845,-0.05983565,NONE,-0.006461491,NONE
ENSG00000083807,-0.231371911,NONE,-0.173552309,NONE
ENSG00000177732,0.133386084,NONE,0.080849911,NONE
ENSG00000104946,-0.014200088,NONE,0.017688444,NONE
ENSG00000125875,0.088293334,NONE,0.103831869,NONE
ENSG00000256060,0.08954679,NONE,-0.16921772,NONE
ENSG00000105053,-0.060121882,NONE,-0.104383293,NONE
ENSG00000171649,0.078895771,NONE,-0.045497671,NONE
ENSG00000181894,0.253366508,NONE,0.016340708,NONE
ENSG00000105136,-0.040960881,NONE,-0.100395649,NONE
ENSG00000178935,-0.145496507,NONE,-0.204599638,NONE
ENSG00000083828,0.133386218,NONE,-0.005026895,NONE
ENSG00000083814,0.072655966,NONE,0.069425764,NONE
ENSG00000101444,0.072827992,NONE,-0.041449712,NONE
ENSG00000101474,0.338196994,UP,-0.022861569,NONE
ENSG00000171456,0.111492569,NONE,0.108643468,NONE
ENSG00000171552,-0.004661473,NONE,0.139552623,NONE
ENSG00000078699,0.016257635,NONE,-0.103174796,NONE
ENSG00000242372,0.048202852,NONE,-0.009890072,NONE
ENSG00000125991,-0.044114818,NONE,-0.063702006,NONE
ENSG00000101365,0.092108356,NONE,-0.040442389,NONE
ENSG00000125877,-0.385551063,DOWN,-0.190304972,NONE
ENSG00000172264,0.066317804,NONE,-0.424463132,DOWN
ENSG00000125901,-0.10271918,NONE,0.033540412,NONE
ENSG00000244005,-0.16832843,NONE,-0.007686586,NONE
ENSG00000232838,NA,NA,NA,NA
ENSG00000025293,0.225521079,NONE,-0.039250579,NONE
ENSG00000244462,0.080454159,NONE,-0.048198622,NONE
ENSG00000125995,-0.218565309,NONE,0.088419022,NONE
ENSG00000232388,-0.150648039,NONE,0.020185985,NONE
ENSG00000088930,-0.032262998,NONE,0.255076247,NONE
ENSG00000130706,0.093189925,NONE,0.057360621,NONE
ENSG00000124172,-0.267828088,DOWN,-0.092421935,NONE
ENSG00000101132,-0.052235622,NONE,-0.181443586,NONE
ENSG00000124181,0.342172513,UP,0.256140205,NONE
ENSG00000101182,0.100306755,NONE,0.046859783,NONE
ENSG00000171858,0.0674892,NONE,0.135962453,NONE
ENSG00000174365,-0.121283549,NONE,-0.104747164,NONE
ENSG00000184402,0.028389338,NONE,-0.211770895,NONE
ENSG00000177410,-0.139320394,NONE,-0.149858583,NONE
ENSG00000241837,-0.246669866,NONE,-0.173265279,NONE
ENSG00000160226,0.027639983,NONE,-0.161923177,NONE
ENSG00000142156,-0.025973787,NONE,0.331714432,UP
ENSG00000154639,-0.125273469,NONE,-0.223881734,NONE
ENSG00000159147,0.020824858,NONE,-0.030021392,NONE
ENSG00000159267,0.141599866,NONE,-0.175879141,NONE
ENSG00000142166,0.159601552,NONE,0.140692101,NONE
ENSG00000198862,0.322160002,UP,0.097862172,NONE
ENSG00000180530,0.527659432,UP,0.012754342,NONE
ENSG00000198618,0.184044874,NONE,-0.029963848,NONE
ENSG00000182093,0.006081228,NONE,-0.022670777,NONE
ENSG00000128185,-0.254831365,NONE,-0.014703918,NONE
ENSG00000185721,-0.004221004,NONE,-0.022914637,NONE
ENSG00000185608,-0.065853667,NONE,0.000512012,NONE
ENSG00000100029,-0.080442597,NONE,-0.062673114,NONE
ENSG00000099901,0.1561837,NONE,-0.209503831,NONE
ENSG00000099999,-0.266535622,DOWN,-0.183613073,NONE
ENSG00000184436,-0.272373072,DOWN,-0.118518035,NONE
ENSG00000100154,-0.1204474,NONE,0.123339266,NONE
ENSG00000253352,-0.17410104,NONE,0.095275231,NONE
ENSG00000184470,-0.0878846,NONE,-0.192454329,NONE
ENSG00000184076,-0.068511727,NONE,0.085206453,NONE
ENSG00000100319,0.106388396,NONE,0.073675125,NONE
ENSG00000130638,0.070359516,NONE,-0.060250682,NONE
ENSG00000184164,0.035738745,NONE,-0.11673473,NONE
ENSG00000213923,-0.09739004,NONE,-0.033084422,NONE
ENSG00000186976,-0.487387907,DOWN,-0.478987099,DOWN
ENSG00000100353,-0.078040445,NONE,-0.07056048,NONE
ENSG00000100129,0.296271597,UP,-0.089109257,NONE
ENSG00000100393,0.033033486,NONE,0.161597292,NONE
ENSG00000100335,0.191853453,NONE,0.023754437,NONE
ENSG00000100410,-0.105627764,NONE,0.109796343,NONE
ENSG00000100417,0.082191522,NONE,-0.049607548,NONE
ENSG00000100227,0.226287607,NONE,0.422476899,UP
ENSG00000102054,0.000564459,NONE,0.029861218,NONE
ENSG00000100387,-0.211076212,NONE,-0.098221963,NONE
ENSG00000100316,-0.222957502,NONE,-0.107383018,NONE
ENSG00000187051,0.086777743,NONE,0.054722879,NONE
ENSG00000100220,0.137287784,NONE,0.022978938,NONE
ENSG00000100372,-0.202490006,NONE,-0.116361615,NONE
ENSG00000169895,0.063509861,NONE,-0.029647459,NONE
ENSG00000198792,0.142021699,NONE,0.23715977,NONE
ENSG00000205542,0.012225535,NONE,-0.300966673,DOWN
ENSG00000100354,-0.131695614,NONE,0.019611051,NONE
ENSG00000100216,-0.071288317,NONE,-0.05497292,NONE
ENSG00000170638,0.128618224,NONE,0.069985227,NONE
ENSG00000196419,0.22036599,NONE,0.080933834,NONE
ENSG00000169249,-0.245171224,NONE,-0.155142851,NONE
ENSG00000182220,-0.023195627,NONE,-0.094492119,NONE
ENSG00000165169,0.07726537,NONE,-0.167411932,NONE
ENSG00000069509,-0.012146453,NONE,0.011433434,NONE
ENSG00000102316,0.112122037,NONE,0.131363998,NONE
ENSG00000187601,0.230937721,NONE,0.010050338,NONE
ENSG00000147123,-0.012581133,NONE,-0.000909806,NONE
ENSG00000102103,-0.128050808,NONE,-0.020148469,NONE
ENSG00000102100,0.021693137,NONE,-0.059929439,NONE
ENSG00000186787,0.083134298,NONE,-0.071109502,NONE
ENSG00000068323,0.133943926,NONE,0.190346455,NONE
ENSG00000126768,-0.156549811,NONE,-0.17749488,NONE
ENSG00000247746,-0.255998392,NONE,-0.080170126,NONE
ENSG00000124486,0.135233444,NONE,0.136645354,NONE
ENSG00000251192,-0.040373339,NONE,-0.21034089,NONE
ENSG00000131269,0.122233721,NONE,0.236054211,NONE
ENSG00000126947,0.08181058,NONE,0.012657688,NONE
ENSG00000102401,0.160515419,NONE,-0.101543147,NONE
ENSG00000198960,0.337660194,UP,0.245634222,NONE
ENSG00000133134,0.021446488,NONE,-0.207337088,NONE
ENSG00000166681,0.003033589,NONE,-0.151720939,NONE
ENSG00000102409,-0.062859,NONE,-0.164133298,NONE
ENSG00000184515,-0.117303746,NONE,-0.384160478,DOWN
ENSG00000131174,-0.130244696,NONE,-0.138204236,NONE
ENSG00000018610,-0.139191832,NONE,-0.118740253,NONE
ENSG00000198932,-0.008402407,NONE,-0.42258053,DOWN
ENSG00000147246,0.096855107,NONE,-0.182112568,NONE
ENSG00000089289,-0.014549918,NONE,-0.021267702,NONE
ENSG00000225470,-0.152825108,NONE,-0.178787396,NONE
ENSG00000120509,-0.024130747,NONE,0.03441979,NONE
ENSG00000102309,-0.169201433,NONE,-0.14998704,NONE
ENSG00000147224,0.230973682,NONE,0.007991998,NONE
ENSG00000101843,-0.013116083,NONE,0.004995664,NONE
ENSG00000005022,0.157759059,NONE,0.12989497,NONE
ENSG00000172465,0.125970224,NONE,0.047803858,NONE
ENSG00000182916,-0.044147555,NONE,-0.201293372,NONE
ENSG00000180964,0.049756405,NONE,0.048252678,NONE
ENSG00000185825,0.047179774,NONE,0.004156862,NONE
ENSG00000262919,-0.017699095,NONE,-0.105871232,NONE
ENSG00000147400,-0.135457353,NONE,0.151705494,NONE
ENSG00000197620,0.150642689,NONE,-0.168131397,NONE
ENSG00000197021,0.234938007,NONE,-0.042523635,NONE
ENSG00000185010,-0.129573443,NONE,-0.065291652,NONE
ENSG00000165775,-0.04281592,NONE,0.035780763,NONE
ENSG00000171004,0.073718214,NONE,-0.534711003,DOWN
ENSG00000196976,-0.019299929,NONE,0.037915512,NONE
ENSG00000125356,-0.152090171,NONE,0.063895525,NONE
ENSG00000125352,0.071435522,NONE,-0.13809867,NONE
ENSG00000147403,-0.1088324,NONE,-0.041071267,NONE
ENSG00000198918,0.053518096,NONE,-0.001573359,NONE
ENSG00000180879,-0.105145573,NONE,-0.125189653,NONE