ID,logFC_CBE_Mayo,direction_CBE_Mayo,logFC_TCX_Mayo,direction_TCX_Mayo,trait_PathoAD,trait_ClinAD,trait_B.amyloid,trait_Tau.tangles,custom_color_deubiquitination
ENSG00000175756,-0.03294007,NONE,0.053082438,NONE,-0.15,-2.19,-0.75,0.21,
ENSG00000244038,0.14982806,NONE,0.058633401,NONE,-2.21,-3.72,-2.23,-2.29,
ENSG00000226029,-0.302877553,DOWN,-0.105750636,NONE,NA,NA,NA,NA,
ENSG00000130764,0.05570021,NONE,-0.156593027,NONE,0.15,-1.34,-0.09,-0.14,
ENSG00000242485,-0.125283157,NONE,-0.108217558,NONE,-0.19,-0.38,-0.52,-0.01,
ENSG00000188976,0.092637103,NONE,-0.225979762,NONE,0.05,-1.75,-0.76,0.29,
ENSG00000157916,0.154233791,NONE,-0.034524526,NONE,-0.91,-2.44,-0.08,-1.94,
ENSG00000116251,-0.013460951,NONE,-0.122192698,NONE,-0.03,0.74,0.23,0.41,
ENSG00000117118,0.059354541,NONE,-0.027829325,NONE,-1.46,-0.85,-0.95,-1.71,
ENSG00000065526,0.149377692,NONE,0.075930711,NONE,0.91,1.64,2.03,0.14,
ENSG00000041988,0.097614826,NONE,-0.142474714,NONE,-0.04,0.03,-0.52,-0.04,
ENSG00000233954,0.074678331,NONE,-0.301407695,DOWN,NA,NA,NA,NA,
ENSG00000116213,-0.034115794,NONE,-0.053833814,NONE,-0.08,0.33,-0.51,-0.25,
ENSG00000117448,-0.159747306,NONE,-0.063140983,NONE,-1.04,-2.42,-1.73,-1.15,
ENSG00000117410,-0.028089828,NONE,-0.143449681,NONE,0.14,-0.11,-0.23,0.21,
ENSG00000116922,0.126873596,NONE,-0.092293693,NONE,-1.38,-0.67,-0.67,-1.44,
ENSG00000197982,0.081612728,NONE,0.100742569,NONE,0.25,0.23,1.44,0,
ENSG00000117395,0.084940539,NONE,-0.145620431,NONE,-1.46,-2.31,-2.54,-2.08,
ENSG00000117308,-0.136431889,NONE,-0.16889451,NONE,-1.41,-0.92,-3.32,-0.14,
ENSG00000134697,-0.115738248,NONE,-0.072405552,NONE,-0.21,0.1,-1.04,0.4,
ENSG00000168653,-0.175621209,NONE,-0.00893276,NONE,-0.37,-0.16,-1.98,0.37,
ENSG00000175087,0.132022391,NONE,-0.123910456,NONE,-0.69,-0.86,-1.2,-0.38,
ENSG00000084072,-0.136255539,NONE,-0.189730846,NONE,-0.65,-0.4,-1.97,-0.16,
ENSG00000117748,-0.047190926,NONE,0.05980205,NONE,-1.24,-0.25,-1.02,-1.3,
ENSG00000142937,-0.095648437,NONE,-0.03386327,NONE,-0.63,-0.22,-0.27,-0.06,
ENSG00000010803,-0.355587992,DOWN,-0.007384202,NONE,0.41,1.26,-0.32,0.89,
ENSG00000183431,0.000913071,NONE,-0.006574665,NONE,-0.97,-1.26,-0.6,-1.53,
ENSG00000163866,-0.00892119,NONE,-0.148764181,NONE,NA,NA,NA,NA,
ENSG00000163877,0.00298261,NONE,-0.013315924,NONE,0.65,1.38,2.5,0.19,
ENSG00000117614,0.004448555,NONE,0.065417985,NONE,0.17,0.16,0.81,1.29,
ENSG00000054116,-0.077965446,NONE,-0.001467856,NONE,0.18,0.94,-0.47,0.66,
ENSG00000173660,-0.004743497,NONE,-0.122066935,NONE,-0.49,0.16,-1.5,0.05,
ENSG00000126088,-0.145559906,NONE,-0.032092709,NONE,0.05,-0.29,-0.83,0.45,
ENSG00000183520,-0.110792236,NONE,-0.090731211,NONE,NA,NA,NA,NA,
ENSG00000065978,0.047230889,NONE,0.296224559,UP,0.77,2.59,2.79,0.13,
ENSG00000162384,-0.35167165,DOWN,-0.132152868,NONE,-0.82,-1.27,-0.65,-0.75,
ENSG00000162595,-0.6383649,DOWN,-0.056395884,NONE,-0.42,-0.46,-0.4,-0.14,
ENSG00000137947,0.119509644,NONE,0.00083274,NONE,-0.51,0.52,-0.48,-0.52,
ENSG00000198841,0.088513546,NONE,-0.112337593,NONE,-0.2,-0.52,-0.64,-0.12,
ENSG00000157193,0.123140753,NONE,0.032848873,NONE,0.31,0.82,0.17,-0.58,
ENSG00000058804,0.148346669,NONE,0.012124278,NONE,NA,NA,NA,NA,
ENSG00000142892,0.031777739,NONE,0.085316121,NONE,-0.19,0.38,0.01,-0.93,
ENSG00000116171,-0.10326665,NONE,0.096572676,NONE,-0.19,0.34,0.91,0.18,
ENSG00000198711,0.250990359,NONE,-0.045386833,NONE,NA,NA,NA,NA,
ENSG00000123473,0.000687993,NONE,-0.037723507,NONE,NA,NA,NA,NA,
ENSG00000162604,-0.12567251,NONE,-0.120250458,NONE,-2,-0.65,-1.45,-1.47,
ENSG00000116209,-0.050575847,NONE,-0.011976494,NONE,-0.29,-0.18,0.57,-0.9,
ENSG00000116459,-0.01453924,NONE,-0.023776815,NONE,NA,NA,NA,NA,
ENSG00000116752,0.028431013,NONE,-0.151029887,NONE,-1.38,-1.38,-1.25,-1.21,
ENSG00000118292,-0.037052062,NONE,0.347334868,UP,-0.46,-0.98,-0.98,-0.54,
ENSG00000117262,-0.306182412,DOWN,-0.189011727,NONE,-0.27,0.51,-0.28,-0.78,
ENSG00000188092,-0.369901989,DOWN,-0.214884383,NONE,-0.79,0.09,-0.01,-0.79,
ENSG00000163349,0.213970923,NONE,0.201148844,NONE,0.62,2.89,2.28,0.53,
ENSG00000184270,NA,NA,NA,NA,NA,NA,NA,NA,red
ENSG00000224699,-0.192606087,NONE,-0.469074428,DOWN,NA,NA,NA,NA,
ENSG00000266472,-0.143445433,NONE,-0.008379159,NONE,-0.47,-0.47,-2.45,-0.03,
ENSG00000273136,-4.20E-05,NONE,0.160005828,NONE,NA,NA,NA,NA,
ENSG00000198890,-0.133179068,NONE,-0.210094545,NONE,-0.07,-0.59,-0.46,-0.59,
ENSG00000143106,-0.248275617,NONE,-0.247319035,NONE,-0.68,-0.76,-1.09,-1.35,
ENSG00000117569,-0.13011579,NONE,-0.073103775,NONE,0.9,0.38,2.03,0.58,
ENSG00000215717,0.012408302,NONE,0.019810429,NONE,-0.21,0.24,0.18,-0.33,
ENSG00000065183,0.087481575,NONE,-0.00413652,NONE,-0.09,-0.9,-0.03,-0.58,
ENSG00000143162,0.129444626,NONE,0.138492889,NONE,-0.96,-0.45,0.1,-3.09,
ENSG00000179085,-0.201794329,NONE,0.116103669,NONE,-0.47,-0.3,-0.81,0.32,
ENSG00000160752,0.19951002,NONE,0.063869837,NONE,-0.16,1.49,0.26,-0.51,
ENSG00000143575,0.020902728,NONE,0.098846912,NONE,-1.04,-0.31,-2.05,-1.3,
ENSG00000162755,-0.45823516,DOWN,-0.147232527,NONE,-1.75,-0.72,-3.85,-0.25,
ENSG00000116586,-0.104760559,NONE,0.048291965,NONE,-0.61,-0.83,-1.25,-0.66,
ENSG00000143198,-0.148891917,NONE,-0.140024905,NONE,0.31,0.46,0.05,0.31,
ENSG00000143314,-0.259291029,NONE,-0.044794259,NONE,-1.09,-1.24,-3.28,-0.73,
ENSG00000143436,-0.020630302,NONE,0.049861911,NONE,-0.55,-0.71,-1.42,0.56,
ENSG00000173171,-0.042588525,NONE,-0.048929499,NONE,-0.07,-0.84,-1.2,0.48,
ENSG00000162734,0.197338647,NONE,0.087336322,NONE,1.29,1.38,2.19,0.54,
ENSG00000143224,-0.204780571,NONE,-0.231528383,NONE,-0.69,-0.4,-1.7,-0.12,
ENSG00000159377,-0.12369435,NONE,-0.004052033,NONE,-0.92,-0.92,-1.54,-0.13,
ENSG00000159352,-0.175606008,NONE,-0.048311416,NONE,0.11,-0.35,-0.51,0.36,
ENSG00000163156,-0.161067396,NONE,-0.098314051,NONE,-0.01,-0.46,-0.41,0.29,
ENSG00000143252,-0.12815613,NONE,-0.192366786,NONE,-0.53,-0.65,-0.15,-1.33,
ENSG00000198952,0.067968327,NONE,0.176487625,NONE,1.68,2.03,2.4,0.85,
ENSG00000143553,0.010112418,NONE,0.258312946,NONE,-0.08,0.4,0.56,-0.48,
ENSG00000163479,-0.121715512,NONE,-0.021774077,NONE,-0.24,-1.05,-0.46,-0.02,
ENSG00000143183,0.160947751,NONE,0.101532975,NONE,-1.43,-2.35,-0.29,-2.91,
ENSG00000143549,-0.029348993,NONE,-0.04424684,NONE,-0.16,-0.52,-0.44,-0.48,
ENSG00000215845,0.034877076,NONE,-0.263934755,NONE,-0.3,-0.57,-2.07,-0.36,
ENSG00000158773,-0.012855562,NONE,-0.03041549,NONE,-0.13,-0.78,-1.3,0.62,
ENSG00000163159,-0.001827705,NONE,0.04633747,NONE,0.23,1.28,-0.08,1.23,
ENSG00000162757,-0.001425802,NONE,-0.203797183,NONE,NA,NA,NA,NA,
ENSG00000213047,0.065456579,NONE,-0.017792711,NONE,NA,NA,NA,NA,
ENSG00000234741,-0.265689343,DOWN,-0.150326589,NONE,-0.43,-0.46,-0.14,-0.15,
ENSG00000123684,-0.034456652,NONE,-0.230807944,NONE,-0.09,-0.2,-0.09,-0.16,
ENSG00000077157,0.112954326,NONE,-0.164545243,NONE,-0.2,0.08,0.36,-0.49,
ENSG00000117523,-0.138419452,NONE,-0.064680782,NONE,0.79,0.86,0.26,2.36,
ENSG00000182004,-0.027723609,NONE,0.01992043,NONE,-1.29,-0.49,-1.18,-0.03,
ENSG00000134375,0.055107446,NONE,-0.124433709,NONE,-0.2,-0.37,-0.79,-0.83,
ENSG00000116857,-0.180310937,NONE,-0.057752552,NONE,-0.32,-0.38,-0.55,0.05,
ENSG00000186283,0.056224366,NONE,0.226580814,NONE,0.16,-0.61,0.75,0.46,
ENSG00000117533,-0.130132236,NONE,-0.084062076,NONE,-0.58,-1.1,-1.46,0.03,
ENSG00000143727,-0.110156361,NONE,-0.168086617,NONE,-2.05,-1.35,-1.65,-2,
ENSG00000154309,-0.16163895,NONE,0.232010801,NONE,NA,NA,NA,NA,
ENSG00000092978,-0.014357976,NONE,-0.094234993,NONE,0.16,-0.85,0.15,0.25,
ENSG00000143774,-0.029016533,NONE,-0.120988642,NONE,0.09,-0.18,0.03,0.15,
ENSG00000081692,-0.179260396,NONE,-0.243645327,NONE,-1.04,-3.8,-2.72,-0.94,
ENSG00000162910,-0.262413445,NONE,-0.367374134,DOWN,-0.92,-1.9,-2.71,-0.39,
ENSG00000135778,-0.085502724,NONE,-0.249712493,NONE,-1.55,-0.44,-2.86,-1.74,
ENSG00000067533,-0.036524919,NONE,-0.151106819,NONE,-0.18,-0.18,-0.26,0.21,
ENSG00000151353,0.032037892,NONE,-0.211850516,NONE,0.1,-1.11,-0.61,-0.01,
ENSG00000221843,NA,NA,NA,NA,NA,NA,NA,NA,
ENSG00000143933,-0.026047544,NONE,-0.075757653,NONE,-0.43,-0.05,-0.81,-0.11,
ENSG00000115944,-0.216611731,NONE,-0.291348633,DOWN,-0.39,-0.65,-0.23,-0.51,
ENSG00000119203,-0.218761631,NONE,-0.221897116,NONE,-0.53,-2.51,-1.15,-0.69,
ENSG00000119878,0.215121997,NONE,0.167867512,NONE,0.3,0.36,1.01,0.19,
ENSG00000115137,0.116698332,NONE,-0.137258157,NONE,-0.43,-0.25,-0.57,-0.16,
ENSG00000032389,-0.165096899,NONE,-0.219061905,NONE,NA,NA,NA,NA,
ENSG00000219626,0.068081256,NONE,-0.294916302,DOWN,-0.92,-1.56,-1.22,0.07,
ENSG00000171055,-0.113574422,NONE,-0.061681989,NONE,-0.35,-0.54,-0.23,-0.43,
ENSG00000134330,-0.083596042,NONE,-0.197121867,NONE,-2.1,-0.8,-2.28,-0.75,
ENSG00000138095,-0.009343856,NONE,-0.122312117,NONE,-2.47,-3,-1.21,-0.76,
ENSG00000180398,0.139923565,NONE,0.082961888,NONE,-0.18,0.01,0.34,-0.57,
ENSG00000084676,0.064068753,NONE,0.212249778,NONE,1.41,3.95,3.07,2.58,
ENSG00000115216,0.048480439,NONE,0.004274731,NONE,0.05,0.02,-0.08,0.04,
ENSG00000228474,0.130315939,NONE,0.205067209,NONE,-0.74,-0.03,-0.56,-0.43,
ENSG00000240857,0.195651169,NONE,0.110539855,NONE,-0.02,-0.01,-0.19,-0.3,
ENSG00000171863,-0.144995381,NONE,-0.019394775,NONE,-0.3,0.81,0.21,0.08,
ENSG00000115128,0.024906004,NONE,0.201043367,NONE,NA,NA,NA,NA,
ENSG00000115234,-0.118036132,NONE,0.025809419,NONE,-0.06,-0.4,-0.22,-0.21,
ENSG00000176887,-0.077631954,NONE,-0.401361027,DOWN,NA,NA,NA,NA,
ENSG00000115306,0.12203044,NONE,0.063081849,NONE,0.19,1.8,1.28,-0.19,
ENSG00000115750,0.170523363,NONE,0.06155721,NONE,-0.45,0.09,0.36,-0.51,
ENSG00000163170,-0.175526578,NONE,-0.30858336,DOWN,-1.28,-0.93,-1.62,-0.49,
ENSG00000135624,0.054501462,NONE,0.000225457,NONE,0.2,-0.04,-0.28,0.46,
ENSG00000011523,0.06735059,NONE,-0.135145804,NONE,-1.52,-2.52,-1.16,-1.2,
ENSG00000035141,-0.054063476,NONE,-0.04720625,NONE,-0.2,-1.16,-1.53,-0.08,
ENSG00000059728,0.050805476,NONE,-0.083011352,NONE,-0.53,-0.09,-0.41,-0.72,
ENSG00000169599,-0.280482806,DOWN,-0.19105168,NONE,-0.31,-0.33,-1.26,-0.13,
ENSG00000135617,-0.14232258,NONE,0.103103056,NONE,0.01,-0.41,0.09,0.45,
ENSG00000200488,NA,NA,NA,NA,NA,NA,NA,NA,
ENSG00000168894,-0.051696925,NONE,-0.072255843,NONE,-1.06,-0.48,-1.08,-0.22,
ENSG00000208772,NA,NA,NA,NA,NA,NA,NA,NA,
ENSG00000115525,-0.049740017,NONE,-0.091453504,NONE,-0.34,-0.89,-0.2,-0.38,
ENSG00000163541,-0.167223271,NONE,-0.00624684,NONE,-0.25,-0.73,-1.08,-0.36,
ENSG00000116001,-0.310237024,DOWN,-0.11387005,NONE,-0.14,0.35,0.27,-0.78,
ENSG00000034510,0.12408362,NONE,0.26501836,NONE,-0.38,0.23,-1.25,-0.11,
ENSG00000136002,-0.072906773,NONE,0.059845454,NONE,1.14,0.69,0.52,0.37,
ENSG00000136710,-0.209832278,NONE,-0.273340991,DOWN,-1.19,-2.38,-2.22,-0.6,
ENSG00000135940,-0.131309903,NONE,0.010365162,NONE,-0.25,0.2,-1.14,0.87,
ENSG00000136718,0.049297811,NONE,-0.122520353,NONE,-1.31,-4.81,-4.45,-2.75,
ENSG00000173272,-0.184741311,NONE,-0.282653508,DOWN,-0.1,-0.08,-0.71,0,
ENSG00000152082,-0.14748077,NONE,-0.203777848,NONE,0.06,-0.08,-0.38,0.24,
ENSG00000155438,-0.011334524,NONE,-0.002754064,NONE,NA,NA,NA,NA,
ENSG00000115539,0.064043127,NONE,0.047284161,NONE,0.92,0.07,-0.01,0.21,
ENSG00000115762,0.11869224,NONE,-0.162121125,NONE,-1.45,-1.94,-1.03,-2.54,
ENSG00000125630,-0.013174119,NONE,-0.012319987,NONE,0.45,0.05,0.55,-0.28,
ENSG00000115514,-0.001838927,NONE,-0.154843209,NONE,-0.54,-0.95,-0.28,-1.3,
ENSG00000136709,-0.223304661,NONE,0.015957951,NONE,0.09,0.45,0.25,0.11,
ENSG00000154518,-0.207491635,NONE,-0.212120068,NONE,NA,NA,NA,NA,
ENSG00000082153,0.040729877,NONE,0.057393064,NONE,0.14,0.1,1.23,0.11,
ENSG00000077232,-0.242556385,NONE,-0.019119621,NONE,-2.66,-1.43,-1.71,-3.35,
ENSG00000119013,0.087614159,NONE,0.113416823,NONE,-0.45,-0.02,-0.37,-0.09,
ENSG00000115233,-0.098189595,NONE,-0.058053761,NONE,-1.43,-0.19,-2.05,-0.35,
ENSG00000127837,0.133938555,NONE,-0.010327081,NONE,0.65,-0.08,1.05,0.07,
ENSG00000123983,0.152367071,NONE,0.021687222,NONE,-0.82,-1.48,-0.52,-1.57,
ENSG00000198612,0.020351869,NONE,-0.069201116,NONE,-1.3,-0.47,-0.87,-2.11,
ENSG00000172428,0.05747323,NONE,0.065463854,NONE,NA,NA,NA,NA,
ENSG00000135930,0.00331503,NONE,-0.135868049,NONE,0.01,-0.9,-0.16,-0.17,
ENSG00000144567,0.136765239,NONE,-0.069373404,NONE,NA,NA,NA,NA,
ENSG00000163481,-0.097932893,NONE,-0.055812952,NONE,-0.04,-1.07,-1.02,0.54,
ENSG00000144451,-0.282326596,DOWN,-0.117934193,NONE,-1.41,-0.38,-0.48,-0.19,
ENSG00000115661,0.036173393,NONE,0.025986016,NONE,-0.41,-1.25,-0.7,-0.81,
ENSG00000158552,-0.116056651,NONE,-0.07111512,NONE,0.38,0.18,-0.18,0.63,
ENSG00000197548,0.125876181,NONE,0.00134212,NONE,-0.54,-1.73,-0.86,-0.97,
ENSG00000134107,0.225346104,NONE,0.168439974,NONE,-0.19,0.93,-0.08,-0.96,
ENSG00000187118,-0.255253981,NONE,-0.077720045,NONE,-0.17,0.14,-0.31,-0.59,
ENSG00000113851,0.045280308,NONE,-0.003998231,NONE,-0.95,-0.04,-0.77,-1.83,
ENSG00000125037,0.090798418,NONE,0.022350748,NONE,-1.48,-3.15,-1.88,-2.05,
ENSG00000075914,-0.265051038,DOWN,-0.181522708,NONE,-1.1,-2.52,-2.72,-0.79,
ENSG00000114745,0.006619325,NONE,0.232266093,NONE,0.11,-0.18,1.18,-0.89,
ENSG00000181061,-0.089834063,NONE,0.02435922,NONE,-1.3,-0.28,-0.81,-1.3,
ENSG00000170860,-0.021296031,NONE,-0.112028589,NONE,-1.42,-0.51,-2.69,-0.04,
ENSG00000151093,-0.197034514,NONE,-0.046760344,NONE,-0.41,0.04,-0.93,0.15,
ENSG00000070950,-0.140510389,NONE,-0.21257761,NONE,NA,NA,NA,NA,
ENSG00000174748,-0.132596034,NONE,-0.139560798,NONE,-2.21,-0.91,-0.6,-2.6,
ENSG00000168137,-0.202789355,NONE,-0.060984162,NONE,0.05,0.7,0.04,-1.04,
ENSG00000008324,-0.13186547,NONE,-0.007060644,NONE,-0.38,0.24,-1.21,0.16,
ENSG00000170142,0.140669557,NONE,-0.043225541,NONE,-0.43,0.48,0.02,-0.2,
ENSG00000164062,-0.111660178,NONE,-0.076982914,NONE,-0.24,-1.71,-2.35,-0.99,
ENSG00000160799,-0.148776129,NONE,-0.171370661,NONE,0.06,-0.76,-0.63,1.03,
ENSG00000164051,0.041889633,NONE,0.008732448,NONE,-0.05,-0.23,-0.49,0.29,
ENSG00000163832,-0.064819089,NONE,-0.117258789,NONE,0.2,-0.34,-0.18,0.29,
ENSG00000016864,-0.162752206,NONE,-0.012536461,NONE,-1.48,-1.48,-1.78,-2.66,
ENSG00000163938,0.100267571,NONE,-0.025655218,NONE,-1.08,-1.59,-1.63,-1.47,
ENSG00000163376,0.02146323,NONE,-0.209371046,NONE,NA,NA,NA,NA,
ENSG00000088727,-0.018132988,NONE,-0.263165966,DOWN,-2.51,-1.14,-2.67,-1.19,
ENSG00000178057,-0.244785108,NONE,-0.130934643,NONE,-0.52,-0.58,-2.08,-0.35,
ENSG00000114388,0.044428235,NONE,-0.09419234,NONE,-1.02,-0.19,-2.2,-0.06,
ENSG00000168291,-0.151596859,NONE,-0.075677253,NONE,-0.6,-0.08,-0.87,-0.05,
ENSG00000163636,-0.048479811,NONE,0.022153994,NONE,-0.16,0.63,0.13,-0.4,
ENSG00000162244,-0.042860976,NONE,-0.018556682,NONE,-2.05,-0.94,-0.71,-1.13,
ENSG00000114902,-0.349358537,DOWN,-0.229733892,NONE,-3.15,-2.15,-3.79,-2.45,
ENSG00000164081,-0.083440632,NONE,-0.053699074,NONE,-0.16,-1.29,-0.63,0.85,
ENSG00000129055,-0.046642964,NONE,0.018177969,NONE,-1.13,-0.13,-1.43,0.08,
ENSG00000184220,-0.246049291,NONE,-0.365575698,DOWN,NA,NA,NA,NA,
ENSG00000241278,NA,NA,NA,NA,NA,NA,NA,NA,
ENSG00000073111,0.032788994,NONE,-0.234094591,NONE,NA,NA,NA,NA,
ENSG00000114686,0.040258519,NONE,0.038451733,NONE,-1.35,-1.49,-1.32,-1.81,
ENSG00000114021,-0.030955215,NONE,-0.227081549,NONE,-0.86,-0.76,-1.38,-1.03,
ENSG00000170854,0.136742148,NONE,0.15135144,NONE,NA,NA,NA,NA,
ENSG00000251474,0.08976676,NONE,-0.164335992,NONE,-0.07,-1.78,0.15,-0.49,
ENSG00000121542,-0.213463763,NONE,-0.175383344,NONE,NA,NA,NA,NA,
ENSG00000154174,0.025895219,NONE,-0.216194032,NONE,NA,NA,NA,NA,
ENSG00000174173,0.08132692,NONE,0.078197798,NONE,0.01,-1.24,-0.41,0.49,
ENSG00000081307,0.063289187,NONE,-0.131914279,NONE,-0.63,-0.96,-0.26,-2.88,
ENSG00000175054,-0.261997215,NONE,-0.176376848,NONE,-2.04,-0.7,-3.17,-0.64,
ENSG00000205981,-0.18826689,NONE,-0.201887608,NONE,-4.1,-1.55,-3.77,-1.72,
ENSG00000068885,-0.262613712,NONE,-0.208224848,NONE,0.08,0.03,0.27,-0.28,
ENSG00000175110,0.234667524,NONE,0.013729327,NONE,-0.94,-0.61,-1.52,-1.91,
ENSG00000136521,-0.322048382,DOWN,-0.238424082,NONE,-2.12,-2.7,-3.88,-2.09,
ENSG00000155893,0.135970489,NONE,0.110918186,NONE,NA,NA,NA,NA,
ENSG00000177565,-0.139447917,NONE,-0.124480508,NONE,0.31,-0.87,0.01,-0.48,
ENSG00000058056,-0.104857165,NONE,-0.300965404,DOWN,NA,NA,NA,NA,
ENSG00000156931,-0.127210049,NONE,-0.057295498,NONE,-2.84,-1.29,-3.15,-3.43,
ENSG00000169020,-0.054075755,NONE,-0.090054301,NONE,NA,NA,NA,NA,
ENSG00000156976,0.001202352,NONE,-0.131388089,NONE,-0.75,-0.61,-0.6,-0.6,
ENSG00000125386,-0.055769314,NONE,-0.050544562,NONE,1.15,1.88,0.46,1.18,
ENSG00000109519,0.101149033,NONE,-0.106071509,NONE,0.01,-0.23,-0.26,0.01,
ENSG00000214367,0.042526616,NONE,-0.060099453,NONE,0.3,0.54,2.1,0.24,
ENSG00000114473,-0.000239741,NONE,0.022704732,NONE,0.32,0.15,0.42,-0.1,
ENSG00000179010,0.18146712,NONE,0.020656129,NONE,-0.53,-0.19,0.02,-1.38,
ENSG00000270170,0.190246695,NONE,-0.058998385,NONE,NA,NA,NA,NA,
ENSG00000198836,-0.084830534,NONE,-0.216251945,NONE,-1.71,-1.73,-4.6,-0.64,
ENSG00000163923,0.037246883,NONE,0.180355536,NONE,-1.14,-1.04,-1.26,-2.56,
ENSG00000119231,0.024475797,NONE,-0.12718634,NONE,0.38,0.05,0.27,0.33,
ENSG00000065882,-0.044901954,NONE,0.309227125,UP,1.35,3.67,0.73,1.49,
ENSG00000132466,0.034326362,NONE,0.0554615,NONE,0.54,0.82,0.28,2.24,
ENSG00000138663,0.186043921,NONE,-0.012119515,NONE,-0.98,-0.92,-0.44,-2.43,
ENSG00000109184,-0.054785519,NONE,-0.08961557,NONE,-1.08,-0.4,-1.06,-2.05,
ENSG00000145293,-0.038406271,NONE,-0.111765182,NONE,-1.15,-0.28,-0.78,-1.56,
ENSG00000189157,-0.547138591,DOWN,-0.51883905,DOWN,-1.51,-0.48,-1.43,-0.33,
ENSG00000163288,0.524877689,UP,0.477413847,UP,0.87,-1.04,-0.02,0.01,
ENSG00000132463,0.041322762,NONE,-0.040363381,NONE,-0.24,-0.41,0.13,-1.23,
ENSG00000151806,-0.015101865,NONE,-0.074042046,NONE,-0.18,-1.83,-1.43,-0.34,
ENSG00000145332,0.215799257,NONE,0.02178928,NONE,0.35,0.14,-0.27,0.66,
ENSG00000169288,-0.113694129,NONE,-0.117451328,NONE,0.02,-0.23,-1.4,0.95,
ENSG00000170448,0.137003804,NONE,-0.002166539,NONE,-0.47,0,0.1,0.44,
ENSG00000047315,0.411213604,UP,0.108912236,NONE,-0.06,0.1,-0.09,-0.36,
ENSG00000163743,0.089282438,NONE,-0.075843704,NONE,-0.09,0.16,0.02,-0.38,
ENSG00000163682,-0.145331453,NONE,-0.1218482,NONE,-0.01,-0.55,0.26,0.2,
ENSG00000014824,-0.102744866,NONE,-0.204865507,NONE,-0.94,-1.06,-0.65,-1.42,
ENSG00000163625,0.060695756,NONE,0.113584816,NONE,0.22,0.73,1.11,-0.41,
ENSG00000164163,-0.136574252,NONE,-0.033280621,NONE,-1.47,-1.1,-0.59,-2.52,
ENSG00000151458,0.16510506,NONE,-0.058972507,NONE,NA,NA,NA,NA,
ENSG00000188517,0.231357812,NONE,-1.01826558,DOWN,NA,NA,NA,NA,
ENSG00000170390,-0.074464202,NONE,0.339385612,UP,0.5,0.92,0.89,0.82,
ENSG00000077684,0.000577717,NONE,-0.082642617,NONE,NA,NA,NA,NA,
ENSG00000138688,0.360481618,UP,0.214092091,NONE,-0.11,0.47,1.05,-0.72,
ENSG00000138709,-0.162256049,NONE,-0.187146798,NONE,-0.37,-0.96,-0.65,0.4,
ENSG00000109390,-0.18398947,NONE,-0.078324585,NONE,-0.19,0.81,-0.11,0.45,
ENSG00000138698,0.046345926,NONE,-0.247347089,NONE,-0.43,-0.33,-0.35,-1.22,
ENSG00000153130,0.024783831,NONE,-0.227056309,NONE,-1.62,-1.79,-1.69,-1.96,
ENSG00000138802,0.184469233,NONE,0.183737414,NONE,0.21,0.87,0.98,-0.55,
ENSG00000269893,-0.128970225,NONE,-0.145153312,NONE,NA,NA,NA,NA,
ENSG00000028310,-0.27171483,DOWN,-0.384361737,DOWN,-2.23,-4.82,-1.92,-0.64,
ENSG00000169862,0.018278739,NONE,0.108535464,NONE,1.16,2.08,2.47,0.15,
ENSG00000180104,-0.11822639,NONE,-0.238455778,NONE,0.1,0.08,0.24,-0.27,
ENSG00000171421,0.180292526,NONE,0.08960068,NONE,-0.2,0.65,-1.29,0.4,
ENSG00000145494,-0.07693563,NONE,-0.02368673,NONE,-0.38,-0.84,-2.75,-0.11,
ENSG00000113569,-0.035793281,NONE,-0.125567583,NONE,-0.44,-0.92,-0.28,-1.36,
ENSG00000249915,-0.108171635,NONE,-0.221772496,NONE,-2.41,-2.82,-3.04,-2.82,
ENSG00000154153,0.152792664,NONE,-0.126669733,NONE,NA,NA,NA,NA,
ENSG00000129128,-0.080323526,NONE,-0.143929706,NONE,-0.97,-1.16,-0.89,-1.04,
ENSG00000113387,0.091555765,NONE,-0.289914224,DOWN,-1.64,-1.57,-1.81,-1.68,
ENSG00000164252,0.049922437,NONE,0.05769572,NONE,0.04,-0.29,-0.34,0.37,
ENSG00000049167,-0.145542028,NONE,-0.11537833,NONE,-0.42,1.56,0.02,0.01,
ENSG00000112972,0.095635101,NONE,-0.063554783,NONE,-0.98,-0.43,-0.46,-2.95,
ENSG00000086200,0.176991498,NONE,0.168130568,NONE,-0.39,-0.08,-0.01,0.04,
ENSG00000164258,0.003238723,NONE,0.057513476,NONE,-0.88,-0.41,-0.52,-1.72,
ENSG00000067113,0.318233332,UP,0.487137931,UP,NA,NA,NA,NA,
ENSG00000049883,-0.051105217,NONE,-0.126731313,NONE,-0.51,-1.11,-0.34,-1.47,
ENSG00000058729,-0.04954328,NONE,-0.007436033,NONE,0.3,0,0,-0.14,
ENSG00000145740,-0.086528753,NONE,0.021143466,NONE,-0.17,-0.16,-0.28,0.57,
ENSG00000177058,-0.189113502,NONE,-0.156743675,NONE,-0.26,-1.85,-0.41,-0.26,
ENSG00000171530,-0.196596716,NONE,-0.105399232,NONE,-1.26,-0.83,-2.76,-1.04,
ENSG00000164180,0.073005131,NONE,-0.06973804,NONE,-1.39,-2.53,-1.2,-1.54,
ENSG00000131732,-0.236438749,NONE,-0.016097555,NONE,-2.02,-0.49,-1.78,0.09,
ENSG00000172262,0.115212822,NONE,-0.084485514,NONE,-0.01,-0.18,0.02,0.22,
ENSG00000164398,-0.095255881,NONE,-0.115547528,NONE,-1.28,-0.76,-0.67,-1.11,
ENSG00000094880,-0.056691838,NONE,0.052796169,NONE,-2.42,-1.38,-2.87,-1.48,
ENSG00000113552,-0.038355898,NONE,0.011442306,NONE,0.05,-0.83,-0.39,-0.18,
ENSG00000113648,-0.105829777,NONE,-0.11722529,NONE,-1.09,-0.73,-0.53,-1.05,
ENSG00000112855,-0.243302717,NONE,-0.073401156,NONE,-0.89,-3.45,-1.3,-3.33,
ENSG00000169567,0.049726764,NONE,-0.046195311,NONE,-0.92,-0.1,-1.44,-0.62,
ENSG00000120733,-0.003414177,NONE,0.08277693,NONE,0.45,0.83,1.55,0.55,
ENSG00000131495,-0.071931373,NONE,-0.156710469,NONE,-0.8,-0.39,-2.19,-0.02,
ENSG00000145725,-0.14590758,NONE,-0.141664542,NONE,-2.12,-0.88,-1.33,-0.84,
ENSG00000158987,-0.43199723,DOWN,-0.210409728,NONE,-0.24,0.25,-0.28,-0.32,
ENSG00000013561,-0.005140313,NONE,-0.220036212,NONE,-0.22,-0.53,-0.21,-0.21,
ENSG00000113615,0.062977444,NONE,0.133539173,NONE,NA,NA,NA,NA,
ENSG00000113558,-0.162071052,NONE,-0.211799796,NONE,-0.78,-0.69,-0.1,-3.08,
ENSG00000205302,0.453451195,UP,0.246096662,NONE,0.03,0.52,1.1,-0.41,
ENSG00000151304,0.184925613,NONE,0.056618875,NONE,NA,NA,NA,NA,
ENSG00000113621,-0.048937792,NONE,-0.056924445,NONE,-0.98,-2.47,-1.57,-1.44,
ENSG00000164405,-0.07120004,NONE,-0.037598625,NONE,0.46,0.72,-0.56,0.43,
ENSG00000134987,0.01853358,NONE,-0.006491845,NONE,NA,NA,NA,NA,
ENSG00000120314,0.061770309,NONE,-0.034578616,NONE,1.16,2.04,2.54,0.72,
ENSG00000155329,0.050055768,NONE,0.012896931,NONE,-0.12,-1.06,-0.29,0.25,
ENSG00000146007,0.13044245,NONE,0.012961232,NONE,0.6,-0.78,0.19,-0.14,
ENSG00000137274,-0.17605969,NONE,-0.185279545,NONE,-0.29,-0.66,-0.97,0.34,
ENSG00000124802,-0.131540802,NONE,-0.185960949,NONE,-1.15,-0.64,-1.31,-0.11,
ENSG00000146067,-0.052862879,NONE,-0.120127244,NONE,0.19,0.78,-0.45,1.31,
ENSG00000145912,0.074418274,NONE,-0.027389331,NONE,-1.78,-2.26,-2.28,-1.66,
ENSG00000181163,-0.009985656,NONE,-0.069489719,NONE,-1.72,-0.58,0.17,-0.8,
ENSG00000204628,-0.127825873,NONE,0.004043169,NONE,NA,NA,NA,NA,
ENSG00000037241,0.116526307,NONE,0.091194963,NONE,-0.91,-0.07,-2.51,-0.14,
ENSG00000164587,-0.168031487,NONE,-0.077807359,NONE,-0.32,-0.14,-0.85,0.27,
ENSG00000137266,0.17602086,NONE,0.187229501,NONE,2.17,1.88,2.81,0.55,
ENSG00000164296,-0.121889238,NONE,0.071695074,NONE,-0.19,0.2,-0.53,0.17,
ENSG00000146109,-0.181866012,NONE,0.000784938,NONE,0.36,-0.41,-0.12,1.08,
ENSG00000112149,0.128573907,NONE,-0.224858525,NONE,-0.29,-0.23,-2.34,-0.09,
ENSG00000124610,NA,NA,NA,NA,NA,NA,NA,NA,
ENSG00000277075,NA,NA,NA,NA,NA,NA,NA,NA,red
ENSG00000273802,0.998440458,UP,-0.130563027,NONE,NA,NA,NA,NA,red
ENSG00000197903,0.761087263,UP,0.71310366,UP,0.2,1.03,0.4,0.65,red
ENSG00000185130,NA,NA,NA,NA,NA,NA,NA,NA,red
ENSG00000275714,NA,NA,NA,NA,NA,NA,NA,NA,
ENSG00000278828,NA,NA,NA,NA,NA,NA,NA,NA,
ENSG00000197061,NA,NA,NA,NA,0.5,-0.27,-0.09,2.08,
ENSG00000277157,NA,NA,NA,NA,NA,NA,NA,NA,
ENSG00000274618,NA,NA,NA,NA,NA,NA,NA,NA,
ENSG00000276180,NA,NA,NA,NA,NA,NA,NA,NA,
ENSG00000225921,0.068403266,NONE,0.127577042,NONE,-0.08,0.22,0.19,-0.04,
ENSG00000124789,0.157419432,NONE,0.06026563,NONE,-0.74,0.37,-0.08,-0.78,
ENSG00000197062,-0.226430992,NONE,-0.036151271,NONE,NA,NA,NA,NA,
ENSG00000064999,-0.019916289,NONE,0.21318322,NONE,-0.06,0.92,0.74,-0.45,
ENSG00000112578,0.116228773,NONE,0.053434443,NONE,-0.9,-1.23,-1.7,-0.57,
ENSG00000198937,-0.077763469,NONE,0.256011391,NONE,0.19,0.06,0.35,0.82,
ENSG00000096401,0.191194798,NONE,0.00758347,NONE,-0.19,-1.13,-0.89,-0.05,
ENSG00000112667,-0.404179165,DOWN,0.009120592,NONE,NA,NA,NA,NA,
ENSG00000124767,0.033208679,NONE,0.074998928,NONE,-1.72,-0.4,-0.87,-1.7,
ENSG00000146151,-0.077745942,NONE,-0.173617675,NONE,-0.89,-0.46,-2.05,-0.79,
ENSG00000137171,0.086478115,NONE,-0.11195692,NONE,0.41,1.95,0.1,1.77,
ENSG00000124688,0.149572205,NONE,-0.046894545,NONE,-0.05,-0.36,-0.17,-0.81,
ENSG00000124733,0.167430194,NONE,0.059146956,NONE,-1.16,-0.21,-2.71,-0.43,
ENSG00000112651,-0.249330666,NONE,-0.181786839,NONE,-1.57,-1.89,-4.28,-1.63,
ENSG00000096080,-0.087071324,NONE,0.039130729,NONE,-1.39,-1.64,-2.9,-1.9,
ENSG00000171453,0.02912557,NONE,0.052885957,NONE,0.01,-0.24,-0.43,0.25,
ENSG00000112130,0.155340728,NONE,-0.098100221,NONE,0.77,0.13,-0.07,1.06,
ENSG00000198755,-0.070219436,NONE,-0.008962313,NONE,-0.86,-0.23,0.05,-0.86,
ENSG00000124541,-0.014633117,NONE,0.029119677,NONE,0.27,-0.07,-0.46,-0.03,
ENSG00000124562,-0.046942733,NONE,0.057589232,NONE,-0.19,-1.32,-0.47,-0.02,
ENSG00000124659,-0.013159011,NONE,-0.179191735,NONE,-0.05,-0.3,-0.99,0.03,
ENSG00000096092,0.106395052,NONE,0.039246076,NONE,-0.92,-0.53,-1.59,-1.25,
ENSG00000137207,0.033059455,NONE,0.066395408,NONE,-0.05,0.15,-0.05,-0.29,
ENSG00000057663,0.156405107,NONE,-0.002752811,NONE,-0.17,0.04,-0.82,-0.12,
ENSG00000112695,-0.099603874,NONE,-0.070204288,NONE,-0.77,0.04,-0.33,0.1,
ENSG00000083099,0.028617217,NONE,-0.023288912,NONE,0.25,-0.19,-0.13,0.21,
ENSG00000135549,0.0456566,NONE,-0.413714059,DOWN,-1.06,-0.34,-2.06,-0.36,
ENSG00000132424,0.088883349,NONE,0.163069101,NONE,0.39,1.25,0.81,0.65,
ENSG00000111850,-0.146409833,NONE,-0.16738004,NONE,NA,NA,NA,NA,
ENSG00000203875,-0.002637765,NONE,-0.111832806,NONE,-0.17,0.51,0.34,-0.12,
ENSG00000135317,-0.166123444,NONE,-0.060366048,NONE,-0.81,-0.14,-0.64,0.09,
ENSG00000079950,0.001455448,NONE,-0.082495412,NONE,-0.44,0.06,0.08,-0.54,
ENSG00000146386,0.114828131,NONE,-0.098172484,NONE,-1.76,-0.69,-2.81,-0.3,
ENSG00000120437,-0.017321488,NONE,-0.013265742,NONE,-0.18,0.72,-0.1,-0.52,
ENSG00000106263,-0.001704267,NONE,0.029222053,NONE,1.11,-0.06,1.53,1.99,
ENSG00000272047,-0.270950482,DOWN,-0.362608983,DOWN,-0.46,-1.96,-1.05,-0.19,
ENSG00000214960,-0.393221745,DOWN,-0.291140658,DOWN,NA,NA,NA,NA,
ENSG00000002822,-0.145894841,NONE,-0.247298721,NONE,-0.37,-0.53,-0.99,0.79,
ENSG00000189043,-0.176972937,NONE,-0.105781419,NONE,-0.4,0.76,-0.99,0.02,
ENSG00000106268,0.031944464,NONE,0.010640155,NONE,-0.11,0.04,0.26,-0.02,
ENSG00000106443,0.128193551,NONE,-0.126884613,NONE,0.32,-0.21,-0.04,0.56,
ENSG00000131013,0.177616102,NONE,0.094968537,NONE,-0.05,-0.21,-0.24,0,
ENSG00000157778,-0.034405305,NONE,-0.221889457,NONE,-0.09,-0.95,-2.01,-0.05,
ENSG00000106399,-0.059021674,NONE,-0.230880615,NONE,-2.03,-0.37,-3.51,-1.25,
ENSG00000169976,0.11719853,NONE,0.15904338,NONE,-0.55,-1.21,-0.71,-0.11,
ENSG00000164828,0.073373346,NONE,-0.011054484,NONE,-0.72,-0.16,0.03,-1.87,
ENSG00000131018,0.357543417,UP,0.063548815,NONE,-0.71,-0.45,-0.75,-0.29,
ENSG00000105849,-0.018452071,NONE,0.018463621,NONE,0.25,-1.47,-0.05,0.64,
ENSG00000009844,0.135685392,NONE,-0.096826937,NONE,-1.61,-1.6,-2,-1.39,
ENSG00000136247,0.086990602,NONE,0.085104617,NONE,-0.27,-0.38,-0.21,-0.23,
ENSG00000178381,0.059207885,NONE,-0.124620266,NONE,-0.65,-0.6,-1.68,-0.33,
ENSG00000164631,0.319835241,UP,0.038692362,NONE,0.12,-0.2,0.32,-0.26,
ENSG00000105778,-0.118785575,NONE,-0.157772922,NONE,-1.73,-0.67,-2.54,-0.95,
ENSG00000169193,0.344854337,UP,0.17993223,NONE,-0.11,0.63,-0.19,-0.2,
ENSG00000146731,0.094628624,NONE,-0.061465433,NONE,-1.44,-0.83,-0.91,-1.93,
ENSG00000065883,-0.201608709,NONE,-0.035966277,NONE,0.5,2.14,0.44,0.61,
ENSG00000106153,-0.007925291,NONE,0.011668645,NONE,-1.63,-1.58,-0.82,-2.27,
ENSG00000106603,-0.164481048,NONE,-0.223619058,NONE,-3.4,-0.9,-4.05,-2.11,
ENSG00000227855,-0.020401592,NONE,-0.187627102,NONE,NA,NA,NA,NA,
ENSG00000122557,-0.075503644,NONE,0.113659047,NONE,-1.14,-0.73,-0.17,-0.96,
ENSG00000122566,0.014180991,NONE,0.119692723,NONE,0.95,1.72,2.24,0.18,
ENSG00000136273,0.246080316,NONE,0.024383234,NONE,0.08,0.28,0.8,-0.03,
ENSG00000106591,-0.284079608,DOWN,-0.173740524,NONE,-1.23,-0.24,-2.5,-0.86,
ENSG00000146729,-0.01897923,NONE,0.018236977,NONE,NA,NA,NA,NA,
ENSG00000196262,0.018077464,NONE,-0.01994755,NONE,0.01,1.07,-0.24,0.36,
ENSG00000106588,-0.155311973,NONE,-0.042788362,NONE,-0.65,0.27,-0.33,-0.38,
ENSG00000232956,-0.07070166,NONE,-0.206978173,NONE,-2.1,-2.68,-1.66,-0.64,
ENSG00000136270,0.068109731,NONE,-0.092873678,NONE,0.4,-0.72,-0.14,0.06,
ENSG00000164548,-0.202573804,NONE,-0.071600602,NONE,0.59,0.32,0.81,-0.52,
ENSG00000221838,-0.076274292,NONE,-0.067626721,NONE,-0.06,-0.3,-1.06,-0.04,
ENSG00000241468,-0.026875551,NONE,-0.091271886,NONE,NA,NA,NA,NA,
ENSG00000071462,0.017997133,NONE,-0.178343924,NONE,NA,NA,NA,NA,
ENSG00000106245,0.131141192,NONE,-0.041145985,NONE,0.02,-0.35,-0.16,0.05,
ENSG00000274070,0.34734795,UP,0.230943698,NONE,NA,NA,NA,NA,
ENSG00000106665,0.079187397,NONE,0.192172707,NONE,3.76,6.79,4.12,2.37,
ENSG00000006704,0.051841079,NONE,-0.059948743,NONE,0.83,0.01,0.08,2.33,
ENSG00000105793,-0.079402922,NONE,-0.245449198,NONE,-1.48,-1.46,-1.48,-2.19,
ENSG00000128581,0.019313349,NONE,-0.023196399,NONE,NA,NA,NA,NA,
ENSG00000005483,-0.059872893,NONE,-0.141088781,NONE,NA,NA,NA,NA,
ENSG00000001631,-0.005209426,NONE,0.033258751,NONE,-0.7,-0.31,-0.06,-0.62,
ENSG00000188186,-0.242634764,NONE,-0.074523701,NONE,NA,NA,NA,NA,
ENSG00000161036,0.386376658,UP,-0.105638193,NONE,0.35,0.24,-0.3,0.4,
ENSG00000187391,-0.183552046,NONE,-0.001397838,NONE,0.04,-0.34,0.06,-0.8,
ENSG00000130305,-0.02927112,NONE,-0.120260426,NONE,-1.44,-0.69,-1.32,-1.08,
ENSG00000106244,-0.011280602,NONE,-0.093094077,NONE,-0.14,0.1,-0.08,-0.59,
ENSG00000005075,0.064003671,NONE,0.14454615,NONE,-0.17,-0.55,-0.29,0.09,
ENSG00000172336,0.02946644,NONE,-0.037679825,NONE,-0.27,-0.84,-1.64,0.15,
ENSG00000160813,-0.238829505,NONE,-0.050153906,NONE,-0.96,-1.4,-2.3,-0.15,
ENSG00000161057,-0.029435673,NONE,0.06217485,NONE,-0.25,0.53,-0.08,-0.53,
ENSG00000274523,0.020836439,NONE,0.10101944,NONE,NA,NA,NA,NA,
ENSG00000049541,-0.027491001,NONE,-0.14967979,NONE,-1.85,-1.73,-2.68,-1.21,
ENSG00000196636,0.090519234,NONE,0.005511142,NONE,NA,NA,NA,NA,
ENSG00000127990,0.029529396,NONE,0.275448508,UP,0.28,1.78,1.89,0.17,
ENSG00000006128,0.543270212,UP,-1.105833591,DOWN,-1.33,-2.48,-1.81,-1.08,
ENSG00000106638,-0.076556383,NONE,-0.077358614,NONE,-0.12,-0.64,0.08,-0.46,
ENSG00000196367,0.058278858,NONE,0.061924278,NONE,0.24,1.47,0.48,-0.04,red
ENSG00000004766,0.092555429,NONE,-0.066009014,NONE,NA,NA,NA,NA,
ENSG00000106400,-0.179343248,NONE,-0.103854859,NONE,-0.63,-0.82,-0.21,0.19,
ENSG00000004059,-0.172151212,NONE,-0.168841604,NONE,-1.48,-2.79,-3.26,-0.45,
ENSG00000128524,-0.134398904,NONE,0.089244951,NONE,-0.03,0.23,-0.99,0.67,
ENSG00000198898,0.22799638,NONE,0.177565214,NONE,0.21,0.65,1.34,-0.04,
ENSG00000106477,-0.28634247,DOWN,-0.298058669,DOWN,-1.05,-2.72,-2.52,-2.02,
ENSG00000281490,0.11898528,NONE,-0.077842814,NONE,NA,NA,NA,NA,
ENSG00000225572,NA,NA,NA,NA,NA,NA,NA,NA,
ENSG00000205085,-0.066426709,NONE,-0.092333863,NONE,-0.21,-1.2,0.22,0.25,
ENSG00000133606,0.016039882,NONE,-0.072860432,NONE,-0.31,-0.07,-0.74,-0.12,
ENSG00000090263,-0.04573938,NONE,-0.223799489,NONE,-0.4,-0.46,-1.28,0.16,
ENSG00000128609,-0.225729661,NONE,-0.26815406,DOWN,-3.47,-1.62,-3.06,-2.21,
ENSG00000090266,-0.070755489,NONE,-0.065348324,NONE,-0.26,0.29,-0.32,-0.4,
ENSG00000106459,-0.078265035,NONE,-0.057341679,NONE,-0.1,0.57,-0.59,-0.6,
ENSG00000157800,-0.166678571,NONE,-0.072289253,NONE,-0.53,0.54,-0.45,0.05,
ENSG00000262771,NA,NA,NA,NA,-0.75,0.05,-0.93,-0.03,
ENSG00000196511,-0.479301724,DOWN,-0.250445231,NONE,NA,NA,NA,NA,
ENSG00000104763,-0.009050987,NONE,0.14526843,NONE,-1.57,-0.75,-0.81,-2.72,
ENSG00000147439,0.100466124,NONE,0.050853253,NONE,-0.29,-0.94,-0.59,-0.26,
ENSG00000198791,-0.084542503,NONE,-0.048876141,NONE,-0.24,-0.52,-0.09,-0.64,
ENSG00000104671,-0.099249755,NONE,-0.075927,NONE,-0.65,-0.1,-0.17,-0.83,
ENSG00000134014,-0.091094928,NONE,-0.03587169,NONE,-0.24,-1.37,-0.78,-0.33,
ENSG00000178234,-0.035851446,NONE,-0.249996405,NONE,-2.69,-3.49,-3.03,-2.18,
ENSG00000147421,-0.134542544,NONE,0.28413578,UP,3.57,4.39,2.84,4.27,
ENSG00000003987,0.125836116,NONE,-0.399921106,DOWN,-0.95,-0.62,-1.12,-1.15,
ENSG00000184863,0.044165432,NONE,-0.047485333,NONE,0.01,1.3,-0.1,0.11,
ENSG00000009335,0.019136092,NONE,-0.042515248,NONE,0.01,-0.05,-0.22,-0.58,
ENSG00000104691,-0.037625775,NONE,-0.098544237,NONE,-0.43,-1.09,-1.59,-0.56,
ENSG00000133624,-0.069230017,NONE,-0.056455375,NONE,NA,NA,NA,NA,
ENSG00000070718,0.028441854,NONE,-0.290584658,DOWN,-0.7,-2.65,-1.6,-0.96,
ENSG00000104221,0.236192233,NONE,-0.005352216,NONE,-0.13,-1.77,-0.59,-0.51,
ENSG00000170791,0.031935085,NONE,-0.416637685,DOWN,-2.29,-3.55,-1.54,-2.93,
ENSG00000121022,-0.077183025,NONE,-0.085356806,NONE,-0.34,-0.51,-0.36,-1.05,
ENSG00000154582,-0.04379748,NONE,-0.175312591,NONE,NA,NA,NA,NA,
ENSG00000137563,0.131099748,NONE,0.098126589,NONE,-3.25,-0.64,-2.79,-0.85,
ENSG00000198042,-0.181955461,NONE,-0.23911116,NONE,-1.03,-2.47,-0.91,-1.14,
ENSG00000104320,0.123336436,NONE,0.172778825,NONE,-0.3,0.14,-0.02,0.35,
ENSG00000140396,0.031943204,NONE,0.023087433,NONE,-0.25,0.2,-0.19,-0.53,
ENSG00000181690,-0.037854879,NONE,-0.369205954,DOWN,NA,NA,NA,NA,
ENSG00000070501,0.027827856,NONE,-0.222023253,NONE,-0.95,-0.21,-2.18,-0.27,
ENSG00000147604,0.233154492,NONE,0.076471987,NONE,0.25,0.73,1.94,0.36,
ENSG00000176209,-0.250450404,NONE,-0.112293869,NONE,NA,NA,NA,NA,
ENSG00000164808,0.212425847,NONE,-0.158362547,NONE,NA,NA,NA,NA,
ENSG00000169490,0.128320564,NONE,-0.113552707,NONE,-1.14,-2.5,-0.76,-2.03,
ENSG00000167904,-0.111003934,NONE,-0.122229378,NONE,-0.64,-1.47,-0.62,-0.5,
ENSG00000175073,0.153238383,NONE,-0.050348929,NONE,-0.57,-0.51,-0.46,-0.05,
ENSG00000104231,-0.138480288,NONE,-0.123720208,NONE,-1.37,-0.53,-1.33,-2.95,
ENSG00000186106,0.016118444,NONE,-0.151700353,NONE,-0.84,-0.79,-1.64,-0.29,
ENSG00000155096,0.030460925,NONE,-0.074975719,NONE,-0.32,-0.37,0.07,-1.44,
ENSG00000164919,-0.273640122,DOWN,-0.154152705,NONE,0.02,-0.49,-0.44,0.67,
ENSG00000179091,0.057719302,NONE,0.071988476,NONE,-0.68,-0.29,-1.1,-0.88,
ENSG00000164934,0.011083717,NONE,0.06850461,NONE,-0.39,-0.1,0.07,-1,
ENSG00000136986,-0.023735668,NONE,0.030521487,NONE,-0.12,0.42,0.33,-0.35,
ENSG00000104408,-0.000997282,NONE,0.015131451,NONE,0.03,-0.13,-0.04,0.57,
ENSG00000178896,0.009392288,NONE,-0.036125463,NONE,-0.19,-1.46,-1.04,-0.14,
ENSG00000172172,-0.032048808,NONE,0.048894159,NONE,-1.08,-0.64,-0.66,-1.69,
ENSG00000156170,-0.113350824,NONE,-0.158519448,NONE,0,-0.97,-0.16,0.09,
ENSG00000147684,-0.209619023,NONE,-0.024704951,NONE,0.69,2.08,0.53,1.08,
ENSG00000129292,-0.065711854,NONE,-0.081247218,NONE,-0.31,-0.29,-0.61,0.6,
ENSG00000147669,-0.019168343,NONE,-0.043462846,NONE,-2.24,-0.36,-2.79,-0.25,
ENSG00000161016,-0.023923771,NONE,-0.022414918,NONE,-0.37,0.12,-1.29,0.28,
ENSG00000080503,0.136449403,NONE,-0.137280046,NONE,-0.98,-0.92,-1.74,-0.51,
ENSG00000180543,0.171747553,NONE,-0.241508584,NONE,-0.94,-1.6,-1.76,-0.26,
ENSG00000278243,NA,NA,NA,NA,-0.67,-1.7,-1.81,-0.31,
ENSG00000156467,-0.133420257,NONE,-0.192603182,NONE,-0.03,0.01,-0.76,-0.22,
ENSG00000147852,0.040057662,NONE,-0.252860351,NONE,0.03,-0.35,0.11,-1.04,
ENSG00000156795,-0.085209707,NONE,-0.13631249,NONE,-0.15,-1.39,-0.35,-0.15,
ENSG00000170631,-0.08386031,NONE,0.014218546,NONE,-0.58,0.22,-1.44,-0.01,
ENSG00000137124,0.148554022,NONE,-0.001293531,NONE,-0.53,-0.86,-0.44,-0.69,
ENSG00000137074,-0.144044732,NONE,-0.082097244,NONE,-1.48,-1.26,-1.12,-1.84,
ENSG00000086065,0.216158927,NONE,0.061127099,NONE,-1.07,-0.05,-0.76,-1.37,
ENSG00000137100,0.064573436,NONE,-0.098415257,NONE,-0.98,-0.01,-0.97,-1.84,
ENSG00000137133,-0.277229288,DOWN,-0.201777737,NONE,-0.18,-0.14,-0.41,0.19,
ENSG00000165264,-0.028816592,NONE,0.007711216,NONE,-0.59,0.09,-0.82,-0.49,
ENSG00000164967,-0.11037909,NONE,0.17767313,NONE,0.38,-0.38,-0.41,0.9,
ENSG00000165283,0.116929444,NONE,0.063109542,NONE,-0.01,-0.44,-0.37,0.24,
ENSG00000165275,0.048491163,NONE,-0.046703074,NONE,0.65,-0.53,0.88,0.01,
ENSG00000198680,-0.011752669,NONE,0.019520094,NONE,-0.02,-0.04,-0.77,0.15,
ENSG00000156345,0.020743398,NONE,-0.204302747,NONE,-1.09,-2.11,-2.77,-1.57,
ENSG00000048828,-0.019296359,NONE,0.075171431,NONE,-0.27,-0.09,0.17,-1.7,
ENSG00000196305,0.046117623,NONE,-0.069947563,NONE,-2.39,-1.69,-1.62,-3.57,
ENSG00000197724,-0.011853176,NONE,0.046099555,NONE,1.45,4.8,1.73,2.39,
ENSG00000106803,-0.119092394,NONE,0.099184674,NONE,-0.92,-0.18,-1.57,-0.82,
ENSG00000136810,-0.074653367,NONE,0.04715149,NONE,-0.75,-1.12,-2.41,-0.33,
ENSG00000196597,-0.13714908,NONE,-0.208193859,NONE,NA,NA,NA,NA,
ENSG00000136950,-0.018699181,NONE,-0.259680797,NONE,-0.74,-1.05,-1.55,0,
ENSG00000203993,-0.026986315,NONE,-0.053021669,NONE,NA,NA,NA,NA,
ENSG00000136888,-0.083333915,NONE,0.041810175,NONE,-2.17,-1.46,-1.94,-1.02,
ENSG00000160345,-0.13887427,NONE,-0.009397459,NONE,-0.04,-0.13,-1.6,0.99,
ENSG00000136819,0.05932092,NONE,-0.032808775,NONE,1.11,0.72,1.13,3.1,
ENSG00000107223,-0.136520421,NONE,-0.052478024,NONE,-0.14,-0.51,-1.55,0.04,
ENSG00000196205,0.137220961,NONE,0.066613157,NONE,NA,NA,NA,NA,
ENSG00000204136,-0.181570749,NONE,0.017044326,NONE,-0.03,-0.5,0.55,0.36,
ENSG00000107937,0.081325712,NONE,-0.09240711,NONE,-0.41,-1.07,-0.65,-0.46,
ENSG00000188566,0.108852371,NONE,0.119147629,NONE,0.28,0.17,0.59,0.47,
ENSG00000148335,0.133501778,NONE,-0.095805542,NONE,-0.86,-1.47,-1.75,-1.58,
ENSG00000196358,-0.261168727,NONE,-0.01922043,NONE,0.06,-0.07,0.08,-0.18,
ENSG00000148229,0.041750093,NONE,-0.057547416,NONE,0.28,-0.35,-0.07,0.9,
ENSG00000136933,-0.184021802,NONE,-0.114511889,NONE,-0.68,-2.74,-2.03,-0.3,
ENSG00000107263,0.067254523,NONE,0.243979672,NONE,1.58,3.31,2.37,0.77,
ENSG00000197958,-0.151239885,NONE,-0.0791167,NONE,-0.39,0.25,0.29,0.02,
ENSG00000136942,-0.07718644,NONE,0.006495916,NONE,-0.71,-0.18,-0.86,-0.47,
ENSG00000136856,0.044535224,NONE,-0.187834564,NONE,-0.5,-1.38,-0.63,0.03,
ENSG00000175854,0.050849378,NONE,0.014445861,NONE,-0.44,-0.32,-0.3,-0.38,
ENSG00000244187,-0.214634651,NONE,-0.25396272,NONE,-1.02,-1.8,-3.71,-1.67,
ENSG00000167118,-0.108880386,NONE,-0.02672807,NONE,0.17,-1.2,-0.02,0.23,
ENSG00000171448,0.037858084,NONE,0.097492743,NONE,NA,NA,NA,NA,
ENSG00000204683,NA,NA,NA,NA,NA,NA,NA,NA,
ENSG00000151465,0.066151775,NONE,0.042454239,NONE,-1.97,-3.35,-1.25,-0.36,
ENSG00000148444,-0.305308884,DOWN,-0.176588933,NONE,-0.62,-0.2,-0.94,-0.22,
ENSG00000136770,0.055450917,NONE,0.394596311,UP,0.7,0.13,0.92,1.51,
ENSG00000057608,0.179043571,NONE,0.100913631,NONE,-0.22,-0.41,0.49,-1.4,
ENSG00000165996,-0.304908526,DOWN,-0.19606138,NONE,NA,NA,NA,NA,
ENSG00000107643,-0.122387015,NONE,-0.266447801,DOWN,-1.65,-1.1,-2.72,-1.43,
ENSG00000078403,-0.017104279,NONE,0.018872824,NONE,-0.09,-0.17,-0.29,-0.01,
ENSG00000107537,-0.102828506,NONE,0.108996445,NONE,-1.17,-0.86,-1.16,-2.61,
ENSG00000183621,-0.044297189,NONE,0.2270119,NONE,2,3.89,0.81,1.14,
ENSG00000181915,0.1317695,NONE,-0.035820677,NONE,-0.42,-0.26,-0.2,-0.57,
ENSG00000172586,-0.026647906,NONE,0.078654943,NONE,-1.36,-0.63,-2.63,-0.04,
ENSG00000171224,0.06257725,NONE,-0.217247841,NONE,NA,NA,NA,NA,
ENSG00000165443,0.096898821,NONE,0.196488445,NONE,0.1,1.48,0.11,-0.32,
ENSG00000148688,-0.054902703,NONE,-0.094335168,NONE,-0.17,-0.61,-0.78,0.18,
ENSG00000138326,-0.053444211,NONE,0.033205435,NONE,-0.35,0.57,0.16,-0.1,
ENSG00000122912,-0.383653018,DOWN,-0.389157185,DOWN,-0.27,1.54,-0.43,-0.82,
ENSG00000107854,0.035697121,NONE,0.144124064,NONE,1.06,1.63,2.99,0.24,
ENSG00000165637,0.111008326,NONE,-0.049548503,NONE,-0.78,-0.2,-0.49,-1.53,
ENSG00000173915,-0.105003609,NONE,0.026937094,NONE,NA,NA,NA,NA,
ENSG00000176171,0.109564434,NONE,-0.007585105,NONE,-0.33,-0.38,0.05,-1.66,
ENSG00000166171,-0.02308916,NONE,-0.032466435,NONE,-0.83,-1.67,-1.65,-0.01,
ENSG00000127884,-0.060720335,NONE,0.039359003,NONE,-1.16,-3.31,-1.26,-1.51,
ENSG00000119979,-0.158280252,NONE,0.068858491,NONE,0.22,0.88,0.75,0.19,
ENSG00000148834,-0.000983576,NONE,-0.037885322,NONE,-0.39,0.13,-0.87,-0.05,
ENSG00000148814,-0.166769093,NONE,-0.141651346,NONE,0.11,-0.16,-0.53,0.9,
ENSG00000055950,-0.083822254,NONE,0.008420664,NONE,0.01,0.58,-0.23,-0.03,
ENSG00000107833,0.074658553,NONE,-0.034160178,NONE,-1.13,-1.72,-2.7,-1.02,
ENSG00000065154,0.176867623,NONE,0.050977701,NONE,-0.84,-0.46,-0.86,-1.91,
ENSG00000165672,0.174688839,NONE,0.153683653,NONE,-0.95,0.23,-0.43,-1.01,
ENSG00000269609,-0.082703682,NONE,-0.219611014,NONE,NA,NA,NA,NA,
ENSG00000095587,-0.134091235,NONE,-0.243914855,NONE,NA,NA,NA,NA,
ENSG00000171206,0.195039937,NONE,0.408255112,UP,2.16,2.75,4.15,1.36,
ENSG00000165832,0.006194617,NONE,-0.219809851,NONE,-1.76,-0.81,-2.29,-2.39,
ENSG00000188690,-0.38952048,DOWN,-0.23271232,NONE,-0.27,0.05,-0.61,0.18,
ENSG00000132254,0.010675762,NONE,-0.065678808,NONE,-0.49,-0.2,-0.8,-0.67,
ENSG00000177830,-0.138335527,NONE,-0.168014533,NONE,-4.25,-9.91,-5.8,-4.88,
ENSG00000158042,0.060027583,NONE,-0.042473997,NONE,-1.12,-0.6,-2.5,-0.83,
ENSG00000177700,-0.005949246,NONE,0.164276628,NONE,-0.17,-0.25,-0.11,-0.35,
ENSG00000129084,-0.287771436,DOWN,-0.216687469,NONE,-1.05,-0.55,-1.02,0.47,
ENSG00000185627,-0.310767033,DOWN,-0.166257767,NONE,-0.7,-1.38,-2.21,-0.41,
ENSG00000177963,0.169118488,NONE,0.073089795,NONE,-0.13,-0.69,-0.19,-0.59,
ENSG00000166441,-0.157999026,NONE,-0.121732863,NONE,-0.37,-0.17,-0.31,0.22,
ENSG00000167325,0.211269007,NONE,-0.011385954,NONE,-1.78,-1.3,-0.42,-2.08,
ENSG00000198168,0.016865801,NONE,-0.270566119,DOWN,0.01,0.14,-0.22,0.75,
ENSG00000166337,-0.226976018,NONE,-0.12467009,NONE,-0.25,0.14,-1.15,0.2,red
ENSG00000172409,0.117951008,NONE,0.116704693,NONE,0.87,1.36,1.94,0.54,
ENSG00000110442,-0.134447327,NONE,-0.065016538,NONE,-0.27,-1.63,-2.48,0.07,
ENSG00000167986,0.055807435,NONE,0.028210405,NONE,-0.59,-1.53,-0.83,-2.26,
ENSG00000110429,-0.185447554,NONE,-0.058531639,NONE,-0.31,-0.07,-0.31,-0.26,
ENSG00000110031,-0.459185897,DOWN,-0.150624902,NONE,-0.65,0.16,-0.85,0.12,
ENSG00000156603,0.122828921,NONE,0.043138885,NONE,-0.19,-0.76,-0.89,0.38,
ENSG00000169519,-0.038504328,NONE,-0.079725082,NONE,-0.99,-0.9,-1.43,-0.32,
ENSG00000166902,-0.14096409,NONE,0.057011062,NONE,-0.79,-0.43,-1.62,0.07,
ENSG00000166889,0.015569433,NONE,0.12026713,NONE,0.41,2.83,0.99,-0.01,
ENSG00000165916,-0.026707716,NONE,-0.088191044,NONE,-0.48,-1.09,-1.52,-0.07,
ENSG00000211450,-0.017181104,NONE,-0.232763335,NONE,NA,NA,NA,NA,
ENSG00000149136,0.118497846,NONE,0.080229765,NONE,2.06,1.11,3.24,0.73,
ENSG00000134809,-0.078854257,NONE,-0.020694669,NONE,-0.24,-1.28,-1.08,-0.18,
ENSG00000149476,-0.332242594,DOWN,-0.337110076,DOWN,NA,NA,NA,NA,
ENSG00000213593,-0.155188464,NONE,0.024517007,NONE,-0.24,-0.16,-0.02,-0.41,
ENSG00000213465,-0.201870122,NONE,-0.019745508,NONE,0.01,0.33,-0.49,0.12,
ENSG00000175505,NA,NA,NA,NA,NA,NA,NA,NA,
ENSG00000176340,-0.126302764,NONE,0.084984268,NONE,-0.6,0,-0.19,-0.24,
ENSG00000214756,-0.09011893,NONE,-0.462785122,DOWN,NA,NA,NA,NA,
ENSG00000175550,-0.054655045,NONE,-0.059367375,NONE,0.01,-0.71,-1.02,-0.08,
ENSG00000149806,-0.10386495,NONE,-0.065029983,NONE,-0.11,-0.01,-0.09,0.12,
ENSG00000172977,0.124675532,NONE,0.007833169,NONE,0.24,-0.12,0.02,1.24,
ENSG00000149243,-0.196922006,NONE,-0.525234649,DOWN,-1.57,-2.31,-2.69,-0.26,
ENSG00000168056,0.097609706,NONE,0.20714595,NONE,3.34,1.02,5.01,2.44,
ENSG00000174547,-0.07298324,NONE,0.016719104,NONE,-1.1,-0.45,-1.45,-0.37,
ENSG00000197345,-0.103312741,NONE,-0.222281763,NONE,0.04,-0.41,-1.49,-0.35,
ENSG00000175581,-0.101590723,NONE,-0.091802736,NONE,0.29,0.73,-0.14,0.67,
ENSG00000151366,-0.176746064,NONE,-0.175998785,NONE,-0.67,-0.21,-0.82,-1.5,
ENSG00000110717,-0.240565859,NONE,-0.182155928,NONE,0.53,0.69,-0.28,1.16,
ENSG00000167792,-0.044295218,NONE,-0.22082462,NONE,-0.72,-1.35,-1.6,-1.93,
ENSG00000175482,-0.036075662,NONE,-0.078904302,NONE,-0.98,-2.36,-0.18,-1.19,
ENSG00000168002,-0.191668838,NONE,-0.048026142,NONE,-0.93,-1.23,-0.31,-1.11,
ENSG00000126432,0.054865387,NONE,0.063752807,NONE,0.11,-0.16,-0.79,0.26,
ENSG00000149273,-0.100614544,NONE,-0.060462506,NONE,0.43,0.82,1.09,0.6,
ENSG00000137492,-0.120785651,NONE,-0.027931731,NONE,NA,NA,NA,NA,
ENSG00000172663,-0.274506905,DOWN,-0.23778429,NONE,-1.02,-1.25,-0.79,-0.06,
ENSG00000134825,-0.076682426,NONE,-0.059227972,NONE,NA,NA,NA,NA,
ENSG00000173113,-0.021371115,NONE,-0.02172667,NONE,-0.06,0,-0.63,0.55,
ENSG00000133316,0.09637877,NONE,-0.131736438,NONE,0.04,-0.18,-0.52,0.61,
ENSG00000167283,-0.219490064,NONE,-0.201307425,NONE,NA,NA,NA,NA,
ENSG00000166266,0.176378115,NONE,-0.002171642,NONE,-0.68,-1.01,-0.4,-0.83,
ENSG00000137692,0.127309588,NONE,0.056299972,NONE,-0.24,-1.16,-0.06,-1.14,
ENSG00000110367,-0.033640254,NONE,-0.04973684,NONE,-0.25,-0.28,0.37,-1.51,
ENSG00000150768,0.03835707,NONE,-0.150142172,NONE,-1.12,-1.21,-0.94,-0.97,
ENSG00000196371,0.078892621,NONE,-0.042632707,NONE,NA,NA,NA,NA,
ENSG00000118058,-0.008811982,NONE,-0.097146345,NONE,NA,NA,NA,NA,
ENSG00000150776,-0.031356401,NONE,-0.118534512,NONE,NA,NA,NA,NA,
ENSG00000168092,-0.090677117,NONE,-0.166690548,NONE,1.12,-0.1,0.67,0.88,
ENSG00000150787,-0.23160367,NONE,-0.195073002,NONE,-0.99,-0.05,-0.93,-0.07,
ENSG00000109929,0.296863975,UP,0.030768826,NONE,NA,NA,NA,NA,
ENSG00000204370,0.1081792,NONE,0.118407912,NONE,-0.63,0.06,-0.02,-1.07,
ENSG00000150779,0.261664015,NONE,-0.03693875,NONE,-1.38,-1.71,-1.47,-0.52,
ENSG00000171204,-0.144830117,NONE,0.025498495,NONE,-1.46,0.26,-1.31,-0.97,
ENSG00000084234,0.000966946,NONE,0.037045317,NONE,-0.22,-0.72,0.04,-1.7,
ENSG00000111678,0.120416818,NONE,-0.116998966,NONE,-0.01,-0.01,-0.08,-0.24,
ENSG00000215039,-0.07232383,NONE,-0.244244306,NONE,-0.95,-3,-0.14,-1.92,
ENSG00000109832,-0.17669066,NONE,-0.276882801,DOWN,-3.3,-1.69,-3.55,-2.33,
ENSG00000010219,-0.302093378,DOWN,-0.100423722,NONE,-0.99,-1,-2.04,-0.67,
ENSG00000111640,0.217228948,NONE,0.188771744,NONE,-0.31,-0.07,-0.67,-0.32,
ENSG00000197837,0.305693184,UP,-0.236230373,NONE,NA,NA,NA,NA,
ENSG00000183935,-0.228562688,NONE,-0.499575712,DOWN,NA,NA,NA,NA,
ENSG00000003056,0.222664082,NONE,0.166742715,NONE,-0.86,-0.21,-0.53,0.1,
ENSG00000111196,-0.247975294,NONE,-0.189999253,NONE,-0.21,-1.08,-0.74,0.32,
ENSG00000111639,0.104165586,NONE,0.167687883,NONE,0.32,0.24,-0.11,1.37,
ENSG00000121350,0.031216526,NONE,-0.168073731,NONE,-1.25,-0.91,-0.44,-2.03,
ENSG00000171792,-0.347530935,DOWN,-0.166573232,NONE,-0.84,-1.82,-2.43,-0.08,
ENSG00000151500,-0.072689455,NONE,-0.060169012,NONE,-1.45,-0.54,-2.92,-1.22,
ENSG00000111669,0.229982683,NONE,-0.040547529,NONE,-0.15,-0.7,-0.36,-1.03,
ENSG00000173208,0.193075265,NONE,-0.008770343,NONE,NA,NA,NA,NA,
ENSG00000076108,0.005065342,NONE,0.084169437,NONE,0.08,0.63,0.75,-0.31,
ENSG00000135441,-0.155401627,NONE,-0.118104512,NONE,0.23,0.64,-0.26,0.82,
ENSG00000123106,-0.121113957,NONE,-0.198674783,NONE,0.15,-0.26,-0.27,0.22,
ENSG00000257727,-0.218563723,NONE,-0.367118547,DOWN,-1.12,-3.51,-1.54,-1.08,
ENSG00000111481,-0.164892696,NONE,0.061744656,NONE,-0.9,-1.97,-1.45,-2.22,
ENSG00000135469,-0.223356295,NONE,-0.100895187,NONE,-0.19,-0.82,-0.17,-0.05,
ENSG00000178449,0.024411364,NONE,0.011430484,NONE,-0.38,-0.14,-0.76,-0.12,
ENSG00000188906,0.035456617,NONE,0.084104588,NONE,-0.92,0.25,-1.35,-1.66,
ENSG00000092841,-0.032121297,NONE,0.074351973,NONE,1.29,1.22,3.23,0.46,
ENSG00000196465,-0.163701123,NONE,-0.148749438,NONE,0.54,1.09,-0.72,2.89,
ENSG00000139579,0.13408403,NONE,0.039836512,NONE,-0.08,-0.33,-0.37,0.41,
ENSG00000170515,-0.054579035,NONE,-0.101840593,NONE,-2.07,-3.71,-3.76,-1.37,
ENSG00000123349,-0.197166582,NONE,-0.066860255,NONE,0,0.57,-0.42,0.95,
ENSG00000181929,-0.215521616,NONE,-0.081544492,NONE,-1.45,-2.06,-1.9,-0.11,
ENSG00000229117,0.115208973,NONE,0.203193557,NONE,-1.24,0,-0.01,-1.86,
ENSG00000111371,-0.189473942,NONE,0.145385526,NONE,0.01,-0.15,0.32,0.05,
ENSG00000015153,-0.034750655,NONE,-0.110380101,NONE,0.83,0.58,0.22,1.98,
ENSG00000075089,0.011121444,NONE,-0.181428597,NONE,-2.35,-1.41,-1.94,-2.45,
ENSG00000120805,-0.083774337,NONE,-0.109546915,NONE,-1.44,-0.79,-1.39,-1.18,
ENSG00000133641,0.101923004,NONE,-0.004755391,NONE,-2.27,-1.53,-1.34,-0.28,
ENSG00000111530,0.215481553,NONE,0.060251194,NONE,-0.17,-0.19,-0.58,-0.27,
ENSG00000175215,0.164750721,NONE,0.377411138,UP,1.62,2.16,5.09,0.05,
ENSG00000127334,0.149562102,NONE,-0.020154122,NONE,NA,NA,NA,NA,
ENSG00000198855,0.038353939,NONE,0.162433163,NONE,0.24,-1.33,0.1,-0.09,
ENSG00000136003,-0.062307534,NONE,-0.020575191,NONE,-0.76,-0.46,-1.21,-1.33,
ENSG00000111615,0.1183932,NONE,-0.016034222,NONE,-0.12,-0.42,-0.41,0.09,
ENSG00000111144,-0.048523863,NONE,0.013625817,NONE,-0.86,-0.23,-0.98,-0.86,
ENSG00000037897,-0.123846149,NONE,-0.187495224,NONE,-0.44,-3.97,-0.53,-0.54,
ENSG00000198015,-0.146528647,NONE,-0.245076337,NONE,-0.81,-1.02,-0.31,-1.15,
ENSG00000196531,-0.040471388,NONE,0.01726747,NONE,-0.23,0.99,0.19,0.05,
ENSG00000166881,-0.096927754,NONE,0.138284014,NONE,NA,NA,NA,NA,
ENSG00000091039,0.139840592,NONE,0.007438352,NONE,-0.38,-0.15,-0.32,0.08,
ENSG00000075415,-0.093874225,NONE,-0.112991374,NONE,-1.84,-0.97,-2.02,-2.72,
ENSG00000139351,0.28211949,UP,0.109594356,NONE,NA,NA,NA,NA,
ENSG00000135452,0.07868092,NONE,0.077567716,NONE,-0.17,-0.83,0.5,-0.6,
ENSG00000135655,0.067601746,NONE,-0.065621223,NONE,-1.24,-0.49,-0.59,-2.76,
ENSG00000186908,0.100394266,NONE,-0.001209942,NONE,-0.37,-0.18,-0.36,-0.58,
ENSG00000189046,-0.030001915,NONE,-0.0841362,NONE,-0.28,-0.03,-1.53,0.12,
ENSG00000196510,-0.321236805,DOWN,-0.145873697,NONE,-0.38,-0.55,-1.45,-0.34,
ENSG00000176915,0.029976303,NONE,-0.027828646,NONE,0.04,-0.47,-0.03,-0.51,
ENSG00000111229,-0.059362617,NONE,0.03149168,NONE,-0.48,-0.81,-0.84,-0.44,
ENSG00000204842,-0.220298069,NONE,-0.141409957,NONE,-0.04,0.01,0.01,-0.11,
ENSG00000174456,-0.209517659,NONE,-0.146448258,NONE,-0.39,-0.56,-0.32,-2.03,
ENSG00000111775,-0.121868044,NONE,0.086590323,NONE,0.53,1.98,-0.09,0.72,
ENSG00000135144,0.195153127,NONE,0.111635054,NONE,3.44,2.27,3.98,2.62,
ENSG00000089248,-0.062047934,NONE,-0.100564316,NONE,-0.56,-0.79,-1.86,-1.03,
ENSG00000111231,0.385217272,UP,0.193254532,NONE,-0.99,-0.2,-0.2,-1.49,
ENSG00000234608,0.156652299,NONE,-0.068921496,NONE,-0.2,-0.57,-0.36,0.73,
ENSG00000123066,-0.095132683,NONE,0.165126418,NONE,0.19,2,1.17,0.33,
ENSG00000139428,-0.317633923,DOWN,-0.311073663,DOWN,-0.44,-0.78,-0.69,-0.2,
ENSG00000196199,0.132425088,NONE,-0.092882333,NONE,0.43,0.31,0.46,1.16,
ENSG00000173141,-0.00224504,NONE,-0.14689603,NONE,NA,NA,NA,NA,
ENSG00000089220,-0.120229447,NONE,-0.148719265,NONE,-0.29,-0.96,-2.34,-0.2,
ENSG00000111737,0.193358125,NONE,0.051600916,NONE,-0.07,0.06,-0.06,-0.61,
ENSG00000132341,0.171646544,NONE,0.013571732,NONE,-0.52,-0.1,-0.1,-1.73,
ENSG00000150459,-0.055723452,NONE,-0.047456505,NONE,0.13,0.19,-0.35,0.17,
ENSG00000170855,0.057341425,NONE,0.070309688,NONE,-0.38,-1.09,-0.87,-0.33,
ENSG00000132953,0.026574447,NONE,-0.042392649,NONE,NA,NA,NA,NA,
ENSG00000133103,-0.024298962,NONE,0.017683897,NONE,-0.66,-0.26,-0.37,-0.38,
ENSG00000188811,-0.197061653,NONE,-0.214626947,NONE,-2.1,-2.76,-0.5,-1.61,
ENSG00000139514,0.182798517,NONE,0.291632033,UP,0.33,2.29,0.15,-0.19,
ENSG00000065150,0.06271918,NONE,-0.042301694,NONE,-1.39,-1.84,-0.88,-2.11,
ENSG00000165782,0.011124124,NONE,0.012937731,NONE,NA,NA,NA,NA,
ENSG00000151287,-0.011916729,NONE,-0.016777836,NONE,-0.32,-0.12,-0.58,0.3,
ENSG00000136319,-0.186358448,NONE,-0.106254291,NONE,-0.06,-0.8,-0.18,0.38,
ENSG00000179933,0.194937035,NONE,0.160515179,NONE,0.28,0.02,0.65,-0.83,
ENSG00000129518,0.008049413,NONE,-0.000580361,NONE,0.11,-0.37,-0.76,0.79,
ENSG00000092208,-0.113380739,NONE,-0.14763778,NONE,-1.08,-1.49,-0.96,-1.25,
ENSG00000165516,0.285843789,UP,0.119091883,NONE,0.1,2.03,1.05,0.25,
ENSG00000179454,0.218612665,NONE,-0.068302626,NONE,NA,NA,NA,NA,
ENSG00000129460,0.060761076,NONE,0.043347423,NONE,-0.34,0.28,-1.88,0.11,
ENSG00000151413,-0.1376237,NONE,-0.193309452,NONE,-0.27,-0.69,-1.03,-0.19,
ENSG00000100462,0.406941476,UP,0.221349332,NONE,-0.8,-0.16,-0.48,-1.98,
ENSG00000100902,-0.073522367,NONE,-0.207942165,NONE,-0.84,-0.59,-1.28,-0.38,
ENSG00000100804,-0.01678342,NONE,0.033876695,NONE,-0.12,0.4,-0.42,-0.74,
ENSG00000087302,-0.17640008,NONE,-0.02705107,NONE,NA,NA,NA,NA,
ENSG00000092108,-0.150038652,NONE,-0.026868952,NONE,-0.39,-0.46,-2.51,0.25,
ENSG00000092203,0.083028033,NONE,-0.040434253,NONE,-1.07,-3.28,-0.4,-2.34,
ENSG00000131966,-0.065120512,NONE,-0.174128649,NONE,-1.64,-1.47,-1.81,-1.45,
ENSG00000066427,-0.120145788,NONE,-0.176630363,NONE,-0.17,-0.09,-0.78,0.05,red
ENSG00000119599,-0.077821695,NONE,-0.260289534,NONE,-0.45,-1.79,-1.49,-0.86,
ENSG00000119661,0.024290361,NONE,-0.039277031,NONE,0.16,-0.31,0.6,-1.16,
ENSG00000134001,0.100355819,NONE,0.030289414,NONE,-0.22,-0.67,0.3,-1.72,
ENSG00000165521,0.20983187,NONE,0.018597756,NONE,NA,NA,NA,NA,
ENSG00000089916,0.141766458,NONE,-0.098409384,NONE,NA,NA,NA,NA,
ENSG00000100744,-0.025573752,NONE,-0.296493257,DOWN,NA,NA,NA,NA,
ENSG00000100577,-0.408392185,DOWN,-0.528981325,DOWN,-1.38,-1.04,-2.21,-0.27,
ENSG00000187105,-0.005452768,NONE,-0.138377791,NONE,NA,NA,NA,NA,
ENSG00000276880,NA,NA,NA,NA,-0.18,0.41,-0.71,0.33,
ENSG00000183648,-0.268189445,DOWN,-0.146236838,NONE,0.04,0.37,-0.81,1.08,
ENSG00000133961,-0.073378404,NONE,0.056361949,NONE,-0.25,0.16,0.01,-2.54,
ENSG00000257621,-0.605997949,DOWN,-0.243683877,NONE,NA,NA,NA,NA,
ENSG00000100764,0.368556344,UP,0.042868369,NONE,-0.29,-1.39,-0.98,-0.31,
ENSG00000100519,-0.075553726,NONE,-0.177854528,NONE,-0.38,-0.52,-0.26,0.39,
ENSG00000072042,-0.071559843,NONE,-0.031178476,NONE,-0.07,-0.33,0.11,-0.99,
ENSG00000200312,NA,NA,NA,NA,NA,NA,NA,NA,
ENSG00000029364,0.058255161,NONE,0.061629791,NONE,-0.29,-0.56,-0.77,-0.32,
ENSG00000119705,-0.268376884,DOWN,-0.135110411,NONE,0.09,0.29,-0.37,0.57,
ENSG00000198554,0.051079094,NONE,-0.248465968,NONE,NA,NA,NA,NA,
ENSG00000140057,0.391791032,UP,-0.161809,NONE,NA,NA,NA,NA,
ENSG00000156411,-0.102201445,NONE,-0.163888532,NONE,NA,NA,NA,NA,
ENSG00000100664,0.12856086,NONE,0.110125691,NONE,1.35,0.57,0.76,1.41,
ENSG00000126214,-0.099127822,NONE,-0.19363279,NONE,-0.35,-1.23,-0.38,-0.54,
ENSG00000078304,-0.012482186,NONE,-0.114520219,NONE,-2.11,-0.79,-1,-2.57,
ENSG00000156414,0.190197127,NONE,0.020588402,NONE,-0.43,-0.12,-0.46,0.13,
ENSG00000184986,0.095601329,NONE,0.028614723,NONE,0.1,-1.25,-0.16,-0.04,
ENSG00000021776,-0.008331011,NONE,0.06015739,NONE,0.08,0.18,-0.23,-0.72,
ENSG00000104164,0.008542014,NONE,-0.234032353,NONE,0.76,0.68,1.13,2.2,
ENSG00000166946,-0.025746118,NONE,-0.106332307,NONE,-0.3,-0.06,-0.2,-0.31,
ENSG00000166200,0.054250595,NONE,-0.002104,NONE,-0.14,0.18,0.16,-0.69,
ENSG00000137770,0.030373546,NONE,-0.141127409,NONE,-0.25,0.46,-0.02,0.07,
ENSG00000255302,0.090623224,NONE,0.081602679,NONE,-0.79,-0.33,-0.6,-0.92,
ENSG00000128463,-0.072155308,NONE,-0.1143094,NONE,-1.62,-0.72,-2.8,-1.63,
ENSG00000168806,-0.130680909,NONE,0.024057603,NONE,-0.37,-0.19,-0.36,-0.5,
ENSG00000069956,-0.017338903,NONE,-0.300533077,DOWN,-0.67,-0.29,-0.92,-0.24,
ENSG00000137806,0.013087053,NONE,0.015539349,NONE,-1.36,-0.82,-1.09,-0.7,
ENSG00000182117,0.136066288,NONE,0.275929154,UP,-0.9,0.12,-0.48,-0.21,
ENSG00000168781,-0.108004875,NONE,-0.267845644,DOWN,-0.14,-0.43,-0.27,-1.41,
ENSG00000140263,0.189794431,NONE,0.077445057,NONE,-1.1,-1.26,-0.37,-1.53,
ENSG00000248508,-0.07791886,NONE,0.024246238,NONE,NA,NA,NA,NA,
ENSG00000137842,0.214283527,NONE,-0.083275277,NONE,-0.16,0.15,-0.56,0.67,
ENSG00000159459,0.223160181,NONE,0.001541178,NONE,-0.63,-0.11,-0.58,-1.23,
ENSG00000103591,-0.173837915,NONE,-0.062662806,NONE,-1.38,-1.94,-1.65,-0.78,
ENSG00000159322,-0.326939822,DOWN,-0.184008624,NONE,-0.45,-1.29,-1.25,-0.28,
ENSG00000140350,0.023758741,NONE,-0.173346385,NONE,0.18,-0.1,1.57,-0.69,
ENSG00000260916,0.019555066,NONE,0.074504946,NONE,-2.36,-2.62,-1.7,-2.42,
ENSG00000140365,-0.354994355,DOWN,-0.30073605,DOWN,-0.82,-0.53,-1.03,0.07,
ENSG00000179151,-0.130794074,NONE,0.094407339,NONE,0.73,0.35,0.7,1.47,
ENSG00000103876,-0.105655771,NONE,0.244004717,NONE,-0.13,-1.48,0.29,0.19,
ENSG00000178761,0.25603979,NONE,0.002286881,NONE,-0.5,0.44,0.25,-0.76,
ENSG00000138604,0.045443501,NONE,-0.060312593,NONE,-0.73,-0.14,-0.75,-0.78,
ENSG00000074696,0.235044952,NONE,0.151102216,NONE,NA,NA,NA,NA,
ENSG00000166503,-0.06167027,NONE,-0.202106958,NONE,NA,NA,NA,NA,
ENSG00000188266,-0.276765169,DOWN,-0.128314007,NONE,NA,NA,NA,NA,
ENSG00000166411,0.312116069,UP,-0.109341243,NONE,-0.51,-0.02,-0.55,-1.11,
ENSG00000177971,0.089153857,NONE,-0.031345403,NONE,-0.09,-0.29,-0.23,-0.15,
ENSG00000185787,0.130417162,NONE,0.020781282,NONE,0.02,0.55,0.31,-0.22,
ENSG00000178802,-0.297157449,DOWN,-0.171050201,NONE,-0.68,-0.83,-1.28,-2.17,
ENSG00000181991,-0.135656844,NONE,-0.136553894,NONE,-0.09,-0.13,-1.02,0.19,
ENSG00000041357,-0.07016524,NONE,-0.038799219,NONE,0.03,-0.3,-0.41,1.35,
ENSG00000117906,-0.063479678,NONE,-0.124158619,NONE,-0.18,-0.07,0.07,-0.75,
ENSG00000174444,-0.177313677,NONE,-0.062799654,NONE,0.07,-0.26,0.89,0.68,
ENSG00000278229,NA,NA,NA,NA,0.15,0.55,-0.06,2.04,
ENSG00000137876,0.005092584,NONE,-0.064867103,NONE,-1.03,-1.61,-1.25,-0.48,
ENSG00000174446,-0.117394463,NONE,-0.179793021,NONE,-0.85,-1.11,-2.07,-0.39,
ENSG00000259642,0.06422762,NONE,-0.402459325,DOWN,NA,NA,NA,NA,
ENSG00000067221,-0.320853613,DOWN,-0.332011244,DOWN,-0.63,-1.07,-2.8,-0.1,
ENSG00000140416,0.016274631,NONE,-0.072128506,NONE,-1.81,-1.2,-0.72,-1.08,
ENSG00000140395,-0.256463811,NONE,-0.308772458,DOWN,-1.73,-1.67,-2.04,-0.55,
ENSG00000156232,0.02380867,NONE,-6.11E-05,NONE,1.22,0.37,0.46,0.64,
ENSG00000166716,0.074669435,NONE,0.143658436,NONE,3.88,5.92,4.73,2.31,
ENSG00000180357,0.054293052,NONE,-0.00322796,NONE,3.44,3.38,2.41,2.98,
ENSG00000174442,-0.147022172,NONE,-0.303707384,DOWN,NA,NA,NA,NA,
ENSG00000183044,0.072017614,NONE,0.113514494,NONE,-0.53,0.2,-0.03,-0.5,
ENSG00000182831,0.188034215,NONE,0.074493627,NONE,0.66,0.47,0.98,-0.11,
ENSG00000174109,0.162853776,NONE,-0.071784562,NONE,-2.04,-1.88,-2.97,-2.73,
ENSG00000005339,0.098618281,NONE,0.19417867,NONE,1.25,2.57,3.06,0.82,
ENSG00000276726,NA,NA,NA,NA,-0.4,-0.13,-0.42,-0.9,
ENSG00000103363,-0.061368547,NONE,0.037724029,NONE,NA,NA,NA,NA,
ENSG00000063854,-0.13213114,NONE,-0.207186976,NONE,-0.49,-1.19,-1.66,-0.15,
ENSG00000103253,-0.020500304,NONE,-0.145476786,NONE,0.38,-0.05,0.01,0.53,
ENSG00000184508,-0.109347186,NONE,-0.176147271,NONE,-1.12,-0.87,-2.44,-0.5,
ENSG00000140443,0.129478446,NONE,0.303585588,UP,0.62,1.19,2.23,0.16,
ENSG00000130731,-0.222895192,NONE,-0.065168682,NONE,NA,NA,NA,NA,
ENSG00000103152,-0.034572409,NONE,0.015041923,NONE,-0.45,-0.85,-1.6,0.22,
ENSG00000086504,-0.07581183,NONE,-0.122046341,NONE,-0.34,-1.51,-2.45,-0.06,
ENSG00000074071,0.070604744,NONE,0.158373889,NONE,0.75,0.54,-0.23,0.75,
ENSG00000140990,-0.009846236,NONE,0.060927843,NONE,0.34,0.99,-0.3,0.95,
ENSG00000065057,-0.14053499,NONE,-0.218240585,NONE,-0.15,-1.04,-1.32,0.06,
ENSG00000161981,-0.180674697,NONE,-0.114824449,NONE,-0.41,-0.99,-2.23,0.1,
ENSG00000167978,0.077899919,NONE,0.16825797,NONE,1.71,2.07,1.25,0.68,
ENSG00000183751,-0.079806609,NONE,-0.191908551,NONE,-0.36,-2.82,-1.33,-0.34,
ENSG00000184277,-0.067947129,NONE,-0.216846741,NONE,-1.22,-0.55,-2.38,-1.89,
ENSG00000010539,-0.224963582,NONE,-0.109647994,NONE,-0.14,-0.02,-0.24,0.33,
ENSG00000006194,0.139746385,NONE,0.029958247,NONE,0.06,-0.33,0.43,-0.12,
ENSG00000167981,0.041827416,NONE,-0.192011069,NONE,NA,NA,NA,NA,
ENSG00000167186,-0.008914932,NONE,-0.126399968,NONE,0.32,-0.21,-0.09,0.01,
ENSG00000179958,0.111602216,NONE,-0.004906462,NONE,-1.58,-1.37,-2.53,-1.46,
ENSG00000069345,0.049125108,NONE,-0.121499854,NONE,-0.63,-0.42,-1.05,-2.14,
ENSG00000156860,0.011273692,NONE,0.030040799,NONE,1.3,1.97,1.42,1.44,
ENSG00000155393,-0.273021132,DOWN,-0.163698669,NONE,-0.15,-1.05,0.02,-0.29,
ENSG00000129636,-0.093286818,NONE,-0.343266905,DOWN,-2.79,-1.88,-3.42,-2.85,
ENSG00000047578,0.019288016,NONE,0.119949319,NONE,0.76,0.61,1.16,-0.18,
ENSG00000224310,-0.485919651,DOWN,-0.195320731,NONE,NA,NA,NA,NA,
ENSG00000102897,-0.341843112,DOWN,-0.160096168,NONE,-1.93,-2.06,-2.77,-1.37,
ENSG00000004779,0.050354219,NONE,-0.044805814,NONE,-0.54,-0.28,-1.07,-0.58,
ENSG00000122257,0.055354065,NONE,0.125812074,NONE,0.4,0.77,1.28,0.77,
ENSG00000134419,-0.150479765,NONE,-0.027211835,NONE,-1.06,0.15,0.37,-0.37,
ENSG00000066654,-0.037567006,NONE,-0.048931033,NONE,0.39,-0.1,0.16,1.2,
ENSG00000185947,0.12060527,NONE,0.033269194,NONE,NA,NA,NA,NA,
ENSG00000166971,0.17927304,NONE,0.059452746,NONE,0.27,0.29,0.47,0.22,
ENSG00000070761,-0.00169446,NONE,-0.050347323,NONE,NA,NA,NA,NA,
ENSG00000103121,-0.303972156,DOWN,-0.231241957,NONE,-0.82,0.08,-0.83,0.01,
ENSG00000131143,-0.201320576,NONE,-0.133930564,NONE,-0.32,-0.43,-0.97,0.3,
ENSG00000174177,0.16198036,NONE,-0.028695889,NONE,-0.03,-0.93,-0.33,0.46,
ENSG00000182810,-0.14991379,NONE,-0.125231961,NONE,-0.28,-1.38,-1.27,0,
ENSG00000166595,0.043274425,NONE,0.122583715,NONE,-0.6,0.59,-0.88,-0.08,
ENSG00000135723,0.071628959,NONE,-0.019403838,NONE,0.8,0.4,1.09,0.3,
ENSG00000140718,0.074211564,NONE,-0.163435309,NONE,-0.17,-0.22,0.64,-0.9,
ENSG00000034713,0.049595782,NONE,0.012101123,NONE,0.08,0.12,0.15,-0.34,
ENSG00000131153,0.012630955,NONE,-0.378918558,DOWN,NA,NA,NA,NA,
ENSG00000230989,0.138540001,NONE,0.029616171,NONE,-0.35,-0.03,0.04,-0.14,
ENSG00000065427,-0.002219184,NONE,0.007536328,NONE,-0.69,-0.26,-0.67,-0.82,
ENSG00000159593,-0.049350979,NONE,-0.019268563,NONE,-1.91,-0.57,-1.15,-0.06,
ENSG00000102908,0.382553197,UP,0.052169366,NONE,0.03,0.12,0.32,-0.17,
ENSG00000072736,0.124194785,NONE,0.229861288,NONE,1.34,0.87,3.9,0.53,
ENSG00000167005,0.035597123,NONE,-0.222136044,NONE,-2.23,-1.98,-2.33,-3.55,
ENSG00000102898,-0.12613743,NONE,-0.070752957,NONE,-0.22,-0.73,-0.68,-0.46,
ENSG00000102978,0.09617229,NONE,0.003200987,NONE,-0.91,-0.06,-1.02,-1.42,
ENSG00000167526,-0.195842059,NONE,-0.139041396,NONE,-0.21,-1.13,-0.01,0.06,
ENSG00000168701,-0.126423279,NONE,-0.122117221,NONE,-0.43,-2.45,-1.98,-0.03,
ENSG00000167515,-0.225667875,NONE,-0.336713149,DOWN,-1.97,-2.59,-4.47,-0.38,
ENSG00000262943,-0.342080867,DOWN,-0.108343232,NONE,-0.15,-0.15,-1.24,-0.72,
ENSG00000108561,0.0559656,NONE,0.065812752,NONE,-0.3,0.01,-0.35,-0.13,
ENSG00000141030,-0.014073618,NONE,-0.096303343,NONE,-0.17,-0.14,-1.07,-0.49,
ENSG00000167699,-0.137217205,NONE,-0.193642485,NONE,-2.65,-2.01,-3.69,-1.98,
ENSG00000132376,0.076331237,NONE,0.067107375,NONE,0.65,0.23,2.16,0.08,
ENSG00000083457,-0.061060953,NONE,-0.179523852,NONE,-1.13,0.06,-0.3,0,
ENSG00000175061,0.014040204,NONE,-0.061295783,NONE,NA,NA,NA,NA,
ENSG00000141503,0.168692489,NONE,0.224294556,NONE,0.9,1.46,2.61,-0.15,
ENSG00000183011,-0.236965012,NONE,-0.028895957,NONE,-0.51,0.02,0.36,-0.14,
ENSG00000141027,0.038489287,NONE,-0.008011963,NONE,0.6,0.32,-0.03,1.4,
ENSG00000091592,-0.090711833,NONE,-0.101010711,NONE,0.06,-1.1,-0.77,-0.41,
ENSG00000142507,0.101032384,NONE,0.077105535,NONE,0.45,0.32,-0.09,0.92,
ENSG00000132383,0.057054105,NONE,0.115297857,NONE,-0.52,-0.36,-0.01,-3.21,
ENSG00000108528,-0.177309998,NONE,-0.1273848,NONE,-1.48,-2.54,-3.52,-2.39,
ENSG00000170310,-0.129439407,NONE,0.009302966,NONE,0.88,0.29,0.43,1.54,
ENSG00000179029,-0.060510884,NONE,-0.147215736,NONE,-4.46,-4.34,-4.43,-6.42,
ENSG00000171928,0.238804496,NONE,0.225513512,NONE,NA,NA,NA,NA,
ENSG00000129235,-0.053755388,NONE,-0.023835314,NONE,-0.49,-0.92,-1.2,-0.75,
ENSG00000170315,0.312515649,UP,0.227686366,NONE,0.09,-0.16,0.27,-0.68,red
ENSG00000131473,0.238808849,NONE,-0.007264037,NONE,-0.2,0.07,-0.1,-1.43,
ENSG00000108666,-0.10064598,NONE,-0.235487611,NONE,-1.75,-0.37,-3.36,-1.79,
ENSG00000109016,-0.222891182,NONE,-0.159391549,NONE,-1.49,-1.93,-1.93,-0.47,
ENSG00000168259,-0.078901439,NONE,-0.177082223,NONE,-0.43,-2.52,-1.42,0.24,
ENSG00000185158,-0.187845802,NONE,-0.004751044,NONE,-0.15,1.4,0.14,0.32,
ENSG00000125691,-0.131142399,NONE,-0.062666987,NONE,0.21,0.4,-0.1,-0.04,
ENSG00000128487,-0.093697748,NONE,-0.046466576,NONE,1.93,1.28,2.78,0.75,
ENSG00000178691,0.085270531,NONE,-0.0232559,NONE,-0.24,0.22,-0.04,0.02,
ENSG00000244045,-0.12998932,NONE,-0.087795328,NONE,0.21,-0.26,-0.26,-0.14,
ENSG00000214174,-0.152367257,NONE,-0.144313123,NONE,-1.64,-2.68,-2.07,-1.19,
ENSG00000159199,-0.239448687,NONE,-0.230198667,NONE,NA,NA,NA,NA,
ENSG00000126581,0.209850834,NONE,-0.060051992,NONE,-0.72,-0.18,-0.08,-0.68,
ENSG00000180329,-0.155080753,NONE,-0.169567905,NONE,-1.28,-2.1,-1.75,-0.27,
ENSG00000004897,-0.003223964,NONE,-0.133277577,NONE,-0.17,-0.55,-0.44,-0.34,
ENSG00000141367,0.135063863,NONE,-0.005153512,NONE,-1.08,-0.73,-0.76,-1.97,
ENSG00000183978,-0.104314711,NONE,-0.106034704,NONE,-1.33,-2.94,-2.69,-0.67,
ENSG00000121058,0.126582153,NONE,0.029809919,NONE,-0.89,-1.53,-1.62,0.11,
ENSG00000136485,0.153825052,NONE,0.001863743,NONE,2.12,0.28,3.6,1.11,
ENSG00000067596,0.130860257,NONE,0.046445664,NONE,0.25,-0.12,0.45,1.61,
ENSG00000198909,0.143658933,NONE,0.15710927,NONE,1.5,1.42,4.2,0.94,
ENSG00000108788,0.151881395,NONE,0.09335249,NONE,-0.04,0.4,0.32,0.01,
ENSG00000181610,-0.009953608,NONE,-0.236021034,NONE,-0.78,-1.34,-1.14,-1.69,
ENSG00000198496,0.104387264,NONE,0.204059363,NONE,-0.22,0.02,-0.9,-0.72,
ENSG00000239672,-0.374099081,DOWN,-0.362915743,DOWN,-0.27,-0.45,-2.62,-0.19,
ENSG00000167085,0.27333074,UP,0.21417216,NONE,0.02,-0.26,-0.36,-0.03,
ENSG00000131469,-0.019464428,NONE,0.012946021,NONE,-0.36,0.31,-0.07,0.01,
ENSG00000121073,-0.163539794,NONE,-0.055809218,NONE,-1.07,-1.29,-1.88,-1.09,
ENSG00000213246,-0.038760445,NONE,0.046535791,NONE,0.02,0.2,-0.3,0.68,
ENSG00000131475,-0.150775041,NONE,0.092279678,NONE,-1.51,-2.72,-1.79,-2.43,
ENSG00000175155,0.113349346,NONE,-0.197197368,NONE,-0.28,-0.12,0.19,-1.86,
ENSG00000141385,0.14172728,NONE,-0.109579035,NONE,-0.04,-1.07,-0.8,-0.42,
ENSG00000141552,0.086065195,NONE,-0.029839578,NONE,-0.02,0.44,0.27,0.97,
ENSG00000214087,-0.106712531,NONE,-0.23215222,NONE,-0.94,-2,-1.25,-1.49,
ENSG00000167863,-0.24235799,NONE,-0.213572184,NONE,NA,NA,NA,NA,
ENSG00000186665,-0.147032476,NONE,-0.190476092,NONE,-1.95,-1.57,-1.97,-0.64,
ENSG00000169689,0.072720078,NONE,0.203406023,NONE,NA,NA,NA,NA,
ENSG00000177337,-0.031948538,NONE,0.289554065,UP,0.16,-0.12,0.04,0.01,
ENSG00000262001,-0.294272342,DOWN,-0.003897596,NONE,NA,NA,NA,NA,
ENSG00000141543,0.092597665,NONE,0.070267413,NONE,0.1,-0.16,0.62,-0.94,
ENSG00000173818,-0.153679702,NONE,-0.35748258,DOWN,-0.81,-1.46,-2.23,-0.01,
ENSG00000108479,-0.16812541,NONE,-0.026753766,NONE,-0.28,-0.24,-0.1,0,
ENSG00000169727,-0.095099912,NONE,-0.07144994,NONE,-0.26,-0.32,-0.47,0.5,
ENSG00000168675,-0.079273206,NONE,-0.397546509,DOWN,NA,NA,NA,NA,
ENSG00000237854,0.204733115,NONE,0.123908476,NONE,NA,NA,NA,NA,
ENSG00000167862,-0.157590712,NONE,0.006491995,NONE,NA,NA,NA,NA,
ENSG00000125445,0.087341103,NONE,0.010423359,NONE,-0.38,-1.35,-0.53,-1.74,
ENSG00000182534,-0.049614141,NONE,-0.062369305,NONE,-0.77,0.13,-0.93,0.57,
ENSG00000118680,0.003389059,NONE,0.047865442,NONE,-0.6,-0.23,-1.69,-0.24,
ENSG00000204237,-0.270732002,DOWN,-0.156231479,NONE,-0.07,-0.56,-1.43,0.59,
ENSG00000185813,-0.397830515,DOWN,-0.230544733,NONE,-0.23,-1.14,-1.23,-0.78,
ENSG00000108946,0.054118867,NONE,-0.127292024,NONE,-0.35,-0.24,0,-1.66,
ENSG00000128789,-0.172885777,NONE,0.010500192,NONE,-1.07,-0.6,-0.82,-0.95,
ENSG00000172809,-0.106980603,NONE,-0.03872803,NONE,0.81,1.99,0.07,0.77,
ENSG00000188612,0.030585465,NONE,0.016453096,NONE,-0.2,1.26,0,0.23,
ENSG00000101558,-0.072234868,NONE,-0.04610105,NONE,0.49,1.37,1.1,-0.41,
ENSG00000152234,-0.106891266,NONE,-0.101591142,NONE,NA,NA,NA,NA,
ENSG00000282266,NA,NA,NA,NA,0.48,0.31,0.11,0.99,
ENSG00000170558,0.197888644,NONE,0.294825292,UP,0.13,0.11,0.78,-0.22,
ENSG00000166347,-0.161182651,NONE,-0.025143247,NONE,-0.08,0.03,0.29,-0.45,
ENSG00000134759,-0.267152835,DOWN,-0.240237754,NONE,-3.51,-3.27,-3.17,-4.35,
ENSG00000134049,-0.204565567,NONE,-0.136381589,NONE,-2.28,0.05,-2.47,-0.56,
ENSG00000167306,-0.318867116,NONE,-0.718261236,DOWN,NA,NA,NA,NA,
ENSG00000134440,0.003064714,NONE,-0.054424642,NONE,-0.78,-1.22,-1.69,-0.95,
ENSG00000141447,0.062833154,NONE,-0.127871701,NONE,0.02,0.06,-0.14,-0.45,
ENSG00000078142,0.022079891,NONE,-0.133981763,NONE,-0.46,-0.61,-0.42,0.07,
ENSG00000091164,-0.17442259,NONE,-0.208380096,NONE,-0.26,0.68,-0.6,-0.28,
ENSG00000142303,0.055642528,NONE,0.069971834,NONE,0.54,0.26,0.51,1.04,
ENSG00000125652,-0.05270776,NONE,-0.05994633,NONE,-1.16,-3.18,-1.38,-0.53,
ENSG00000198356,0.163209897,NONE,0.067537964,NONE,-0.25,0.22,-0.8,-0.39,
ENSG00000104979,-0.111411944,NONE,0.04541305,NONE,0.18,-0.04,-0.69,0.67,
ENSG00000130813,-0.13644309,NONE,-0.135183398,NONE,-0.13,0.32,-1.82,0.64,
ENSG00000174917,-0.114581672,NONE,-0.158179147,NONE,-1.73,-1.76,-4.46,-0.57,
ENSG00000183397,-0.049146216,NONE,0.07621826,NONE,NA,NA,NA,NA,
ENSG00000105401,-0.136282205,NONE,-0.072354935,NONE,-0.14,-0.36,-2.18,-1.32,
ENSG00000176533,-0.234363237,NONE,0.111134668,NONE,1,1.14,1.4,0.79,
ENSG00000130332,0.008620613,NONE,-0.021283095,NONE,-0.74,-1.11,-0.73,-0.19,
ENSG00000183617,-0.078334537,NONE,-0.015970027,NONE,0.04,-0.76,-1,0.76,
ENSG00000074842,0.051826775,NONE,-0.00886749,NONE,NA,NA,NA,NA,
ENSG00000174886,-0.172961207,NONE,-0.253877142,NONE,-0.23,-0.69,-1.25,-0.23,
ENSG00000115286,0.036249884,NONE,-0.199275862,NONE,0.31,-0.06,-0.14,0.04,
ENSG00000229833,-0.098064391,NONE,-0.0203431,NONE,-0.36,-0.06,-1.29,0.31,
ENSG00000104886,0.019329662,NONE,-0.045636943,NONE,-0.83,-2.39,-1.36,-0.58,
ENSG00000130175,-0.059666274,NONE,-0.13101697,NONE,0.69,0.56,1.03,0.2,
ENSG00000130255,-0.008548085,NONE,-0.01052281,NONE,-0.04,0.55,-0.27,1.37,
ENSG00000172009,-0.003582131,NONE,-0.167272771,NONE,0,-0.28,-0.23,0.51,
ENSG00000105518,-0.088851129,NONE,-0.047454894,NONE,-0.9,-2.73,-1.13,-1.13,
ENSG00000198258,0.022187874,NONE,-0.061422875,NONE,-1.86,-0.18,-2.33,-0.39,
ENSG00000127540,-0.071139709,NONE,-0.07570526,NONE,0.09,0.14,0.06,0.19,
ENSG00000105583,-0.03402666,NONE,-0.089843609,NONE,-0.41,0,-0.65,0.17,
ENSG00000171295,0.026363568,NONE,-0.049487266,NONE,0.79,-0.04,0.6,1.08,
ENSG00000186300,0.105835289,NONE,0.02041792,NONE,NA,NA,NA,NA,
ENSG00000130544,-0.192439138,NONE,-0.244251971,NONE,NA,NA,NA,NA,
ENSG00000198551,0.118046439,NONE,0.015004212,NONE,-0.85,-0.87,-0.65,-0.47,
ENSG00000173875,-0.054683628,NONE,-0.172351612,NONE,-0.34,-1.22,-0.56,-0.02,
ENSG00000254901,-0.269999319,DOWN,-0.275527602,DOWN,NA,NA,NA,NA,
ENSG00000126247,-0.177854353,NONE,0.003051512,NONE,0.03,0.02,-0.11,0.27,
ENSG00000105669,-0.264663537,DOWN,-0.147056181,NONE,-0.23,-0.57,-0.44,-0.95,
ENSG00000126267,-0.149582347,NONE,0.070888551,NONE,-0.89,-0.08,-2.39,0.03,
ENSG00000105671,0.099817838,NONE,-0.058511771,NONE,-0.64,-3.57,-1.72,-0.22,
ENSG00000105058,0.059774066,NONE,0.099439715,NONE,0.16,-0.07,-0.22,0.09,
ENSG00000105135,0.160498357,NONE,0.066388611,NONE,1.02,0.37,1.45,0.44,
ENSG00000262860,NA,NA,NA,NA,0.44,0.87,3.29,0.01,
ENSG00000130520,-0.129018899,NONE,-0.210949236,NONE,-1.07,-2.33,-3.36,-0.51,
ENSG00000099795,-0.102142232,NONE,0.099334275,NONE,0.18,0.03,-0.24,0.64,
ENSG00000126249,-0.059719093,NONE,-0.0157435,NONE,-0.22,-1.43,-1.3,0.14,
ENSG00000105258,-0.226961153,NONE,-0.164196847,NONE,0.01,0.26,0.05,0.53,
ENSG00000105171,-0.060326603,NONE,-0.003666597,NONE,-1.77,-1.14,-0.55,-3.36,
ENSG00000205155,-0.039113983,NONE,0.006689793,NONE,-0.09,0.27,-0.89,0.25,
ENSG00000167461,0.10907451,NONE,0.06999352,NONE,1.15,1.63,0.73,0.29,
ENSG00000105640,0.044787571,NONE,-0.12105992,NONE,-1,-0.22,-0.09,-0.36,
ENSG00000205138,0.149290588,NONE,-0.062662204,NONE,-2.03,-3.04,-2.75,-1.58,
ENSG00000105254,-0.144643476,NONE,-0.111183977,NONE,0.1,-0.32,-0.21,-0.08,
ENSG00000105677,0.006459851,NONE,0.136431573,NONE,0.23,0.07,0.19,0.5,
ENSG00000221983,-0.031474709,NONE,-0.078405764,NONE,-0.95,-1.32,-0.52,-0.39,red
ENSG00000169021,0.116767443,NONE,-0.011420385,NONE,-0.59,-0.17,-0.41,-1.01,
ENSG00000233527,-0.08706334,NONE,0.024661745,NONE,NA,NA,NA,NA,
ENSG00000197863,0.028792259,NONE,0.074307744,NONE,0.19,0.11,0.07,-1.08,
ENSG00000090013,0.01974484,NONE,0.23160301,NONE,-0.59,-0.16,-0.43,-0.57,
ENSG00000090932,0.036870517,NONE,-0.203324072,NONE,-0.3,-0.44,-1.46,0.35,
ENSG00000104936,0.040776299,NONE,0.121967896,NONE,2.32,0.67,2.54,2.5,
ENSG00000269858,-0.10372968,NONE,-0.05590438,NONE,1,0.73,0.59,0.66,
ENSG00000012061,-0.161648729,NONE,-0.064837692,NONE,0.11,-0.47,-0.2,-0.02,
ENSG00000077348,-0.176564032,NONE,-0.134809169,NONE,-0.69,-2.54,-2.67,-0.09,
ENSG00000104863,-0.202064581,NONE,-0.340628796,DOWN,-1.44,-1.74,-3.69,-0.17,
ENSG00000104872,-0.04142701,NONE,-0.160953979,NONE,-0.34,-1.05,-1.06,-0.61,
ENSG00000099341,0.069053199,NONE,-0.06669506,NONE,-1.31,-0.48,-2.62,-1.8,
ENSG00000063177,-0.141735307,NONE,-0.077796458,NONE,-0.11,-0.4,-0.11,0.34,
ENSG00000183207,-0.094236502,NONE,-0.073099331,NONE,0.01,-1.54,-0.67,0.16,
ENSG00000178980,-0.024894374,NONE,0.006031724,NONE,NA,NA,NA,NA,
ENSG00000125743,-0.034197776,NONE,-0.014017998,NONE,-0.25,-0.45,-0.43,0.67,
ENSG00000167642,-0.109408397,NONE,-0.269416797,DOWN,-0.76,-1.52,-2.7,-0.25,
ENSG00000167645,-0.040302306,NONE,-0.046055605,NONE,0.04,-0.14,-0.24,0.07,
ENSG00000120784,0.109912278,NONE,-0.050547874,NONE,0.29,-0.13,1.91,0.51,
ENSG00000159882,0.028617545,NONE,0.022548117,NONE,NA,NA,NA,NA,
ENSG00000196437,0.242785861,NONE,0.009475108,NONE,NA,NA,NA,NA,
ENSG00000124444,0.122353307,NONE,-0.008448383,NONE,0.14,-0.73,0.06,-0.76,
ENSG00000185869,0.163720809,NONE,-0.072673845,NONE,NA,NA,NA,NA,
ENSG00000130724,0.025043068,NONE,-0.05194818,NONE,-0.74,-0.45,-0.83,-0.19,
ENSG00000101266,0.089320197,NONE,-0.050119219,NONE,-0.89,-0.45,-0.59,-1.93,
ENSG00000142396,-0.146921085,NONE,-0.098936498,NONE,-0.63,0.01,-0.23,-0.17,
ENSG00000105379,-0.396339665,DOWN,-0.315504782,DOWN,-0.52,-1.73,-0.21,-0.41,
ENSG00000142530,-0.148739652,NONE,-0.218690378,NONE,-2.76,-2.9,-5.36,-1.07,
ENSG00000063241,-0.013058767,NONE,0.020131477,NONE,-0.52,-0.66,-1.21,-0.48,
ENSG00000276458,NA,NA,NA,NA,0.04,-0.92,-0.21,-0.14,
ENSG00000276061,NA,NA,NA,NA,0.02,0.11,-0.46,0.38,
ENSG00000142546,-0.064520867,NONE,-0.058998357,NONE,0.5,-0.13,0.26,0.11,
ENSG00000126457,-0.049921604,NONE,-0.102330715,NONE,0.04,0.44,-0.47,0.09,
ENSG00000083845,-0.05983565,NONE,-0.006461491,NONE,-0.89,0.05,0.1,-0.5,
ENSG00000083807,-0.231371911,NONE,-0.173552309,NONE,0.06,0.09,-0.03,1.73,
ENSG00000177732,0.133386084,NONE,0.080849911,NONE,3.38,2.08,2.16,2.78,
ENSG00000104946,-0.014200088,NONE,0.017688444,NONE,1.43,1.67,0.69,1.12,
ENSG00000125875,0.088293334,NONE,0.103831869,NONE,1.91,1.12,3.68,2.04,
ENSG00000256060,0.08954679,NONE,-0.16921772,NONE,NA,NA,NA,NA,
ENSG00000105053,-0.060121882,NONE,-0.104383293,NONE,-0.94,-0.44,-0.55,-1.7,
ENSG00000171649,0.078895771,NONE,-0.045497671,NONE,NA,NA,NA,NA,
ENSG00000181894,0.253366508,NONE,0.016340708,NONE,-0.21,-0.16,-0.16,-0.57,
ENSG00000105136,-0.040960881,NONE,-0.100395649,NONE,-0.28,-0.12,-0.74,0.55,
ENSG00000178935,-0.145496507,NONE,-0.204599638,NONE,NA,NA,NA,NA,
ENSG00000083828,0.133386218,NONE,-0.005026895,NONE,NA,NA,NA,NA,
ENSG00000083814,0.072655966,NONE,0.069425764,NONE,0.39,-0.47,0.32,-0.04,
ENSG00000101444,0.072827992,NONE,-0.041449712,NONE,-0.22,-0.74,-0.35,-0.59,
ENSG00000101474,0.338196994,UP,-0.022861569,NONE,-0.21,-1.63,-1.61,-0.81,
ENSG00000171456,0.111492569,NONE,0.108643468,NONE,1.2,2.51,1.41,0.28,
ENSG00000171552,-0.004661473,NONE,0.139552623,NONE,2.31,2.59,3.05,2.01,
ENSG00000078699,0.016257635,NONE,-0.103174796,NONE,-1.23,-0.35,-1.21,-3.61,
ENSG00000242372,0.048202852,NONE,-0.009890072,NONE,0,-0.36,-0.63,0.63,
ENSG00000125991,-0.044114818,NONE,-0.063702006,NONE,-0.06,0.31,-0.11,0.76,
ENSG00000101365,0.092108356,NONE,-0.040442389,NONE,-0.73,-0.43,-1.3,-0.95,
ENSG00000125877,-0.385551063,DOWN,-0.190304972,NONE,-0.35,-1.53,-0.88,0.15,
ENSG00000172264,0.066317804,NONE,-0.424463132,DOWN,0.38,-0.4,-0.21,0.84,
ENSG00000125901,-0.10271918,NONE,0.033540412,NONE,-0.59,-0.59,-2.28,0.04,
ENSG00000244005,-0.16832843,NONE,-0.007686586,NONE,-2.18,-1.66,-3.07,-1.59,
ENSG00000232838,NA,NA,NA,NA,-2.12,-1.82,-1.96,-0.68,
ENSG00000025293,0.225521079,NONE,-0.039250579,NONE,0.35,-0.6,-0.15,0.94,
ENSG00000244462,0.080454159,NONE,-0.048198622,NONE,-1.01,-0.33,0.05,-2.06,
ENSG00000125995,-0.218565309,NONE,0.088419022,NONE,-0.06,-0.04,-0.49,0.13,
ENSG00000232388,-0.150648039,NONE,0.020185985,NONE,NA,NA,NA,NA,
ENSG00000088930,-0.032262998,NONE,0.255076247,NONE,1.29,0.82,2.89,0.53,
ENSG00000130706,0.093189925,NONE,0.057360621,NONE,0.37,0.14,-0.08,0.83,
ENSG00000124172,-0.267828088,DOWN,-0.092421935,NONE,NA,NA,NA,NA,
ENSG00000101132,-0.052235622,NONE,-0.181443586,NONE,-1.29,-0.38,-3.42,-0.42,
ENSG00000124181,0.342172513,UP,0.256140205,NONE,1.14,2.17,2.53,0.15,
ENSG00000101182,0.100306755,NONE,0.046859783,NONE,0.09,0.32,-0.09,0.39,
ENSG00000171858,0.0674892,NONE,0.135962453,NONE,0.52,1.9,0.19,0.15,
ENSG00000174365,-0.121283549,NONE,-0.104747164,NONE,-0.3,-0.43,-0.26,1.18,
ENSG00000184402,0.028389338,NONE,-0.211770895,NONE,-0.76,-0.18,-2.86,-0.74,
ENSG00000177410,-0.139320394,NONE,-0.149858583,NONE,NA,NA,NA,NA,
ENSG00000241837,-0.246669866,NONE,-0.173265279,NONE,NA,NA,NA,NA,
ENSG00000160226,0.027639983,NONE,-0.161923177,NONE,-1.09,-2.09,-1.68,-0.39,
ENSG00000142156,-0.025973787,NONE,0.331714432,UP,1.81,1.7,1.53,2.07,
ENSG00000154639,-0.125273469,NONE,-0.223881734,NONE,-0.11,-0.04,0.2,0.38,
ENSG00000159147,0.020824858,NONE,-0.030021392,NONE,-0.48,0.12,0.19,-0.18,
ENSG00000159267,0.141599866,NONE,-0.175879141,NONE,0.76,0.07,0.75,-0.12,
ENSG00000142166,0.159601552,NONE,0.140692101,NONE,-0.05,-0.06,0.88,-1.19,
ENSG00000198862,0.322160002,UP,0.097862172,NONE,NA,NA,NA,NA,
ENSG00000180530,0.527659432,UP,0.012754342,NONE,-0.81,-1.01,-0.91,-0.59,
ENSG00000198618,0.184044874,NONE,-0.029963848,NONE,0.12,-0.85,-0.15,-0.1,
ENSG00000182093,0.006081228,NONE,-0.022670777,NONE,-0.52,-0.12,-0.3,-0.48,
ENSG00000128185,-0.254831365,NONE,-0.014703918,NONE,-0.05,-0.2,-0.75,0.92,
ENSG00000185721,-0.004221004,NONE,-0.022914637,NONE,-1.95,-2.73,-3.72,-0.48,
ENSG00000185608,-0.065853667,NONE,0.000512012,NONE,-0.3,-0.35,-1.41,0.88,
ENSG00000100029,-0.080442597,NONE,-0.062673114,NONE,0.8,-0.76,0.25,1.93,
ENSG00000099901,0.1561837,NONE,-0.209503831,NONE,-2.26,-0.83,-2.89,-2.45,
ENSG00000099999,-0.266535622,DOWN,-0.183613073,NONE,-0.38,-1.72,-1.55,-0.71,
ENSG00000184436,-0.272373072,DOWN,-0.118518035,NONE,-0.05,-0.54,-0.45,1.79,
ENSG00000100154,-0.1204474,NONE,0.123339266,NONE,0.48,0.7,0.59,1.17,
ENSG00000253352,-0.17410104,NONE,0.095275231,NONE,0.03,-0.41,1.3,-0.03,
ENSG00000184470,-0.0878846,NONE,-0.192454329,NONE,-0.81,-0.42,-0.76,0.36,
ENSG00000184076,-0.068511727,NONE,0.085206453,NONE,-3.98,-0.68,-3.08,-0.57,
ENSG00000100319,0.106388396,NONE,0.073675125,NONE,-0.34,-0.22,-0.7,0.27,
ENSG00000130638,0.070359516,NONE,-0.060250682,NONE,-1.23,-0.92,-0.77,-3.13,
ENSG00000184164,0.035738745,NONE,-0.11673473,NONE,-3.04,-2.33,-2.84,-5.58,
ENSG00000213923,-0.09739004,NONE,-0.033084422,NONE,1.24,0.99,1.78,0.1,
ENSG00000186976,-0.487387907,DOWN,-0.478987099,DOWN,NA,NA,NA,NA,
ENSG00000100353,-0.078040445,NONE,-0.07056048,NONE,-0.71,-3.22,-1.33,-0.22,
ENSG00000100129,0.296271597,UP,-0.089109257,NONE,-0.24,-0.69,-0.08,0.12,
ENSG00000100393,0.033033486,NONE,0.161597292,NONE,1.65,2.88,3.3,0.43,red
ENSG00000100335,0.191853453,NONE,0.023754437,NONE,NA,NA,NA,NA,
ENSG00000100410,-0.105627764,NONE,0.109796343,NONE,-0.75,0.02,-0.34,-0.46,
ENSG00000100417,0.082191522,NONE,-0.049607548,NONE,-1.16,-1.96,-0.99,-1.83,
ENSG00000100227,0.226287607,NONE,0.422476899,UP,1.86,2.57,3.84,0.6,
ENSG00000102054,0.000564459,NONE,0.029861218,NONE,-0.55,1.04,-0.5,0.6,
ENSG00000100387,-0.211076212,NONE,-0.098221963,NONE,0.01,0.44,-0.93,0.56,
ENSG00000100316,-0.222957502,NONE,-0.107383018,NONE,-0.26,-1.52,-0.22,-0.08,
ENSG00000187051,0.086777743,NONE,0.054722879,NONE,0.59,-0.01,1.24,1.6,
ENSG00000100220,0.137287784,NONE,0.022978938,NONE,NA,NA,NA,NA,
ENSG00000100372,-0.202490006,NONE,-0.116361615,NONE,-0.07,-1.55,-1.09,0,
ENSG00000169895,0.063509861,NONE,-0.029647459,NONE,0.11,-0.74,0.21,-0.14,
ENSG00000198792,0.142021699,NONE,0.23715977,NONE,3.77,4.19,6.87,1.71,
ENSG00000205542,0.012225535,NONE,-0.300966673,DOWN,-2.31,-2.11,-1.57,-2.47,
ENSG00000100354,-0.131695614,NONE,0.019611051,NONE,1.86,0.09,1.01,1.84,
ENSG00000100216,-0.071288317,NONE,-0.05497292,NONE,0.32,0.05,-0.62,1.54,
ENSG00000170638,0.128618224,NONE,0.069985227,NONE,1.27,1.83,2.1,3.23,
ENSG00000196419,0.22036599,NONE,0.080933834,NONE,-0.47,-1.11,-0.42,-0.93,
ENSG00000169249,-0.245171224,NONE,-0.155142851,NONE,0.32,0.56,0.29,0.68,
ENSG00000182220,-0.023195627,NONE,-0.094492119,NONE,-1.88,-0.8,-2.23,-2.92,
ENSG00000165169,0.07726537,NONE,-0.167411932,NONE,-2.34,-1.33,-2.48,-2.44,
ENSG00000069509,-0.012146453,NONE,0.011433434,NONE,-1.63,-0.08,-1.43,-1.06,
ENSG00000102316,0.112122037,NONE,0.131363998,NONE,-0.52,-0.06,-0.31,-0.52,
ENSG00000187601,0.230937721,NONE,0.010050338,NONE,-1.77,-1.31,-1.34,-3.03,
ENSG00000147123,-0.012581133,NONE,-0.000909806,NONE,-0.47,-0.01,-0.63,0.04,
ENSG00000102103,-0.128050808,NONE,-0.020148469,NONE,0.82,0.81,-0.09,2.19,
ENSG00000102100,0.021693137,NONE,-0.059929439,NONE,-0.53,-1.47,-0.74,-1.07,
ENSG00000186787,0.083134298,NONE,-0.071109502,NONE,-1.32,-0.95,-4.02,-1.72,
ENSG00000068323,0.133943926,NONE,0.190346455,NONE,0.09,0.44,1.23,0.04,
ENSG00000126768,-0.156549811,NONE,-0.17749488,NONE,-0.85,-1.44,-2.45,0.02,
ENSG00000247746,-0.255998392,NONE,-0.080170126,NONE,NA,NA,NA,NA,
ENSG00000124486,0.135233444,NONE,0.136645354,NONE,-0.04,0,0.71,-1.33,
ENSG00000251192,-0.040373339,NONE,-0.21034089,NONE,NA,NA,NA,NA,
ENSG00000131269,0.122233721,NONE,0.236054211,NONE,-0.62,0.59,0.61,-0.82,
ENSG00000126947,0.08181058,NONE,0.012657688,NONE,-1.05,-0.22,-1.17,-0.51,
ENSG00000102401,0.160515419,NONE,-0.101543147,NONE,0.27,-0.07,0.46,-0.26,
ENSG00000198960,0.337660194,UP,0.245634222,NONE,0.03,0.32,-0.09,0.18,
ENSG00000133134,0.021446488,NONE,-0.207337088,NONE,-2.1,-2.43,-4.8,-2.34,
ENSG00000166681,0.003033589,NONE,-0.151720939,NONE,NA,NA,NA,NA,
ENSG00000102409,-0.062859,NONE,-0.164133298,NONE,-2.44,-1.06,-5.02,-2.17,
ENSG00000184515,-0.117303746,NONE,-0.384160478,DOWN,-0.66,-1.35,-3.44,-0.48,
ENSG00000131174,-0.130244696,NONE,-0.138204236,NONE,-1.32,-0.68,-3.26,-1.21,
ENSG00000018610,-0.139191832,NONE,-0.118740253,NONE,-1.34,-2.63,-2.47,-0.72,
ENSG00000198932,-0.008402407,NONE,-0.42258053,DOWN,-2.59,-3.38,-3.08,-3.01,
ENSG00000147246,0.096855107,NONE,-0.182112568,NONE,NA,NA,NA,NA,
ENSG00000089289,-0.014549918,NONE,-0.021267702,NONE,-0.08,0.3,-0.2,-0.08,
ENSG00000225470,-0.152825108,NONE,-0.178787396,NONE,1.62,-0.17,0.31,1.44,
ENSG00000120509,-0.024130747,NONE,0.03441979,NONE,-2.69,-0.61,-5.71,-1.75,
ENSG00000102309,-0.169201433,NONE,-0.14998704,NONE,-0.02,0.05,-1.02,0.19,
ENSG00000147224,0.230973682,NONE,0.007991998,NONE,-0.77,-1.07,-0.48,-1.92,
ENSG00000101843,-0.013116083,NONE,0.004995664,NONE,-1.36,-0.9,-1.63,-1.66,
ENSG00000005022,0.157759059,NONE,0.12989497,NONE,-0.5,0.04,0.03,-0.96,
ENSG00000172465,0.125970224,NONE,0.047803858,NONE,-0.06,1.63,-0.12,0.24,
ENSG00000182916,-0.044147555,NONE,-0.201293372,NONE,-1.14,-0.62,-1.86,-1.2,
ENSG00000180964,0.049756405,NONE,0.048252678,NONE,-0.09,0.22,-0.61,0.01,
ENSG00000185825,0.047179774,NONE,0.004156862,NONE,0.01,-1.34,-0.49,0.2,
ENSG00000262919,-0.017699095,NONE,-0.105871232,NONE,NA,NA,NA,NA,
ENSG00000147400,-0.135457353,NONE,0.151705494,NONE,-0.25,-0.87,-1.11,0.04,
ENSG00000197620,0.150642689,NONE,-0.168131397,NONE,-0.84,-0.88,-1.47,-1.46,
ENSG00000197021,0.234938007,NONE,-0.042523635,NONE,-1.01,-2.07,-0.69,-0.64,
ENSG00000185010,-0.129573443,NONE,-0.065291652,NONE,-0.55,-0.21,-2.02,-0.73,
ENSG00000165775,-0.04281592,NONE,0.035780763,NONE,0.58,0.14,0.1,0.31,
ENSG00000171004,0.073718214,NONE,-0.534711003,DOWN,-1.42,-1.28,-1.92,-1.43,
ENSG00000196976,-0.019299929,NONE,0.037915512,NONE,-0.79,-0.75,-1.64,-0.21,
ENSG00000125356,-0.152090171,NONE,0.063895525,NONE,-0.14,-0.13,-1.2,0.17,
ENSG00000125352,0.071435522,NONE,-0.13809867,NONE,0.09,0.85,-1.05,0.83,
ENSG00000147403,-0.1088324,NONE,-0.041071267,NONE,-2.73,-0.94,-0.51,-2.91,
ENSG00000198918,0.053518096,NONE,-0.001573359,NONE,-0.14,0.33,0.56,0,
ENSG00000180879,-0.105145573,NONE,-0.125189653,NONE,-1.84,-2.62,-2.93,-0.88,